source,graph_index,graph6,n,m,leaf,neighbour,neighbour_degree,sibling_leaf_count,reduced_graph6,reduced_n,reduced_m,alpha,reduced_alpha_plus_offset,optimum_count,lifted_optimum_count,lifted_optimum_coverage,endpoint_projector_obstruction,initial_projector_distance,original_minimum_gap,original_minimum_gap_s,reduced_minimum_gap,reduced_minimum_gap_s,native_gap_distortion,scale_controls
atlas,0,Bo,3,2,1,0,2,2,@,1,0,2,2,1,1,1.0,False,1.0,0.7150264191663728,0.54,1.0,0.5,1.3985497223527337,"[{""gap_distortion"": 1.3985497223527337, ""minimum_gap"": 1.0, ""minimum_gap_s"": 0.5, ""omega_scale"": 1.0}, {""gap_distortion"": 2.4223591760262813, ""minimum_gap"": 1.7320508075688772, ""minimum_gap_s"": 0.5, ""omega_scale"": 1.7320508075688772}, {""gap_distortion"": 2.9202575538628577, ""minimum_gap"": 2.08806130178211, ""minimum_gap_s"": 0.02, ""omega_scale"": 3.0}]"
atlas,0,Bo,3,2,2,0,2,2,@,1,0,2,2,1,1,1.0,False,1.0,0.7150264191663728,0.54,1.0,0.5,1.3985497223527337,"[{""gap_distortion"": 1.3985497223527337, ""minimum_gap"": 1.0, ""minimum_gap_s"": 0.5, ""omega_scale"": 1.0}, {""gap_distortion"": 2.4223591760262813, ""minimum_gap"": 1.7320508075688772, ""minimum_gap_s"": 0.5, ""omega_scale"": 1.7320508075688772}, {""gap_distortion"": 2.9202575538628577, ""minimum_gap"": 2.08806130178211, ""minimum_gap_s"": 0.02, ""omega_scale"": 3.0}]"
atlas,1,CF,4,3,0,3,3,3,A?,2,0,3,3,1,1,1.0,False,1.0,0.8638475452747836,0.48000000000000004,1.0,0.5,1.1576116705661383,"[{""gap_distortion"": 1.1576116705661383, ""minimum_gap"": 1.0, ""minimum_gap_s"": 0.5, ""omega_scale"": 1.0}, {""gap_distortion"": 1.637110124476008, ""minimum_gap"": 1.414213562373095, ""minimum_gap_s"": 0.5, ""omega_scale"": 1.4142135623730951}, {""gap_distortion"": 2.3152233411322767, ""minimum_gap"": 2.0, ""minimum_gap_s"": 0.5, ""omega_scale"": 2.0}]"
atlas,1,CF,4,3,1,3,3,3,A?,2,0,3,3,1,1,1.0,False,1.0,0.8638475452747836,0.48000000000000004,1.0,0.5,1.1576116705661383,"[{""gap_distortion"": 1.1576116705661383, ""minimum_gap"": 1.0, ""minimum_gap_s"": 0.5, ""omega_scale"": 1.0}, {""gap_distortion"": 1.637110124476008, ""minimum_gap"": 1.414213562373095, ""minimum_gap_s"": 0.5, ""omega_scale"": 1.4142135623730951}, {""gap_distortion"": 2.3152233411322767, ""minimum_gap"": 2.0, ""minimum_gap_s"": 0.5, ""omega_scale"": 2.0}]"
atlas,1,CF,4,3,2,3,3,3,A?,2,0,3,3,1,1,1.0,False,1.0,0.8638475452747836,0.48000000000000004,1.0,0.5,1.1576116705661383,"[{""gap_distortion"": 1.1576116705661383, ""minimum_gap"": 1.0, ""minimum_gap_s"": 0.5, ""omega_scale"": 1.0}, {""gap_distortion"": 1.637110124476008, ""minimum_gap"": 1.414213562373095, ""minimum_gap_s"": 0.5, ""omega_scale"": 1.4142135623730951}, {""gap_distortion"": 2.3152233411322767, ""minimum_gap"": 2.0, ""minimum_gap_s"": 0.5, ""omega_scale"": 2.0}]"
atlas,2,Ck,4,3,2,1,2,1,A_,2,1,2,2,3,2,0.6666666666666666,True,1.0,0.00704839619035269,0.98,0.00995049383620783,0.98,1.4117387228923526,"[{""gap_distortion"": 1.4117387228923526, ""minimum_gap"": 0.00995049383620783, ""minimum_gap_s"": 0.98, ""omega_scale"": 1.0}, {""gap_distortion"": 2.8097033968753533, ""minimum_gap"": 0.019803902718557254, ""minimum_gap_s"": 0.98, ""omega_scale"": 1.4142135623730951}, {""gap_distortion"": 5.565873921080402, ""minimum_gap"": 0.039230484541326494, ""minimum_gap_s"": 0.98, ""omega_scale"": 2.0}]"
atlas,2,Ck,4,3,3,0,2,1,A_,2,1,2,2,3,2,0.6666666666666666,True,1.0,0.00704839619035269,0.98,0.00995049383620783,0.98,1.4117387228923526,"[{""gap_distortion"": 1.4117387228923526, ""minimum_gap"": 0.00995049383620783, ""minimum_gap_s"": 0.98, ""omega_scale"": 1.0}, {""gap_distortion"": 2.8097033968753533, ""minimum_gap"": 0.019803902718557254, ""minimum_gap_s"": 0.98, ""omega_scale"": 1.4142135623730951}, {""gap_distortion"": 5.565873921080402, ""minimum_gap"": 0.039230484541326494, ""minimum_gap_s"": 0.98, ""omega_scale"": 2.0}]"
atlas,3,CN,4,4,0,3,3,1,A_,2,1,2,2,2,2,1.0,False,1.0,0.009950554578278314,0.98,0.00995049383620783,0.98,1.0000061044277284,"[{""gap_distortion"": 1.0000061044277284, ""minimum_gap"": 0.00995049383620783, ""minimum_gap_s"": 0.98, ""omega_scale"": 1.0}, {""gap_distortion"": 1.9902310532307843, ""minimum_gap"": 0.019803902718557254, ""minimum_gap_s"": 0.98, ""omega_scale"": 1.4142135623730951}, {""gap_distortion"": 3.9425425218977406, ""minimum_gap"": 0.039230484541326494, ""minimum_gap_s"": 0.98, ""omega_scale"": 2.0}]"
atlas,4,D?{,5,4,0,4,4,4,B?,3,0,4,4,1,1,1.0,False,1.0,0.9347560842189921,0.48000000000000004,0.9999999999999996,0.5,1.0697977973960127,"[{""gap_distortion"": 1.0697977973960127, ""minimum_gap"": 0.9999999999999996, ""minimum_gap_s"": 0.5, ""omega_scale"": 1.0}, {""gap_distortion"": 1.381103017708045, ""minimum_gap"": 1.2909944487358056, ""minimum_gap_s"": 0.5, ""omega_scale"": 1.2909944487358056}, {""gap_distortion"": 1.7829963289933557, ""minimum_gap"": 1.666666666666667, ""minimum_gap_s"": 0.5, ""omega_scale"": 1.6666666666666667}]"
atlas,4,D?{,5,4,1,4,4,4,B?,3,0,4,4,1,1,1.0,False,1.0,0.9347560842189921,0.48000000000000004,0.9999999999999996,0.5,1.0697977973960127,"[{""gap_distortion"": 1.0697977973960127, ""minimum_gap"": 0.9999999999999996, ""minimum_gap_s"": 0.5, ""omega_scale"": 1.0}, {""gap_distortion"": 1.381103017708045, ""minimum_gap"": 1.2909944487358056, ""minimum_gap_s"": 0.5, ""omega_scale"": 1.2909944487358056}, {""gap_distortion"": 1.7829963289933557, ""minimum_gap"": 1.666666666666667, ""minimum_gap_s"": 0.5, ""omega_scale"": 1.6666666666666667}]"
atlas,4,D?{,5,4,2,4,4,4,B?,3,0,4,4,1,1,1.0,False,1.0,0.9347560842189921,0.48000000000000004,0.9999999999999996,0.5,1.0697977973960127,"[{""gap_distortion"": 1.0697977973960127, ""minimum_gap"": 0.9999999999999996, ""minimum_gap_s"": 0.5, ""omega_scale"": 1.0}, {""gap_distortion"": 1.381103017708045, ""minimum_gap"": 1.2909944487358056, ""minimum_gap_s"": 0.5, ""omega_scale"": 1.2909944487358056}, {""gap_distortion"": 1.7829963289933557, ""minimum_gap"": 1.666666666666667, ""minimum_gap_s"": 0.5, ""omega_scale"": 1.6666666666666667}]"
atlas,4,D?{,5,4,3,4,4,4,B?,3,0,4,4,1,1,1.0,False,1.0,0.9347560842189921,0.48000000000000004,0.9999999999999996,0.5,1.0697977973960127,"[{""gap_distortion"": 1.0697977973960127, ""minimum_gap"": 0.9999999999999996, ""minimum_gap_s"": 0.5, ""omega_scale"": 1.0}, {""gap_distortion"": 1.381103017708045, ""minimum_gap"": 1.2909944487358056, ""minimum_gap_s"": 0.5, ""omega_scale"": 1.2909944487358056}, {""gap_distortion"": 1.7829963289933557, ""minimum_gap"": 1.666666666666667, ""minimum_gap_s"": 0.5, ""omega_scale"": 1.6666666666666667}]"
atlas,5,DBc,5,4,0,4,2,1,BW,3,2,3,3,2,1,0.5,True,1.0,0.009950493835972907,0.98,0.7150264191663728,0.54,71.85838521716558,"[{""gap_distortion"": 71.85838521716558, ""minimum_gap"": 0.7150264191663728, ""minimum_gap_s"": 0.54, ""omega_scale"": 1.0}, {""gap_distortion"": 92.77512864225376, ""minimum_gap"": 0.9231583456863395, ""minimum_gap_s"": 0.54, ""omega_scale"": 1.2909944487358056}, {""gap_distortion"": 119.70723266326122, ""minimum_gap"": 1.1911460807371554, ""minimum_gap_s"": 0.56, ""omega_scale"": 1.6666666666666667}]"
atlas,5,DBc,5,4,1,3,3,2,BO,3,1,3,3,2,2,1.0,False,1.0,0.009950493835972907,0.98,0.009950493836209162,0.98,1.000000000023743,"[{""gap_distortion"": 1.000000000023743, ""minimum_gap"": 0.009950493836209162, ""minimum_gap_s"": 0.98, ""omega_scale"": 1.0}, {""gap_distortion"": 1.6612286523275788, ""minimum_gap"": 0.016530045465127152, ""minimum_gap_s"": 0.98, ""omega_scale"": 1.2909944487358056}, {""gap_distortion"": 2.7538667205738525, ""minimum_gap"": 0.02740233382816104, ""minimum_gap_s"": 0.98, ""omega_scale"": 1.6666666666666667}]"
atlas,5,DBc,5,4,2,3,3,2,BO,3,1,3,3,2,2,1.0,False,1.0,0.009950493835972907,0.98,0.009950493836209162,0.98,1.000000000023743,"[{""gap_distortion"": 1.000000000023743, ""minimum_gap"": 0.009950493836209162, ""minimum_gap_s"": 0.98, ""omega_scale"": 1.0}, {""gap_distortion"": 1.6612286523275788, ""minimum_gap"": 0.016530045465127152, ""minimum_gap_s"": 0.98, ""omega_scale"": 1.2909944487358056}, {""gap_distortion"": 2.7538667205738525, ""minimum_gap"": 0.02740233382816104, ""minimum_gap_s"": 0.98, ""omega_scale"": 1.6666666666666667}]"
atlas,6,Dh_,5,4,3,2,2,1,Bo,3,2,3,3,1,1,1.0,False,1.0,0.5602245440237708,0.56,0.7150264191663728,0.54,1.2763211230103364,"[{""gap_distortion"": 1.2763211230103364, ""minimum_gap"": 0.7150264191663728, ""minimum_gap_s"": 0.54, ""omega_scale"": 1.0}, {""gap_distortion"": 1.6478363105190357, ""minimum_gap"": 0.9231583456863395, ""minimum_gap_s"": 0.54, ""omega_scale"": 1.2909944487358056}, {""gap_distortion"": 2.1261940295972006, ""minimum_gap"": 1.1911460807371554, ""minimum_gap_s"": 0.56, ""omega_scale"": 1.6666666666666667}]"
atlas,6,Dh_,5,4,4,0,2,1,Bg,3,2,3,3,1,1,1.0,False,1.0,0.5602245440237708,0.56,0.7150264191663728,0.54,1.2763211230103364,"[{""gap_distortion"": 1.2763211230103364, ""minimum_gap"": 0.7150264191663728, ""minimum_gap_s"": 0.54, ""omega_scale"": 1.0}, {""gap_distortion"": 1.6478363105190361, ""minimum_gap"": 0.9231583456863397, ""minimum_gap_s"": 0.54, ""omega_scale"": 1.2909944487358056}, {""gap_distortion"": 2.1261940295972006, ""minimum_gap"": 1.1911460807371554, ""minimum_gap_s"": 0.56, ""omega_scale"": 1.6666666666666667}]"
atlas,7,D@{,5,5,0,4,4,2,BG,3,1,3,3,2,2,1.0,False,1.0,0.009950493911690117,0.98,0.009950493836209162,0.98,1.0000000075856492,"[{""gap_distortion"": 1.0000000075856492, ""minimum_gap"": 0.009950493836209162, ""minimum_gap_s"": 0.98, ""omega_scale"": 1.0}, {""gap_distortion"": 1.6612286396867277, ""minimum_gap"": 0.01653004546512804, ""minimum_gap_s"": 0.98, ""omega_scale"": 1.2909944487358056}, {""gap_distortion"": 2.7538666996186896, ""minimum_gap"": 0.02740233382816193, ""minimum_gap_s"": 0.98, ""omega_scale"": 1.6666666666666667}]"
atlas,7,D@{,5,5,1,4,4,2,BG,3,1,3,3,2,2,1.0,False,1.0,0.009950493911690117,0.98,0.009950493836209162,0.98,1.0000000075856492,"[{""gap_distortion"": 1.0000000075856492, ""minimum_gap"": 0.009950493836209162, ""minimum_gap_s"": 0.98, ""omega_scale"": 1.0}, {""gap_distortion"": 1.6612286396867277, ""minimum_gap"": 0.01653004546512804, ""minimum_gap_s"": 0.98, ""omega_scale"": 1.2909944487358056}, {""gap_distortion"": 2.7538666996186896, ""minimum_gap"": 0.02740233382816193, ""minimum_gap_s"": 0.98, ""omega_scale"": 1.6666666666666667}]"
atlas,8,Dx_,5,5,3,2,3,1,Bo,3,2,3,3,1,1,1.0,False,1.0,0.7031841094451778,0.56,0.7150264191663728,0.54,1.016840980281165,"[{""gap_distortion"": 1.016840980281165, ""minimum_gap"": 0.7150264191663728, ""minimum_gap_s"": 0.54, ""omega_scale"": 1.0}, {""gap_distortion"": 1.312825948832553, ""minimum_gap"": 0.9231583456863395, ""minimum_gap_s"": 0.54, ""omega_scale"": 1.2909944487358056}, {""gap_distortion"": 1.6939320225495234, ""minimum_gap"": 1.1911460807371554, ""minimum_gap_s"": 0.56, ""omega_scale"": 1.6666666666666667}]"
atlas,8,Dx_,5,5,4,0,3,1,Bg,3,2,3,3,1,1,1.0,False,1.0,0.7031841094451778,0.56,0.7150264191663728,0.54,1.016840980281165,"[{""gap_distortion"": 1.016840980281165, ""minimum_gap"": 0.7150264191663728, ""minimum_gap_s"": 0.54, ""omega_scale"": 1.0}, {""gap_distortion"": 1.3128259488325533, ""minimum_gap"": 0.9231583456863397, ""minimum_gap_s"": 0.54, ""omega_scale"": 1.2909944487358056}, {""gap_distortion"": 1.6939320225495234, ""minimum_gap"": 1.1911460807371554, ""minimum_gap_s"": 0.56, ""omega_scale"": 1.6666666666666667}]"
atlas,9,DJc,5,5,0,4,2,1,Bw,3,3,2,2,5,3,0.6,True,1.0,0.008920767321672685,0.98,0.014889156509222179,0.98,1.6690443739127134,"[{""gap_distortion"": 1.6690443739127134, ""minimum_gap"": 0.014889156509222179, ""minimum_gap_s"": 0.98, ""omega_scale"": 1.0}, {""gap_distortion"": 2.7682682111847177, ""minimum_gap"": 0.02469507659596193, ""minimum_gap_s"": 0.98, ""omega_scale"": 1.2909944487358056}, {""gap_distortion"": 4.57729680202108, ""minimum_gap"": 0.04083299973306653, ""minimum_gap_s"": 0.98, ""omega_scale"": 1.6666666666666667}]"
atlas,10,DbW,5,5,0,1,3,1,Bo,3,2,3,3,1,1,1.0,False,1.0,0.5638397561332846,0.54,0.7150264191663728,0.54,1.2681376426343187,"[{""gap_distortion"": 1.2681376426343187, ""minimum_gap"": 0.7150264191663728, ""minimum_gap_s"": 0.54, ""omega_scale"": 1.0}, {""gap_distortion"": 1.637270759368228, ""minimum_gap"": 0.9231583456863395, ""minimum_gap_s"": 0.54, ""omega_scale"": 1.2909944487358056}, {""gap_distortion"": 2.1125613576911086, ""minimum_gap"": 1.1911460807371554, ""minimum_gap_s"": 0.56, ""omega_scale"": 1.6666666666666667}]"
atlas,11,DjW,5,6,0,1,4,1,Bo,3,2,3,3,1,1,1.0,False,1.0,0.6999671351879921,0.54,0.7150264191663728,0.54,1.0215142729155935,"[{""gap_distortion"": 1.0215142729155935, ""minimum_gap"": 0.7150264191663728, ""minimum_gap_s"": 0.54, ""omega_scale"": 1.0}, {""gap_distortion"": 1.3188595567967691, ""minimum_gap"": 0.9231583456863395, ""minimum_gap_s"": 0.54, ""omega_scale"": 1.2909944487358056}, {""gap_distortion"": 1.701717153359273, ""minimum_gap"": 1.1911460807371554, ""minimum_gap_s"": 0.56, ""omega_scale"": 1.6666666666666667}]"
atlas,12,Db[,5,6,0,1,3,1,Bw,3,3,2,2,4,3,0.75,True,1.0,0.009236515021293634,0.98,0.014889156509222179,0.98,1.6119885557374274,"[{""gap_distortion"": 1.6119885557374274, ""minimum_gap"": 0.014889156509222179, ""minimum_gap_s"": 0.98, ""omega_scale"": 1.0}, {""gap_distortion"": 2.6736357315535684, ""minimum_gap"": 0.02469507659596193, ""minimum_gap_s"": 0.98, ""omega_scale"": 1.2909944487358056}, {""gap_distortion"": 4.420823182653971, ""minimum_gap"": 0.04083299973306653, ""minimum_gap_s"": 0.98, ""omega_scale"": 1.6666666666666667}]"
atlas,13,DJ{,5,7,0,4,4,1,Bw,3,3,2,2,3,3,1.0,False,1.0,0.01488924673529013,0.98,0.014889156509222179,0.98,1.0000060598508649,"[{""gap_distortion"": 1.0000060598508649, ""minimum_gap"": 0.014889156509222179, ""minimum_gap_s"": 0.98, ""omega_scale"": 1.0}, {""gap_distortion"": 1.6585846843030858, ""minimum_gap"": 0.02469507659596193, ""minimum_gap_s"": 0.98, ""omega_scale"": 1.2909944487358056}, {""gap_distortion"": 2.7424489941647052, ""minimum_gap"": 0.04083299973306653, ""minimum_gap_s"": 0.98, ""omega_scale"": 1.6666666666666667}]"
atlas,14,E?Bw,6,5,0,5,5,5,C?,4,0,5,5,1,1,1.0,False,1.0,0.9706010473906139,0.48000000000000004,0.9999999999999998,0.5,1.0302894301303533,"[{""gap_distortion"": 1.0302894301303533, ""minimum_gap"": 0.9999999999999998, ""minimum_gap_s"": 0.5, ""omega_scale"": 1.0}, {""gap_distortion"": 1.2618416956011131, ""minimum_gap"": 1.2247448713915887, ""minimum_gap_s"": 0.5, ""omega_scale"": 1.224744871391589}, {""gap_distortion"": 1.5454341451955298, ""minimum_gap"": 1.4999999999999993, ""minimum_gap_s"": 0.5, ""omega_scale"": 1.5}]"
atlas,14,E?Bw,6,5,1,5,5,5,C?,4,0,5,5,1,1,1.0,False,1.0,0.9706010473906139,0.48000000000000004,0.9999999999999998,0.5,1.0302894301303533,"[{""gap_distortion"": 1.0302894301303533, ""minimum_gap"": 0.9999999999999998, ""minimum_gap_s"": 0.5, ""omega_scale"": 1.0}, {""gap_distortion"": 1.2618416956011131, ""minimum_gap"": 1.2247448713915887, ""minimum_gap_s"": 0.5, ""omega_scale"": 1.224744871391589}, {""gap_distortion"": 1.5454341451955298, ""minimum_gap"": 1.4999999999999993, ""minimum_gap_s"": 0.5, ""omega_scale"": 1.5}]"
atlas,14,E?Bw,6,5,2,5,5,5,C?,4,0,5,5,1,1,1.0,False,1.0,0.9706010473906139,0.48000000000000004,0.9999999999999998,0.5,1.0302894301303533,"[{""gap_distortion"": 1.0302894301303533, ""minimum_gap"": 0.9999999999999998, ""minimum_gap_s"": 0.5, ""omega_scale"": 1.0}, {""gap_distortion"": 1.2618416956011131, ""minimum_gap"": 1.2247448713915887, ""minimum_gap_s"": 0.5, ""omega_scale"": 1.224744871391589}, {""gap_distortion"": 1.5454341451955298, ""minimum_gap"": 1.4999999999999993, ""minimum_gap_s"": 0.5, ""omega_scale"": 1.5}]"
atlas,14,E?Bw,6,5,3,5,5,5,C?,4,0,5,5,1,1,1.0,False,1.0,0.9706010473906139,0.48000000000000004,0.9999999999999998,0.5,1.0302894301303533,"[{""gap_distortion"": 1.0302894301303533, ""minimum_gap"": 0.9999999999999998, ""minimum_gap_s"": 0.5, ""omega_scale"": 1.0}, {""gap_distortion"": 1.2618416956011131, ""minimum_gap"": 1.2247448713915887, ""minimum_gap_s"": 0.5, ""omega_scale"": 1.224744871391589}, {""gap_distortion"": 1.5454341451955298, ""minimum_gap"": 1.4999999999999993, ""minimum_gap_s"": 0.5, ""omega_scale"": 1.5}]"
atlas,14,E?Bw,6,5,4,5,5,5,C?,4,0,5,5,1,1,1.0,False,1.0,0.9706010473906139,0.48000000000000004,0.9999999999999998,0.5,1.0302894301303533,"[{""gap_distortion"": 1.0302894301303533, ""minimum_gap"": 0.9999999999999998, ""minimum_gap_s"": 0.5, ""omega_scale"": 1.0}, {""gap_distortion"": 1.2618416956011131, ""minimum_gap"": 1.2247448713915887, ""minimum_gap_s"": 0.5, ""omega_scale"": 1.224744871391589}, {""gap_distortion"": 1.5454341451955298, ""minimum_gap"": 1.4999999999999993, ""minimum_gap_s"": 0.5, ""omega_scale"": 1.5}]"
atlas,15,EhP?,6,5,0,1,4,3,C_,4,1,4,4,2,2,1.0,False,1.0,0.009950493836250018,0.98,0.00995049383621005,0.98,1.0000000000040168,"[{""gap_distortion"": 1.0000000000040168, ""minimum_gap"": 0.00995049383621005, ""minimum_gap_s"": 0.98, ""omega_scale"": 1.0}, {""gap_distortion"": 1.496323373919302, ""minimum_gap"": 0.014889156509220847, ""minimum_gap_s"": 0.98, ""omega_scale"": 1.224744871391589}, {""gap_distortion"": 2.236312627216076, ""minimum_gap"": 0.02225241501304165, ""minimum_gap_s"": 0.98, ""omega_scale"": 1.5}]"
atlas,15,EhP?,6,5,3,2,2,1,Ci,4,3,4,4,2,1,0.5,True,1.0,0.009950493836250018,0.98,0.8638475452747836,0.48000000000000004,86.81454001084397,"[{""gap_distortion"": 86.81454001084397, ""minimum_gap"": 0.8638475452747836, ""minimum_gap_s"": 0.48000000000000004, ""omega_scale"": 1.0}, {""gap_distortion"": 106.23120700237786, ""minimum_gap"": 1.0570529704945606, ""minimum_gap_s"": 0.48000000000000004, ""omega_scale"": 1.224744871391589}, {""gap_distortion"": 130.07032250990497, ""minimum_gap"": 1.2942639424138613, ""minimum_gap_s"": 0.48000000000000004, ""omega_scale"": 1.5}]"
atlas,15,EhP?,6,5,4,1,4,3,CG,4,1,4,4,2,2,1.0,False,1.0,0.009950493836250018,0.98,0.009950493836203833,0.98,1.0000000000046414,"[{""gap_distortion"": 1.0000000000046414, ""minimum_gap"": 0.009950493836203833, ""minimum_gap_s"": 0.98, ""omega_scale"": 1.0}, {""gap_distortion"": 1.4963233739191235, ""minimum_gap"": 0.01488915650921907, ""minimum_gap_s"": 0.98, ""omega_scale"": 1.224744871391589}, {""gap_distortion"": 2.236312627216076, ""minimum_gap"": 0.02225241501304165, ""minimum_gap_s"": 0.98, ""omega_scale"": 1.5}]"
atlas,15,EhP?,6,5,5,1,4,3,CG,4,1,4,4,2,2,1.0,False,1.0,0.009950493836250018,0.98,0.009950493836203833,0.98,1.0000000000046414,"[{""gap_distortion"": 1.0000000000046414, ""minimum_gap"": 0.009950493836203833, ""minimum_gap_s"": 0.98, ""omega_scale"": 1.0}, {""gap_distortion"": 1.4963233739191235, ""minimum_gap"": 0.01488915650921907, ""minimum_gap_s"": 0.98, ""omega_scale"": 1.224744871391589}, {""gap_distortion"": 2.236312627216076, ""minimum_gap"": 0.02225241501304165, ""minimum_gap_s"": 0.98, ""omega_scale"": 1.5}]"
atlas,16,EsCO,6,5,1,0,3,2,CI,4,2,4,4,1,1,1.0,False,1.0,0.7110021925932581,0.54,0.7150264191663727,0.54,1.005659935531896,"[{""gap_distortion"": 1.005659935531896, ""minimum_gap"": 0.7150264191663727, ""minimum_gap_s"": 0.54, ""omega_scale"": 1.0}, {""gap_distortion"": 1.2313653824573862, ""minimum_gap"": 0.8755034868106375, ""minimum_gap_s"": 0.54, ""omega_scale"": 1.224744871391589}, {""gap_distortion"": 1.508489903297845, ""minimum_gap"": 1.0725396287495597, ""minimum_gap_s"": 0.56, ""omega_scale"": 1.5}]"
atlas,16,EsCO,6,5,2,0,3,2,CI,4,2,4,4,1,1,1.0,False,1.0,0.7110021925932581,0.54,0.7150264191663727,0.54,1.005659935531896,"[{""gap_distortion"": 1.005659935531896, ""minimum_gap"": 0.7150264191663727, ""minimum_gap_s"": 0.54, ""omega_scale"": 1.0}, {""gap_distortion"": 1.2313653824573862, ""minimum_gap"": 0.8755034868106375, ""minimum_gap_s"": 0.54, ""omega_scale"": 1.224744871391589}, {""gap_distortion"": 1.508489903297845, ""minimum_gap"": 1.0725396287495597, ""minimum_gap_s"": 0.56, ""omega_scale"": 1.5}]"
atlas,16,EsCO,6,5,4,3,3,2,Co,4,2,4,4,1,1,1.0,False,1.0,0.7110021925932581,0.54,0.7150264191663727,0.54,1.005659935531896,"[{""gap_distortion"": 1.005659935531896, ""minimum_gap"": 0.7150264191663727, ""minimum_gap_s"": 0.54, ""omega_scale"": 1.0}, {""gap_distortion"": 1.231365382457387, ""minimum_gap"": 0.8755034868106379, ""minimum_gap_s"": 0.54, ""omega_scale"": 1.224744871391589}, {""gap_distortion"": 1.508489903297845, ""minimum_gap"": 1.0725396287495597, ""minimum_gap_s"": 0.56, ""omega_scale"": 1.5}]"
atlas,16,EsCO,6,5,5,3,3,2,Co,4,2,4,4,1,1,1.0,False,1.0,0.7110021925932581,0.54,0.7150264191663727,0.54,1.005659935531896,"[{""gap_distortion"": 1.005659935531896, ""minimum_gap"": 0.7150264191663727, ""minimum_gap_s"": 0.54, ""omega_scale"": 1.0}, {""gap_distortion"": 1.231365382457387, ""minimum_gap"": 0.8755034868106379, ""minimum_gap_s"": 0.54, ""omega_scale"": 1.224744871391589}, {""gap_distortion"": 1.508489903297845, ""minimum_gap"": 1.0725396287495597, ""minimum_gap_s"": 0.56, ""omega_scale"": 1.5}]"
atlas,17,EiGO,6,5,0,1,3,1,CQ,4,2,3,3,5,4,0.8,True,1.0,0.007337659651844852,0.98,0.00995049383620561,0.98,1.3560854970567942,"[{""gap_distortion"": 1.3560854970567942, ""minimum_gap"": 0.00995049383620561, ""minimum_gap_s"": 0.98, ""omega_scale"": 1.0}, {""gap_distortion"": 2.029142426288233, ""minimum_gap"": 0.014889156509221735, ""minimum_gap_s"": 0.98, ""omega_scale"": 1.224744871391589}, {""gap_distortion"": 3.032631120666353, ""minimum_gap"": 0.022252415013042537, ""minimum_gap_s"": 0.98, ""omega_scale"": 1.5}]"
atlas,17,EiGO,6,5,4,2,2,1,Ch,4,3,3,3,5,3,0.6,True,1.0,0.007337659651844852,0.98,0.007048396190350914,0.98,1.0410396143579348,"[{""gap_distortion"": 1.0410396143579348, ""minimum_gap"": 0.007048396190350914, ""minimum_gap_s"": 0.98, ""omega_scale"": 1.0}, {""gap_distortion"": 1.4385776370505199, ""minimum_gap"": 0.010555793083431908, ""minimum_gap_s"": 0.98, ""omega_scale"": 1.224744871391589}, {""gap_distortion"": 2.1527647940705816, ""minimum_gap"": 0.0157962553693638, ""minimum_gap_s"": 0.98, ""omega_scale"": 1.5}]"
atlas,17,EiGO,6,5,5,3,2,1,Ch,4,3,3,3,5,3,0.6,True,1.0,0.007337659651844852,0.98,0.007048396190350914,0.98,1.0410396143579348,"[{""gap_distortion"": 1.0410396143579348, ""minimum_gap"": 0.007048396190350914, ""minimum_gap_s"": 0.98, ""omega_scale"": 1.0}, {""gap_distortion"": 1.4385776370505199, ""minimum_gap"": 0.010555793083431908, ""minimum_gap_s"": 0.98, ""omega_scale"": 1.224744871391589}, {""gap_distortion"": 2.1527647940705816, ""minimum_gap"": 0.0157962553693638, ""minimum_gap_s"": 0.98, ""omega_scale"": 1.5}]"
atlas,18,EBe?,6,5,1,3,3,2,CS,4,2,4,4,1,1,1.0,False,1.0,0.690394818607224,0.54,0.7150264191663724,0.54,1.0356775570952854,"[{""gap_distortion"": 1.0356775570952854, ""minimum_gap"": 0.7150264191663724, ""minimum_gap_s"": 0.54, ""omega_scale"": 1.0}, {""gap_distortion"": 1.2681200136710833, ""minimum_gap"": 0.8755034868106379, ""minimum_gap_s"": 0.54, ""omega_scale"": 1.224744871391589}, {""gap_distortion"": 1.5535163356429287, ""minimum_gap"": 1.072539628749559, ""minimum_gap_s"": 0.56, ""omega_scale"": 1.5}]"
atlas,18,EBe?,6,5,2,3,3,2,CS,4,2,4,4,1,1,1.0,False,1.0,0.690394818607224,0.54,0.7150264191663724,0.54,1.0356775570952854,"[{""gap_distortion"": 1.0356775570952854, ""minimum_gap"": 0.7150264191663724, ""minimum_gap_s"": 0.54, ""omega_scale"": 1.0}, {""gap_distortion"": 1.2681200136710833, ""minimum_gap"": 0.8755034868106379, ""minimum_gap_s"": 0.54, ""omega_scale"": 1.224744871391589}, {""gap_distortion"": 1.5535163356429287, ""minimum_gap"": 1.072539628749559, ""minimum_gap_s"": 0.56, ""omega_scale"": 1.5}]"
atlas,18,EBe?,6,5,5,0,2,1,CX,4,3,4,4,1,1,1.0,False,1.0,0.690394818607224,0.54,0.8638475452747836,0.48000000000000004,1.2512370052508164,"[{""gap_distortion"": 1.2512370052508164, ""minimum_gap"": 0.8638475452747836, ""minimum_gap_s"": 0.48000000000000004, ""omega_scale"": 1.0}, {""gap_distortion"": 1.5310847387687794, ""minimum_gap"": 1.0570529704945604, ""minimum_gap_s"": 0.48000000000000004, ""omega_scale"": 1.224744871391589}, {""gap_distortion"": 1.8746721550211802, ""minimum_gap"": 1.2942639424138613, ""minimum_gap_s"": 0.48000000000000004, ""omega_scale"": 1.5}]"
atlas,19,E`EG,6,5,1,0,2,1,Ch,4,3,3,3,4,3,0.75,True,1.0,0.004991840465856434,0.98,0.007048396190350914,0.98,1.4119834635263415,"[{""gap_distortion"": 1.4119834635263415, ""minimum_gap"": 0.007048396190350914, ""minimum_gap_s"": 0.98, ""omega_scale"": 1.0}, {""gap_distortion"": 2.1146094623079836, ""minimum_gap"": 0.010555793083431908, ""minimum_gap_s"": 0.98, ""omega_scale"": 1.224744871391589}, {""gap_distortion"": 3.164415104490661, ""minimum_gap"": 0.0157962553693638, ""minimum_gap_s"": 0.98, ""omega_scale"": 1.5}]"
atlas,19,E`EG,6,5,2,3,2,1,Cd,4,3,3,3,4,3,0.75,True,1.0,0.004991840465856434,0.98,0.007048396190350914,0.98,1.4119834635263415,"[{""gap_distortion"": 1.4119834635263415, ""minimum_gap"": 0.007048396190350914, ""minimum_gap_s"": 0.98, ""omega_scale"": 1.0}, {""gap_distortion"": 2.1146094623079836, ""minimum_gap"": 0.010555793083431908, ""minimum_gap_s"": 0.98, ""omega_scale"": 1.224744871391589}, {""gap_distortion"": 3.164415104491017, ""minimum_gap"": 0.015796255369365575, ""minimum_gap_s"": 0.98, ""omega_scale"": 1.5}]"
atlas,20,E?Fw,6,6,0,5,5,3,C@,4,1,4,4,2,2,1.0,False,1.0,0.009950493836328178,0.98,0.009950493836210939,0.98,1.0000000000117824,"[{""gap_distortion"": 1.0000000000117824, ""minimum_gap"": 0.009950493836210939, ""minimum_gap_s"": 0.98, ""omega_scale"": 1.0}, {""gap_distortion"": 1.4963233739073702, ""minimum_gap"": 0.01488915650921907, ""minimum_gap_s"": 0.98, ""omega_scale"": 1.224744871391589}, {""gap_distortion"": 2.2363126271987777, ""minimum_gap"": 0.022252415013044313, ""minimum_gap_s"": 0.98, ""omega_scale"": 1.5}]"
atlas,20,E?Fw,6,6,1,5,5,3,C@,4,1,4,4,2,2,1.0,False,1.0,0.009950493836328178,0.98,0.009950493836210939,0.98,1.0000000000117824,"[{""gap_distortion"": 1.0000000000117824, ""minimum_gap"": 0.009950493836210939, ""minimum_gap_s"": 0.98, ""omega_scale"": 1.0}, {""gap_distortion"": 1.4963233739073702, ""minimum_gap"": 0.01488915650921907, ""minimum_gap_s"": 0.98, ""omega_scale"": 1.224744871391589}, {""gap_distortion"": 2.2363126271987777, ""minimum_gap"": 0.022252415013044313, ""minimum_gap_s"": 0.98, ""omega_scale"": 1.5}]"
atlas,20,E?Fw,6,6,2,5,5,3,C@,4,1,4,4,2,2,1.0,False,1.0,0.009950493836328178,0.98,0.009950493836210939,0.98,1.0000000000117824,"[{""gap_distortion"": 1.0000000000117824, ""minimum_gap"": 0.009950493836210939, ""minimum_gap_s"": 0.98, ""omega_scale"": 1.0}, {""gap_distortion"": 1.4963233739073702, ""minimum_gap"": 0.01488915650921907, ""minimum_gap_s"": 0.98, ""omega_scale"": 1.224744871391589}, {""gap_distortion"": 2.2363126271987777, ""minimum_gap"": 0.022252415013044313, ""minimum_gap_s"": 0.98, ""omega_scale"": 1.5}]"
atlas,21,EC{O,6,6,1,4,4,2,CP,4,2,4,4,1,1,1.0,False,1.0,0.719008405735996,0.54,0.7150264191663729,0.54,1.0055690062113587,"[{""gap_distortion"": 1.0055690062113587, ""minimum_gap"": 0.7150264191663729, ""minimum_gap_s"": 0.54, ""omega_scale"": 1.0}, {""gap_distortion"": 1.2176540355108219, ""minimum_gap"": 0.8755034868106379, ""minimum_gap_s"": 0.54, ""omega_scale"": 1.224744871391589}, {""gap_distortion"": 1.4916927537887124, ""minimum_gap"": 1.0725396287495597, ""minimum_gap_s"": 0.56, ""omega_scale"": 1.5}]"
atlas,21,EC{O,6,6,2,4,4,2,CP,4,2,4,4,1,1,1.0,False,1.0,0.719008405735996,0.54,0.7150264191663729,0.54,1.0055690062113587,"[{""gap_distortion"": 1.0055690062113587, ""minimum_gap"": 0.7150264191663729, ""minimum_gap_s"": 0.54, ""omega_scale"": 1.0}, {""gap_distortion"": 1.2176540355108219, ""minimum_gap"": 0.8755034868106379, ""minimum_gap_s"": 0.54, ""omega_scale"": 1.224744871391589}, {""gap_distortion"": 1.4916927537887124, ""minimum_gap"": 1.0725396287495597, ""minimum_gap_s"": 0.56, ""omega_scale"": 1.5}]"
atlas,21,EC{O,6,6,5,3,3,1,CF,4,3,4,4,1,1,1.0,False,1.0,0.719008405735996,0.54,0.8638475452747836,0.48000000000000004,1.2014429016174386,"[{""gap_distortion"": 1.2014429016174386, ""minimum_gap"": 0.8638475452747836, ""minimum_gap_s"": 0.48000000000000004, ""omega_scale"": 1.0}, {""gap_distortion"": 1.4701538425166714, ""minimum_gap"": 1.0570529704945604, ""minimum_gap_s"": 0.48000000000000004, ""omega_scale"": 1.224744871391589}, {""gap_distortion"": 1.800067888064561, ""minimum_gap"": 1.2942639424138613, ""minimum_gap_s"": 0.48000000000000004, ""omega_scale"": 1.5}]"
atlas,22,E@dW,6,6,0,4,3,1,CL,4,3,3,3,4,3,0.75,True,1.0,0.00862970780358463,0.98,0.007048396190350026,0.98,1.2243505572799074,"[{""gap_distortion"": 1.2243505572799074, ""minimum_gap"": 0.007048396190350026, ""minimum_gap_s"": 0.98, ""omega_scale"": 1.0}, {""gap_distortion"": 1.2231924097184501, ""minimum_gap"": 0.010555793083432796, ""minimum_gap_s"": 0.98, ""omega_scale"": 1.224744871391589}, {""gap_distortion"": 1.830450778739368, ""minimum_gap"": 0.015796255369364687, ""minimum_gap_s"": 0.98, ""omega_scale"": 1.5}]"
atlas,22,E@dW,6,6,1,5,3,1,CL,4,3,3,3,4,3,0.75,True,1.0,0.00862970780358463,0.98,0.007048396190350026,0.98,1.2243505572799074,"[{""gap_distortion"": 1.2243505572799074, ""minimum_gap"": 0.007048396190350026, ""minimum_gap_s"": 0.98, ""omega_scale"": 1.0}, {""gap_distortion"": 1.2231924097184501, ""minimum_gap"": 0.010555793083432796, ""minimum_gap_s"": 0.98, ""omega_scale"": 1.224744871391589}, {""gap_distortion"": 1.830450778739368, ""minimum_gap"": 0.015796255369364687, ""minimum_gap_s"": 0.98, ""omega_scale"": 1.5}]"
atlas,22,E@dW,6,6,2,3,3,1,CR,4,3,3,3,4,3,0.75,True,1.0,0.00862970780358463,0.98,0.007048396190350914,0.98,1.224350557279753,"[{""gap_distortion"": 1.224350557279753, ""minimum_gap"": 0.007048396190350914, ""minimum_gap_s"": 0.98, ""omega_scale"": 1.0}, {""gap_distortion"": 1.223192409718347, ""minimum_gap"": 0.010555793083431908, ""minimum_gap_s"": 0.98, ""omega_scale"": 1.224744871391589}, {""gap_distortion"": 1.8304507787395738, ""minimum_gap"": 0.015796255369366463, ""minimum_gap_s"": 0.98, ""omega_scale"": 1.5}]"
atlas,23,EG}?,6,6,3,4,4,1,CK,4,2,3,3,4,4,1.0,False,1.0,0.009950493836202057,0.98,0.009950493836208274,0.98,1.0000000000006248,"[{""gap_distortion"": 1.0000000000006248, ""minimum_gap"": 0.009950493836208274, ""minimum_gap_s"": 0.98, ""omega_scale"": 1.0}, {""gap_distortion"": 1.4963233739266035, ""minimum_gap"": 0.014889156509221735, ""minimum_gap_s"": 0.98, ""omega_scale"": 1.224744871391589}, {""gap_distortion"": 2.2363126272269445, ""minimum_gap"": 0.022252415013042537, ""minimum_gap_s"": 0.98, ""omega_scale"": 1.5}]"
atlas,23,EG}?,6,6,5,0,2,1,Cf,4,4,3,3,4,2,0.5,True,1.0,0.009950493836202057,0.98,0.009950554578280979,0.98,1.0000061044285764,"[{""gap_distortion"": 1.0000061044285764, ""minimum_gap"": 0.009950554578280979, ""minimum_gap_s"": 0.98, ""omega_scale"": 1.0}, {""gap_distortion"": 1.4963436878565053, ""minimum_gap"": 0.01488935864285601, ""minimum_gap_s"": 0.98, ""omega_scale"": 1.224744871391589}, {""gap_distortion"": 2.2363797648976234, ""minimum_gap"": 0.022253083066020807, ""minimum_gap_s"": 0.98, ""omega_scale"": 1.5}]"
atlas,24,E]a?,6,6,4,0,4,2,Co,4,2,4,4,1,1,1.0,False,1.0,0.6840638160500301,0.52,0.7150264191663727,0.54,1.045262740682776,"[{""gap_distortion"": 1.045262740682776, ""minimum_gap"": 0.7150264191663727, ""minimum_gap_s"": 0.54, ""omega_scale"": 1.0}, {""gap_distortion"": 1.2798564494553044, ""minimum_gap"": 0.8755034868106379, ""minimum_gap_s"": 0.54, ""omega_scale"": 1.224744871391589}, {""gap_distortion"": 1.5678941110241646, ""minimum_gap"": 1.0725396287495597, ""minimum_gap_s"": 0.56, ""omega_scale"": 1.5}]"
atlas,24,E]a?,6,6,5,0,4,2,Co,4,2,4,4,1,1,1.0,False,1.0,0.6840638160500301,0.52,0.7150264191663727,0.54,1.045262740682776,"[{""gap_distortion"": 1.045262740682776, ""minimum_gap"": 0.7150264191663727, ""minimum_gap_s"": 0.54, ""omega_scale"": 1.0}, {""gap_distortion"": 1.2798564494553044, ""minimum_gap"": 0.8755034868106379, ""minimum_gap_s"": 0.54, ""omega_scale"": 1.224744871391589}, {""gap_distortion"": 1.5678941110241646, ""minimum_gap"": 1.0725396287495597, ""minimum_gap_s"": 0.56, ""omega_scale"": 1.5}]"
atlas,25,EYWO,6,6,0,2,3,1,Cq,4,3,3,3,3,3,1.0,False,1.0,0.00704841781707799,0.98,0.00704839619035269,0.98,1.0000030683186238,"[{""gap_distortion"": 1.0000030683186238, ""minimum_gap"": 0.00704839619035269, ""minimum_gap_s"": 0.98, ""omega_scale"": 1.0}, {""gap_distortion"": 1.4976117133487334, ""minimum_gap"": 0.010555793083431908, ""minimum_gap_s"": 0.98, ""omega_scale"": 1.224744871391589}, {""gap_distortion"": 2.2411065545931588, ""minimum_gap"": 0.015796255369364687, ""minimum_gap_s"": 0.98, ""omega_scale"": 1.5}]"
atlas,25,EYWO,6,6,5,3,2,1,CZ,4,4,3,3,3,2,0.6666666666666666,True,1.0,0.00704841781707799,0.98,0.009950554578276538,0.98,1.4117430090717389,"[{""gap_distortion"": 1.4117430090717389, ""minimum_gap"": 0.009950554578276538, ""minimum_gap_s"": 0.98, ""omega_scale"": 1.0}, {""gap_distortion"": 2.112439845263209, ""minimum_gap"": 0.014889358642858674, ""minimum_gap_s"": 0.98, ""omega_scale"": 1.224744871391589}, {""gap_distortion"": 3.1571742259808144, ""minimum_gap"": 0.022253083066022583, ""minimum_gap_s"": 0.98, ""omega_scale"": 1.5}]"
atlas,26,E]_O,6,6,4,0,3,1,Cp,4,3,3,3,4,3,0.75,True,1.0,0.004991823478626145,0.98,0.007048396190351802,0.98,1.4119882685218006,"[{""gap_distortion"": 1.4119882685218006, ""minimum_gap"": 0.007048396190351802, ""minimum_gap_s"": 0.98, ""omega_scale"": 1.0}, {""gap_distortion"": 2.114616658347101, ""minimum_gap"": 0.01055579308343102, ""minimum_gap_s"": 0.98, ""omega_scale"": 1.224744871391589}, {""gap_distortion"": 3.1644258730301216, ""minimum_gap"": 0.0157962553693638, ""minimum_gap_s"": 0.98, ""omega_scale"": 1.5}]"
atlas,26,E]_O,6,6,5,3,3,1,C[,4,3,3,3,4,3,0.75,True,1.0,0.004991823478626145,0.98,0.007048396190354467,0.98,1.4119882685223344,"[{""gap_distortion"": 1.4119882685223344, ""minimum_gap"": 0.007048396190354467, ""minimum_gap_s"": 0.98, ""omega_scale"": 1.0}, {""gap_distortion"": 2.114616658347101, ""minimum_gap"": 0.01055579308343102, ""minimum_gap_s"": 0.98, ""omega_scale"": 1.224744871391589}, {""gap_distortion"": 3.1644258730302997, ""minimum_gap"": 0.015796255369364687, ""minimum_gap_s"": 0.98, ""omega_scale"": 1.5}]"
atlas,27,EQKo,6,6,0,2,3,1,Ci,4,3,4,4,1,1,1.0,False,1.0,0.7433798293496741,0.5,0.8638475452747836,0.48000000000000004,1.1620540552337792,"[{""gap_distortion"": 1.1620540552337792, ""minimum_gap"": 0.8638475452747836, ""minimum_gap_s"": 0.48000000000000004, ""omega_scale"": 1.0}, {""gap_distortion"": 1.421955410626752, ""minimum_gap"": 1.0570529704945606, ""minimum_gap_s"": 0.48000000000000004, ""omega_scale"": 1.224744871391589}, {""gap_distortion"": 1.741053350271978, ""minimum_gap"": 1.2942639424138613, ""minimum_gap_s"": 0.48000000000000004, ""omega_scale"": 1.5}]"
atlas,27,EQKo,6,6,1,3,3,1,Ci,4,3,4,4,1,1,1.0,False,1.0,0.7433798293496741,0.5,0.8638475452747836,0.48000000000000004,1.1620540552337792,"[{""gap_distortion"": 1.1620540552337792, ""minimum_gap"": 0.8638475452747836, ""minimum_gap_s"": 0.48000000000000004, ""omega_scale"": 1.0}, {""gap_distortion"": 1.421955410626752, ""minimum_gap"": 1.0570529704945606, ""minimum_gap_s"": 0.48000000000000004, ""omega_scale"": 1.224744871391589}, {""gap_distortion"": 1.741053350271978, ""minimum_gap"": 1.2942639424138613, ""minimum_gap_s"": 0.48000000000000004, ""omega_scale"": 1.5}]"
atlas,28,EsCW,6,6,1,0,3,2,CJ,4,3,3,3,3,3,1.0,False,1.0,0.014889146297452527,0.98,0.014889156509221735,0.98,1.0000006858532386,"[{""gap_distortion"": 1.0000006858532386, ""minimum_gap"": 0.014889156509221735, ""minimum_gap_s"": 0.98, ""omega_scale"": 1.0}, {""gap_distortion"": 1.4945393488979324, ""minimum_gap"": 0.02225241501304076, ""minimum_gap_s"": 0.98, ""omega_scale"": 1.224744871391589}, {""gap_distortion"": 2.229739390382011, ""minimum_gap"": 0.03319891598859037, ""minimum_gap_s"": 0.98, ""omega_scale"": 1.5}]"
atlas,28,EsCW,6,6,2,0,3,2,CJ,4,3,3,3,3,3,1.0,False,1.0,0.014889146297452527,0.98,0.014889156509221735,0.98,1.0000006858532386,"[{""gap_distortion"": 1.0000006858532386, ""minimum_gap"": 0.014889156509221735, ""minimum_gap_s"": 0.98, ""omega_scale"": 1.0}, {""gap_distortion"": 1.4945393488979324, ""minimum_gap"": 0.02225241501304076, ""minimum_gap_s"": 0.98, ""omega_scale"": 1.224744871391589}, {""gap_distortion"": 2.229739390382011, ""minimum_gap"": 0.03319891598859037, ""minimum_gap_s"": 0.98, ""omega_scale"": 1.5}]"
atlas,29,EJe?,6,6,5,0,2,1,Cx,4,4,3,3,2,2,1.0,False,1.0,0.009950554580515636,0.98,0.009950554578278314,0.98,1.000000000224844,"[{""gap_distortion"": 1.000000000224844, ""minimum_gap"": 0.009950554578278314, ""minimum_gap_s"": 0.98, ""omega_scale"": 1.0}, {""gap_distortion"": 1.4963345532532342, ""minimum_gap"": 0.014889358642857786, ""minimum_gap_s"": 0.98, ""omega_scale"": 1.224744871391589}, {""gap_distortion"": 2.236366112658538, ""minimum_gap"": 0.02225308306602436, ""minimum_gap_s"": 0.98, ""omega_scale"": 1.5}]"
atlas,30,EBy?,6,6,5,0,2,1,C],4,4,3,3,3,2,0.6666666666666666,True,1.0,0.004962948940129053,0.98,4.938209891847123e-05,0.98,100.5009719883064,"[{""gap_distortion"": 100.5009719883064, ""minimum_gap"": 4.938209891847123e-05, ""minimum_gap_s"": 0.98, ""omega_scale"": 1.0}, {""gap_distortion"": 44.943523182190496, ""minimum_gap"": 0.00011042634374724969, ""minimum_gap_s"": 0.98, ""omega_scale"": 1.224744871391589}, {""gap_distortion"": 20.159424784544985, ""minimum_gap"": 0.0002461850471018323, ""minimum_gap_s"": 0.98, ""omega_scale"": 1.5}]"
atlas,31,Ehd?,6,6,5,1,3,1,CL,4,3,3,3,3,3,1.0,False,1.0,0.00704838135139596,0.98,0.007048396190350026,0.98,1.000002105299547,"[{""gap_distortion"": 1.000002105299547, ""minimum_gap"": 0.007048396190350026, ""minimum_gap_s"": 0.98, ""omega_scale"": 1.0}, {""gap_distortion"": 1.4976194614302727, ""minimum_gap"": 0.010555793083432796, ""minimum_gap_s"": 0.98, ""omega_scale"": 1.224744871391589}, {""gap_distortion"": 2.2411181492380763, ""minimum_gap"": 0.015796255369364687, ""minimum_gap_s"": 0.98, ""omega_scale"": 1.5}]"
atlas,32,EB{G,6,7,0,4,5,2,CW,4,2,4,4,1,1,1.0,False,1.0,0.7122564550762487,0.54,0.7150264191663731,0.54,1.0038889982258257,"[{""gap_distortion"": 1.0038889982258257, ""minimum_gap"": 0.7150264191663731, ""minimum_gap_s"": 0.54, ""omega_scale"": 1.0}, {""gap_distortion"": 1.2291969845565152, ""minimum_gap"": 0.8755034868106379, ""minimum_gap_s"": 0.54, ""omega_scale"": 1.224744871391589}, {""gap_distortion"": 1.5058334973387386, ""minimum_gap"": 1.0725396287495597, ""minimum_gap_s"": 0.56, ""omega_scale"": 1.5}]"
atlas,32,EB{G,6,7,5,4,5,2,CB,4,2,4,4,1,1,1.0,False,1.0,0.7122564550762487,0.54,0.7150264191663727,0.54,1.003888998225825,"[{""gap_distortion"": 1.003888998225825, ""minimum_gap"": 0.7150264191663727, ""minimum_gap_s"": 0.54, ""omega_scale"": 1.0}, {""gap_distortion"": 1.2291969845565152, ""minimum_gap"": 0.8755034868106379, ""minimum_gap_s"": 0.54, ""omega_scale"": 1.224744871391589}, {""gap_distortion"": 1.5058334973387386, ""minimum_gap"": 1.0725396287495597, ""minimum_gap_s"": 0.56, ""omega_scale"": 1.5}]"
atlas,33,EhX_,6,7,0,1,4,1,Cs,4,3,4,4,1,1,1.0,False,1.0,0.8142890277843506,0.5,0.8638475452747832,0.48000000000000004,1.0608610896124677,"[{""gap_distortion"": 1.0608610896124677, ""minimum_gap"": 0.8638475452747832, ""minimum_gap_s"": 0.48000000000000004, ""omega_scale"": 1.0}, {""gap_distortion"": 1.2981299445612835, ""minimum_gap"": 1.0570529704945606, ""minimum_gap_s"": 0.48000000000000004, ""omega_scale"": 1.224744871391589}, {""gap_distortion"": 1.589440479058773, ""minimum_gap"": 1.294263942413861, ""minimum_gap_s"": 0.48000000000000004, ""omega_scale"": 1.5}]"
atlas,33,EhX_,6,7,3,2,4,1,Ci,4,3,4,4,1,1,1.0,False,1.0,0.8142890277843506,0.5,0.8638475452747836,0.48000000000000004,1.0608610896124682,"[{""gap_distortion"": 1.0608610896124682, ""minimum_gap"": 0.8638475452747836, ""minimum_gap_s"": 0.48000000000000004, ""omega_scale"": 1.0}, {""gap_distortion"": 1.2981299445612835, ""minimum_gap"": 1.0570529704945606, ""minimum_gap_s"": 0.48000000000000004, ""omega_scale"": 1.224744871391589}, {""gap_distortion"": 1.5894404790587737, ""minimum_gap"": 1.2942639424138613, ""minimum_gap_s"": 0.48000000000000004, ""omega_scale"": 1.5}]"
atlas,34,E^_O,6,7,4,0,3,1,Cx,4,4,3,3,3,2,0.6666666666666666,True,1.0,0.0070484252366789235,0.98,0.009950554578278314,0.98,1.4117415229854684,"[{""gap_distortion"": 1.4117415229854684, ""minimum_gap"": 0.009950554578278314, ""minimum_gap_s"": 0.98, ""omega_scale"": 1.0}, {""gap_distortion"": 2.11243762158047, ""minimum_gap"": 0.014889358642857786, ""minimum_gap_s"": 0.98, ""omega_scale"": 1.224744871391589}, {""gap_distortion"": 3.1571709025475263, ""minimum_gap"": 0.02225308306602436, ""minimum_gap_s"": 0.98, ""omega_scale"": 1.5}]"
atlas,34,E^_O,6,7,5,3,4,1,C[,4,3,3,3,3,3,1.0,False,1.0,0.0070484252366789235,0.98,0.007048396190354467,0.98,1.0000041209835078,"[{""gap_distortion"": 1.0000041209835078, ""minimum_gap"": 0.007048396190354467, ""minimum_gap_s"": 0.98, ""omega_scale"": 1.0}, {""gap_distortion"": 1.4976101368714663, ""minimum_gap"": 0.01055579308343102, ""minimum_gap_s"": 0.98, ""omega_scale"": 1.224744871391589}, {""gap_distortion"": 2.2411041954681448, ""minimum_gap"": 0.015796255369364687, ""minimum_gap_s"": 0.98, ""omega_scale"": 1.5}]"
atlas,35,EJwG,6,7,0,4,4,2,Cw,4,3,3,3,3,3,1.0,False,1.0,0.014889146309442935,0.98,0.014889156509220847,0.98,1.0000006850478664,"[{""gap_distortion"": 1.0000006850478664, ""minimum_gap"": 0.014889156509220847, ""minimum_gap_s"": 0.98, ""omega_scale"": 1.0}, {""gap_distortion"": 1.4945393476946005, ""minimum_gap"": 0.022252415013044313, ""minimum_gap_s"": 0.98, ""omega_scale"": 1.224744871391589}, {""gap_distortion"": 2.229739388586375, ""minimum_gap"": 0.03319891598859037, ""minimum_gap_s"": 0.98, ""omega_scale"": 1.5}]"
atlas,35,EJwG,6,7,5,4,4,2,CJ,4,3,3,3,3,3,1.0,False,1.0,0.014889146309442935,0.98,0.014889156509221735,0.98,1.000000685047926,"[{""gap_distortion"": 1.000000685047926, ""minimum_gap"": 0.014889156509221735, ""minimum_gap_s"": 0.98, ""omega_scale"": 1.0}, {""gap_distortion"": 1.4945393476943618, ""minimum_gap"": 0.02225241501304076, ""minimum_gap_s"": 0.98, ""omega_scale"": 1.224744871391589}, {""gap_distortion"": 2.229739388586375, ""minimum_gap"": 0.03319891598859037, ""minimum_gap_s"": 0.98, ""omega_scale"": 1.5}]"
atlas,36,E`Xg,6,7,0,1,3,1,Ct,4,4,3,3,2,2,1.0,False,1.0,0.00995061532257413,0.98,0.009950554578278314,0.98,1.0000061046141033,"[{""gap_distortion"": 1.0000061046141033, ""minimum_gap"": 0.009950554578278314, ""minimum_gap_s"": 0.98, ""omega_scale"": 1.0}, {""gap_distortion"": 1.4963254191005082, ""minimum_gap"": 0.014889358642858674, ""minimum_gap_s"": 0.98, ""omega_scale"": 1.224744871391589}, {""gap_distortion"": 2.2363524610925074, ""minimum_gap"": 0.02225308306602347, ""minimum_gap_s"": 0.98, ""omega_scale"": 1.5}]"
atlas,36,E`Xg,6,7,3,2,3,1,Cj,4,4,3,3,2,2,1.0,False,1.0,0.00995061532257413,0.98,0.009950554578281867,0.98,1.0000061046137465,"[{""gap_distortion"": 1.0000061046137465, ""minimum_gap"": 0.009950554578281867, ""minimum_gap_s"": 0.98, ""omega_scale"": 1.0}, {""gap_distortion"": 1.4963254191003297, ""minimum_gap"": 0.014889358642856898, ""minimum_gap_s"": 0.98, ""omega_scale"": 1.224744871391589}, {""gap_distortion"": 2.236352461092329, ""minimum_gap"": 0.022253083066021695, ""minimum_gap_s"": 0.98, ""omega_scale"": 1.5}]"
atlas,37,EtaG,6,7,1,0,5,1,C`,4,2,3,3,4,4,1.0,False,1.0,0.009950493985881437,0.98,0.00995049383621005,0.98,1.0000000150416037,"[{""gap_distortion"": 1.0000000150416037, ""minimum_gap"": 0.00995049383621005, ""minimum_gap_s"": 0.98, ""omega_scale"": 1.0}, {""gap_distortion"": 1.4963233514183878, ""minimum_gap"": 0.014889156509222623, ""minimum_gap_s"": 0.98, ""omega_scale"": 1.224744871391589}, {""gap_distortion"": 2.236312593587598, ""minimum_gap"": 0.022252415013044313, ""minimum_gap_s"": 0.98, ""omega_scale"": 1.5}]"
atlas,38,Eht?,6,7,5,1,4,1,CL,4,3,3,3,3,3,1.0,False,1.0,0.007048388797410432,0.98,0.007048396190350026,0.98,1.0000010488836253,"[{""gap_distortion"": 1.0000010488836253, ""minimum_gap"": 0.007048396190350026, ""minimum_gap_s"": 0.98, ""omega_scale"": 1.0}, {""gap_distortion"": 1.4976178793245598, ""minimum_gap"": 0.010555793083432796, ""minimum_gap_s"": 0.98, ""omega_scale"": 1.224744871391589}, {""gap_distortion"": 2.2411157816901657, ""minimum_gap"": 0.015796255369364687, ""minimum_gap_s"": 0.98, ""omega_scale"": 1.5}]"
atlas,39,EtoO,6,7,5,3,3,1,Cu,4,4,3,3,2,2,1.0,False,1.0,0.009950554579023496,0.98,0.009950554578281867,0.98,1.0000000000745315,"[{""gap_distortion"": 1.0000000000745315, ""minimum_gap"": 0.009950554578281867, ""minimum_gap_s"": 0.98, ""omega_scale"": 1.0}, {""gap_distortion"": 1.496334553477796, ""minimum_gap"": 0.014889358642859563, ""minimum_gap_s"": 0.98, ""omega_scale"": 1.224744871391589}, {""gap_distortion"": 2.2363661129936254, ""minimum_gap"": 0.022253083066021695, ""minimum_gap_s"": 0.98, ""omega_scale"": 1.5}]"
atlas,40,EB}?,6,7,5,0,2,1,C^,4,5,3,3,2,1,0.5,True,1.0,0.009950493835969354,0.98,0.6319949108691677,0.56,63.51392416169465,"[{""gap_distortion"": 63.51392416169465, ""minimum_gap"": 0.6319949108691677, ""minimum_gap_s"": 0.56, ""omega_scale"": 1.0}, {""gap_distortion"": 77.79473572211423, ""minimum_gap"": 0.7740960382737625, ""minimum_gap_s"": 0.5800000000000001, ""omega_scale"": 1.224744871391589}, {""gap_distortion"": 95.30948849146358, ""minimum_gap"": 0.9483764777437005, ""minimum_gap_s"": 0.6, ""omega_scale"": 1.5}]"
atlas,41,EXSg,6,7,0,2,4,1,CX,4,3,4,4,1,1,1.0,False,1.0,0.757185245693714,0.48000000000000004,0.8638475452747836,0.48000000000000004,1.1408668488823341,"[{""gap_distortion"": 1.1408668488823341, ""minimum_gap"": 0.8638475452747836, ""minimum_gap_s"": 0.48000000000000004, ""omega_scale"": 1.0}, {""gap_distortion"": 1.3960295403354235, ""minimum_gap"": 1.0570529704945604, ""minimum_gap_s"": 0.48000000000000004, ""omega_scale"": 1.224744871391589}, {""gap_distortion"": 1.7093095114764014, ""minimum_gap"": 1.2942639424138613, ""minimum_gap_s"": 0.48000000000000004, ""omega_scale"": 1.5}]"
atlas,42,Eld?,6,7,5,1,3,1,C\,4,4,3,3,2,2,1.0,False,1.0,0.009950554579625681,0.98,0.009950554578281867,0.98,1.000000000135049,"[{""gap_distortion"": 1.000000000135049, ""minimum_gap"": 0.009950554578281867, ""minimum_gap_s"": 0.98, ""omega_scale"": 1.0}, {""gap_distortion"": 1.496334553387063, ""minimum_gap"": 0.014889358642857786, ""minimum_gap_s"": 0.98, ""omega_scale"": 1.224744871391589}, {""gap_distortion"": 2.2363661128580175, ""minimum_gap"": 0.02225308306601903, ""minimum_gap_s"": 0.98, ""omega_scale"": 1.5}]"
atlas,43,EJy?,6,7,5,0,2,1,C},4,5,3,3,1,1,1.0,False,1.0,0.48808441761190813,0.5800000000000001,0.6319949108691677,0.56,1.2948475469907084,"[{""gap_distortion"": 1.2948475469907084, ""minimum_gap"": 0.6319949108691677, ""minimum_gap_s"": 0.56, ""omega_scale"": 1.0}, {""gap_distortion"": 1.5859880183457764, ""minimum_gap"": 0.7740960382737625, ""minimum_gap_s"": 0.5800000000000001, ""omega_scale"": 1.224744871391589}, {""gap_distortion"": 1.9430582979557147, ""minimum_gap"": 0.9483764777437005, ""minimum_gap_s"": 0.6, ""omega_scale"": 1.5}]"
atlas,44,Exd?,6,7,5,1,3,1,Cl,4,4,3,3,2,2,1.0,False,1.0,4.938270432308656e-05,0.98,4.938209891847123e-05,0.98,1.0000122595966674,"[{""gap_distortion"": 1.0000122595966674, ""minimum_gap"": 4.938209891847123e-05, ""minimum_gap_s"": 0.98, ""omega_scale"": 1.0}, {""gap_distortion"": 2.2361339918685874, ""minimum_gap"": 0.00011042634374724969, ""minimum_gap_s"": 0.98, ""omega_scale"": 1.224744871391589}, {""gap_distortion"": 4.985248387524767, ""minimum_gap"": 0.0002461850470982796, ""minimum_gap_s"": 0.98, ""omega_scale"": 1.5}]"
atlas,45,EYOw,6,7,0,2,3,1,Cr,4,4,3,3,3,2,0.6666666666666666,True,1.0,0.004962963802160658,0.98,4.938209891758305e-05,0.98,100.50127295001508,"[{""gap_distortion"": 100.50127295001508, ""minimum_gap"": 4.938209891758305e-05, ""minimum_gap_s"": 0.98, ""omega_scale"": 1.0}, {""gap_distortion"": 44.94365777064952, ""minimum_gap"": 0.00011042634374547333, ""minimum_gap_s"": 0.98, ""omega_scale"": 1.224744871391589}, {""gap_distortion"": 20.159485154041796, ""minimum_gap"": 0.00024618504710005595, ""minimum_gap_s"": 0.98, ""omega_scale"": 1.5}]"
atlas,46,E~a?,6,8,4,0,5,2,Cw,4,3,3,3,3,3,1.0,False,1.0,0.014889156621484823,0.98,0.014889156509220847,0.98,1.0000000075399822,"[{""gap_distortion"": 1.0000000075399822, ""minimum_gap"": 0.014889156509220847, ""minimum_gap_s"": 0.98, ""omega_scale"": 1.0}, {""gap_distortion"": 1.4945383125955183, ""minimum_gap"": 0.022252415013044313, ""minimum_gap_s"": 0.98, ""omega_scale"": 1.224744871391589}, {""gap_distortion"": 2.229737844297027, ""minimum_gap"": 0.03319891598859037, ""minimum_gap_s"": 0.98, ""omega_scale"": 1.5}]"
atlas,46,E~a?,6,8,5,0,5,2,Cw,4,3,3,3,3,3,1.0,False,1.0,0.014889156621484823,0.98,0.014889156509220847,0.98,1.0000000075399822,"[{""gap_distortion"": 1.0000000075399822, ""minimum_gap"": 0.014889156509220847, ""minimum_gap_s"": 0.98, ""omega_scale"": 1.0}, {""gap_distortion"": 1.4945383125955183, ""minimum_gap"": 0.022252415013044313, ""minimum_gap_s"": 0.98, ""omega_scale"": 1.224744871391589}, {""gap_distortion"": 2.229737844297027, ""minimum_gap"": 0.03319891598859037, ""minimum_gap_s"": 0.98, ""omega_scale"": 1.5}]"
atlas,47,E~_O,6,8,4,0,4,1,Cx,4,4,3,3,2,2,1.0,False,1.0,0.00995061532109176,0.98,0.009950554578278314,0.98,1.0000061044651298,"[{""gap_distortion"": 1.0000061044651298, ""minimum_gap"": 0.009950554578278314, ""minimum_gap_s"": 0.98, ""omega_scale"": 1.0}, {""gap_distortion"": 1.4963254193233306, ""minimum_gap"": 0.014889358642857786, ""minimum_gap_s"": 0.98, ""omega_scale"": 1.224744871391589}, {""gap_distortion"": 2.2363524614257524, ""minimum_gap"": 0.02225308306602436, ""minimum_gap_s"": 0.98, ""omega_scale"": 1.5}]"
atlas,47,E~_O,6,8,5,3,4,1,C{,4,4,3,3,2,2,1.0,False,1.0,0.00995061532109176,0.98,0.00995055457828009,0.98,1.0000061044649513,"[{""gap_distortion"": 1.0000061044649513, ""minimum_gap"": 0.00995055457828009, ""minimum_gap_s"": 0.98, ""omega_scale"": 1.0}, {""gap_distortion"": 1.4963254193233306, ""minimum_gap"": 0.014889358642857786, ""minimum_gap_s"": 0.98, ""omega_scale"": 1.224744871391589}, {""gap_distortion"": 2.236352461425663, ""minimum_gap"": 0.02225308306602347, ""minimum_gap_s"": 0.98, ""omega_scale"": 1.5}]"
atlas,48,EzW_,6,8,5,2,5,1,Ci,4,3,4,4,1,1,1.0,False,1.0,0.8291913406497204,0.48000000000000004,0.8638475452747836,0.48000000000000004,1.0417951839655102,"[{""gap_distortion"": 1.0417951839655102, ""minimum_gap"": 0.8638475452747836, ""minimum_gap_s"": 0.48000000000000004, ""omega_scale"": 1.0}, {""gap_distortion"": 1.274799818418626, ""minimum_gap"": 1.0570529704945606, ""minimum_gap_s"": 0.48000000000000004, ""omega_scale"": 1.224744871391589}, {""gap_distortion"": 1.5608748897446625, ""minimum_gap"": 1.2942639424138613, ""minimum_gap_s"": 0.48000000000000004, ""omega_scale"": 1.5}]"
atlas,49,Ejt?,6,8,5,1,5,1,CL,4,3,3,3,3,3,1.0,False,1.0,0.0070483963001439776,0.98,0.007048396190350026,0.98,1.0000000155771538,"[{""gap_distortion"": 1.0000000155771538, ""minimum_gap"": 0.007048396190350026, ""minimum_gap_s"": 0.98, ""omega_scale"": 1.0}, {""gap_distortion"": 1.4976162851707377, ""minimum_gap"": 0.010555793083432796, ""minimum_gap_s"": 0.98, ""omega_scale"": 1.224744871391589}, {""gap_distortion"": 2.2411133961128176, ""minimum_gap"": 0.015796255369364687, ""minimum_gap_s"": 0.98, ""omega_scale"": 1.5}]"
atlas,50,EjsG,6,8,5,4,4,1,Cj,4,4,3,3,2,2,1.0,False,1.0,0.009950554578511017,0.98,0.009950554578281867,0.98,1.000000000023029,"[{""gap_distortion"": 1.000000000023029, ""minimum_gap"": 0.009950554578281867, ""minimum_gap_s"": 0.98, ""omega_scale"": 1.0}, {""gap_distortion"": 1.4963345535545933, ""minimum_gap"": 0.014889358642856898, ""minimum_gap_s"": 0.98, ""omega_scale"": 1.224744871391589}, {""gap_distortion"": 2.236366113108804, ""minimum_gap"": 0.022253083066021695, ""minimum_gap_s"": 0.98, ""omega_scale"": 1.5}]"
atlas,51,Ez`_,6,8,4,0,3,1,C},4,5,3,3,2,1,0.5,True,1.0,0.009950493835543917,0.98,0.6319949108691677,0.56,63.51392416441022,"[{""gap_distortion"": 63.51392416441022, ""minimum_gap"": 0.6319949108691677, ""minimum_gap_s"": 0.56, ""omega_scale"": 1.0}, {""gap_distortion"": 77.79473572544038, ""minimum_gap"": 0.7740960382737625, ""minimum_gap_s"": 0.5800000000000001, ""omega_scale"": 1.224744871391589}, {""gap_distortion"": 95.30948849553859, ""minimum_gap"": 0.9483764777437005, ""minimum_gap_s"": 0.6, ""omega_scale"": 1.5}]"
atlas,52,Eju?,6,8,5,0,3,1,C|,4,5,3,3,1,1,1.0,False,1.0,0.5633501641719822,0.5800000000000001,0.6319949108691677,0.56,1.1218509393674896,"[{""gap_distortion"": 1.1218509393674896, ""minimum_gap"": 0.6319949108691677, ""minimum_gap_s"": 0.56, ""omega_scale"": 1.0}, {""gap_distortion"": 1.3740939250661917, ""minimum_gap"": 0.7740960382737625, ""minimum_gap_s"": 0.5800000000000001, ""omega_scale"": 1.224744871391589}, {""gap_distortion"": 1.6834582433070446, ""minimum_gap"": 0.9483764777437005, ""minimum_gap_s"": 0.6, ""omega_scale"": 1.5}]"
atlas,53,Ev`_,6,8,4,0,4,1,C],4,4,3,3,2,2,1.0,False,1.0,4.938241135565846e-05,0.98,4.938209891847123e-05,0.98,1.0000063269321084,"[{""gap_distortion"": 1.0000063269321084, ""minimum_gap"": 4.938209891847123e-05, ""minimum_gap_s"": 0.98, ""omega_scale"": 1.0}, {""gap_distortion"": 2.2361472580175357, ""minimum_gap"": 0.00011042634374724969, ""minimum_gap_s"": 0.98, ""omega_scale"": 1.224744871391589}, {""gap_distortion"": 4.985277963216013, ""minimum_gap"": 0.0002461850471018323, ""minimum_gap_s"": 0.98, ""omega_scale"": 1.5}]"
atlas,54,EXSw,6,8,0,2,4,1,CZ,4,4,3,3,2,2,1.0,False,1.0,0.009950554654794885,0.98,0.009950554578276538,0.98,1.0000000076898576,"[{""gap_distortion"": 1.0000000076898576, ""minimum_gap"": 0.009950554578276538, ""minimum_gap_s"": 0.98, ""omega_scale"": 1.0}, {""gap_distortion"": 1.4963345420834326, ""minimum_gap"": 0.014889358642858674, ""minimum_gap_s"": 0.98, ""omega_scale"": 1.224744871391589}, {""gap_distortion"": 2.236366095964255, ""minimum_gap"": 0.022253083066022583, ""minimum_gap_s"": 0.98, ""omega_scale"": 1.5}]"
atlas,55,E~AG,6,8,4,5,2,1,C~,4,6,2,2,7,4,0.5714285714285714,True,1.0,0.009655321856691046,0.98,0.019803902718557254,0.98,2.0510867491002736,"[{""gap_distortion"": 2.0510867491002736, ""minimum_gap"": 0.019803902718557254, ""minimum_gap_s"": 0.98, ""omega_scale"": 1.0}, {""gap_distortion"": 3.061836211934572, ""minimum_gap"": 0.02956301409869999, ""minimum_gap_s"": 0.98, ""omega_scale"": 1.224744871391589}, {""gap_distortion"": 4.5602468301502235, ""minimum_gap"": 0.04403065089105551, ""minimum_gap_s"": 0.98, ""omega_scale"": 1.5}]"
atlas,56,Er`o,6,8,4,0,3,1,C^,4,5,3,3,1,1,1.0,False,1.0,0.4928536865167663,0.56,0.6319949108691677,0.56,1.2823175075259743,"[{""gap_distortion"": 1.2823175075259743, ""minimum_gap"": 0.6319949108691677, ""minimum_gap_s"": 0.56, ""omega_scale"": 1.0}, {""gap_distortion"": 1.570640657564461, ""minimum_gap"": 0.7740960382737625, ""minimum_gap_s"": 0.5800000000000001, ""omega_scale"": 1.224744871391589}, {""gap_distortion"": 1.9242556232993457, ""minimum_gap"": 0.9483764777437005, ""minimum_gap_s"": 0.6, ""omega_scale"": 1.5}]"
atlas,57,E~H_,6,9,4,2,5,1,Cy,4,4,3,3,2,2,1.0,False,1.0,0.009950554653952892,0.98,0.00995055457828009,0.98,1.0000000076048827,"[{""gap_distortion"": 1.0000000076048827, ""minimum_gap"": 0.00995055457828009, ""minimum_gap_s"": 0.98, ""omega_scale"": 1.0}, {""gap_distortion"": 1.4963345422097813, ""minimum_gap"": 0.01488935864285601, ""minimum_gap_s"": 0.98, ""omega_scale"": 1.224744871391589}, {""gap_distortion"": 2.236366096153402, ""minimum_gap"": 0.022253083066021695, ""minimum_gap_s"": 0.98, ""omega_scale"": 1.5}]"
atlas,58,E~`_,6,9,4,0,4,1,C},4,5,3,3,1,1,1.0,False,1.0,0.6433375257043474,0.5800000000000001,0.6319949108691677,0.56,1.017947319891517,"[{""gap_distortion"": 1.017947319891517, ""minimum_gap"": 0.6319949108691677, ""minimum_gap_s"": 0.56, ""omega_scale"": 1.0}, {""gap_distortion"": 1.2032502494336177, ""minimum_gap"": 0.7740960382737625, ""minimum_gap_s"": 0.5800000000000001, ""omega_scale"": 1.224744871391589}, {""gap_distortion"": 1.474150721591106, ""minimum_gap"": 0.9483764777437005, ""minimum_gap_s"": 0.6, ""omega_scale"": 1.5}]"
atlas,59,El{G,6,9,5,4,5,1,Cl,4,4,3,3,2,2,1.0,False,1.0,4.938217543770662e-05,0.98,4.938209891847123e-05,0.98,1.000001549533881,"[{""gap_distortion"": 1.000001549533881, ""minimum_gap"": 4.938209891847123e-05, ""minimum_gap_s"": 0.98, ""omega_scale"": 1.0}, {""gap_distortion"": 2.2361579409669288, ""minimum_gap"": 0.00011042634374724969, ""minimum_gap_s"": 0.98, ""omega_scale"": 1.224744871391589}, {""gap_distortion"": 4.98530177976527, ""minimum_gap"": 0.0002461850470982796, ""minimum_gap_s"": 0.98, ""omega_scale"": 1.5}]"
atlas,60,EZSw,6,9,0,2,4,1,Cz,4,5,3,3,1,1,1.0,False,1.0,0.5585880832802095,0.56,0.6319949108691677,0.56,1.13141495457241,"[{""gap_distortion"": 1.13141495457241, ""minimum_gap"": 0.6319949108691677, ""minimum_gap_s"": 0.56, ""omega_scale"": 1.0}, {""gap_distortion"": 1.3858083647757409, ""minimum_gap"": 0.7740960382737625, ""minimum_gap_s"": 0.5800000000000001, ""omega_scale"": 1.224744871391589}, {""gap_distortion"": 1.697810078894859, ""minimum_gap"": 0.9483764777437005, ""minimum_gap_s"": 0.6, ""omega_scale"": 1.5}]"
atlas,61,E~@g,6,9,4,5,3,1,C~,4,6,2,2,6,4,0.6666666666666666,True,1.0,0.011079624983116432,0.98,0.019803902718557254,0.98,1.7874163384352104,"[{""gap_distortion"": 1.7874163384352104, ""minimum_gap"": 0.019803902718557254, ""minimum_gap_s"": 0.98, ""omega_scale"": 1.0}, {""gap_distortion"": 2.668232376434155, ""minimum_gap"": 0.02956301409869999, ""minimum_gap_s"": 0.98, ""omega_scale"": 1.224744871391589}, {""gap_distortion"": 3.9740199653103017, ""minimum_gap"": 0.04403065089105551, ""minimum_gap_s"": 0.98, ""omega_scale"": 1.5}]"
atlas,62,En{G,6,10,5,4,5,1,Cn,4,5,3,3,1,1,1.0,False,1.0,0.6249246005179185,0.56,0.6319949108691677,0.56,1.0113138614568693,"[{""gap_distortion"": 1.0113138614568693, ""minimum_gap"": 0.6319949108691677, ""minimum_gap_s"": 0.56, ""omega_scale"": 1.0}, {""gap_distortion"": 1.238703097353209, ""minimum_gap"": 0.7740960382737625, ""minimum_gap_s"": 0.5800000000000001, ""omega_scale"": 1.224744871391589}, {""gap_distortion"": 1.5175854446403851, ""minimum_gap"": 0.9483764777437005, ""minimum_gap_s"": 0.6, ""omega_scale"": 1.5}]"
atlas,63,En}?,6,10,5,0,4,1,C~,4,6,2,2,5,4,0.8,True,1.0,0.013151951376590532,0.98,0.019803902718557254,0.98,1.5057767590143838,"[{""gap_distortion"": 1.5057767590143838, ""minimum_gap"": 0.019803902718557254, ""minimum_gap_s"": 0.98, ""omega_scale"": 1.0}, {""gap_distortion"": 2.2478043943592962, ""minimum_gap"": 0.02956301409869999, ""minimum_gap_s"": 0.98, ""omega_scale"": 1.224744871391589}, {""gap_distortion"": 3.347841672333636, ""minimum_gap"": 0.04403065089105551, ""minimum_gap_s"": 0.98, ""omega_scale"": 1.5}]"
atlas,64,E~|?,6,11,5,1,5,1,C~,4,6,2,2,4,4,1.0,False,1.0,0.0198040218586355,0.98,0.019803902718557254,0.98,1.0000060159898754,"[{""gap_distortion"": 1.0000060159898754, ""minimum_gap"": 0.019803902718557254, ""minimum_gap_s"": 0.98, ""omega_scale"": 1.0}, {""gap_distortion"": 1.4927783007777837, ""minimum_gap"": 0.02956301409869999, ""minimum_gap_s"": 0.98, ""omega_scale"": 1.224744871391589}, {""gap_distortion"": 2.223318637262362, ""minimum_gap"": 0.04403065089105551, ""minimum_gap_s"": 0.98, ""omega_scale"": 1.5}]"
atlas,65,F??Fw,7,6,0,6,6,6,D??,5,0,6,6,1,1,1.0,False,1.0,0.9877270007024901,0.48000000000000004,0.9999999999999991,0.5,1.0124254974185987,"[{""gap_distortion"": 1.0124254974185987, ""minimum_gap"": 0.9999999999999991, ""minimum_gap_s"": 0.5, ""omega_scale"": 1.0}, {""gap_distortion"": 1.1979180034345498, ""minimum_gap"": 1.1832159566199232, ""minimum_gap_s"": 0.5, ""omega_scale"": 1.1832159566199232}, {""gap_distortion"": 1.4173956963860388, ""minimum_gap"": 1.3999999999999995, ""minimum_gap_s"": 0.5, ""omega_scale"": 1.4}]"
atlas,65,F??Fw,7,6,1,6,6,6,D??,5,0,6,6,1,1,1.0,False,1.0,0.9877270007024901,0.48000000000000004,0.9999999999999991,0.5,1.0124254974185987,"[{""gap_distortion"": 1.0124254974185987, ""minimum_gap"": 0.9999999999999991, ""minimum_gap_s"": 0.5, ""omega_scale"": 1.0}, {""gap_distortion"": 1.1979180034345498, ""minimum_gap"": 1.1832159566199232, ""minimum_gap_s"": 0.5, ""omega_scale"": 1.1832159566199232}, {""gap_distortion"": 1.4173956963860388, ""minimum_gap"": 1.3999999999999995, ""minimum_gap_s"": 0.5, ""omega_scale"": 1.4}]"
atlas,65,F??Fw,7,6,2,6,6,6,D??,5,0,6,6,1,1,1.0,False,1.0,0.9877270007024901,0.48000000000000004,0.9999999999999991,0.5,1.0124254974185987,"[{""gap_distortion"": 1.0124254974185987, ""minimum_gap"": 0.9999999999999991, ""minimum_gap_s"": 0.5, ""omega_scale"": 1.0}, {""gap_distortion"": 1.1979180034345498, ""minimum_gap"": 1.1832159566199232, ""minimum_gap_s"": 0.5, ""omega_scale"": 1.1832159566199232}, {""gap_distortion"": 1.4173956963860388, ""minimum_gap"": 1.3999999999999995, ""minimum_gap_s"": 0.5, ""omega_scale"": 1.4}]"
atlas,65,F??Fw,7,6,3,6,6,6,D??,5,0,6,6,1,1,1.0,False,1.0,0.9877270007024901,0.48000000000000004,0.9999999999999991,0.5,1.0124254974185987,"[{""gap_distortion"": 1.0124254974185987, ""minimum_gap"": 0.9999999999999991, ""minimum_gap_s"": 0.5, ""omega_scale"": 1.0}, {""gap_distortion"": 1.1979180034345498, ""minimum_gap"": 1.1832159566199232, ""minimum_gap_s"": 0.5, ""omega_scale"": 1.1832159566199232}, {""gap_distortion"": 1.4173956963860388, ""minimum_gap"": 1.3999999999999995, ""minimum_gap_s"": 0.5, ""omega_scale"": 1.4}]"
atlas,65,F??Fw,7,6,4,6,6,6,D??,5,0,6,6,1,1,1.0,False,1.0,0.9877270007024901,0.48000000000000004,0.9999999999999991,0.5,1.0124254974185987,"[{""gap_distortion"": 1.0124254974185987, ""minimum_gap"": 0.9999999999999991, ""minimum_gap_s"": 0.5, ""omega_scale"": 1.0}, {""gap_distortion"": 1.1979180034345498, ""minimum_gap"": 1.1832159566199232, ""minimum_gap_s"": 0.5, ""omega_scale"": 1.1832159566199232}, {""gap_distortion"": 1.4173956963860388, ""minimum_gap"": 1.3999999999999995, ""minimum_gap_s"": 0.5, ""omega_scale"": 1.4}]"
atlas,65,F??Fw,7,6,5,6,6,6,D??,5,0,6,6,1,1,1.0,False,1.0,0.9877270007024901,0.48000000000000004,0.9999999999999991,0.5,1.0124254974185987,"[{""gap_distortion"": 1.0124254974185987, ""minimum_gap"": 0.9999999999999991, ""minimum_gap_s"": 0.5, ""omega_scale"": 1.0}, {""gap_distortion"": 1.1979180034345498, ""minimum_gap"": 1.1832159566199232, ""minimum_gap_s"": 0.5, ""omega_scale"": 1.1832159566199232}, {""gap_distortion"": 1.4173956963860388, ""minimum_gap"": 1.3999999999999995, ""minimum_gap_s"": 0.5, ""omega_scale"": 1.4}]"
atlas,66,FhG`?,7,6,0,1,2,1,Ds_,5,4,5,5,2,1,0.5,True,1.0,0.00995049383620561,0.98,0.9347560842189926,0.48000000000000004,93.94067265463883,"[{""gap_distortion"": 93.94067265463883, ""minimum_gap"": 0.9347560842189926, ""minimum_gap_s"": 0.48000000000000004, ""omega_scale"": 1.0}, {""gap_distortion"": 111.21932855723932, ""minimum_gap"": 1.1066872432757364, ""minimum_gap_s"": 0.48000000000000004, ""omega_scale"": 1.1832159566199232}, {""gap_distortion"": 131.50640356275298, ""minimum_gap"": 1.3085536580727408, ""minimum_gap_s"": 0.46, ""omega_scale"": 1.4}]"
atlas,66,FhG`?,7,6,3,2,5,4,D_?,5,1,5,5,2,2,1.0,False,1.0,0.00995049383620561,0.98,0.009950493836203833,0.98,1.0000000000001785,"[{""gap_distortion"": 1.0000000000001785, ""minimum_gap"": 0.009950493836203833, ""minimum_gap_s"": 0.98, ""omega_scale"": 1.0}, {""gap_distortion"": 1.3972521042458967, ""minimum_gap"": 0.013903348450924113, ""minimum_gap_s"": 0.98, ""omega_scale"": 1.1832159566199232}, {""gap_distortion"": 1.9508172468125426, ""minimum_gap"": 0.019411594989971803, ""minimum_gap_s"": 0.98, ""omega_scale"": 1.4}]"
atlas,66,FhG`?,7,6,4,2,5,4,D_?,5,1,5,5,2,2,1.0,False,1.0,0.00995049383620561,0.98,0.009950493836203833,0.98,1.0000000000001785,"[{""gap_distortion"": 1.0000000000001785, ""minimum_gap"": 0.009950493836203833, ""minimum_gap_s"": 0.98, ""omega_scale"": 1.0}, {""gap_distortion"": 1.3972521042458967, ""minimum_gap"": 0.013903348450924113, ""minimum_gap_s"": 0.98, ""omega_scale"": 1.1832159566199232}, {""gap_distortion"": 1.9508172468125426, ""minimum_gap"": 0.019411594989971803, ""minimum_gap_s"": 0.98, ""omega_scale"": 1.4}]"
atlas,66,FhG`?,7,6,5,2,5,4,D_?,5,1,5,5,2,2,1.0,False,1.0,0.00995049383620561,0.98,0.009950493836203833,0.98,1.0000000000001785,"[{""gap_distortion"": 1.0000000000001785, ""minimum_gap"": 0.009950493836203833, ""minimum_gap_s"": 0.98, ""omega_scale"": 1.0}, {""gap_distortion"": 1.3972521042458967, ""minimum_gap"": 0.013903348450924113, ""minimum_gap_s"": 0.98, ""omega_scale"": 1.1832159566199232}, {""gap_distortion"": 1.9508172468125426, ""minimum_gap"": 0.019411594989971803, ""minimum_gap_s"": 0.98, ""omega_scale"": 1.4}]"
atlas,66,FhG`?,7,6,6,2,5,4,D_?,5,1,5,5,2,2,1.0,False,1.0,0.00995049383620561,0.98,0.009950493836203833,0.98,1.0000000000001785,"[{""gap_distortion"": 1.0000000000001785, ""minimum_gap"": 0.009950493836203833, ""minimum_gap_s"": 0.98, ""omega_scale"": 1.0}, {""gap_distortion"": 1.3972521042458967, ""minimum_gap"": 0.013903348450924113, ""minimum_gap_s"": 0.98, ""omega_scale"": 1.1832159566199232}, {""gap_distortion"": 1.9508172468125426, ""minimum_gap"": 0.019411594989971803, ""minimum_gap_s"": 0.98, ""omega_scale"": 1.4}]"
atlas,67,FiO`?,7,6,0,1,4,3,DC_,5,2,5,5,1,1,1.0,False,1.0,0.7198235640450719,0.54,0.7150264191663724,0.54,1.0067090456381909,"[{""gap_distortion"": 1.0067090456381909, ""minimum_gap"": 0.7150264191663724, ""minimum_gap_s"": 0.54, ""omega_scale"": 1.0}, {""gap_distortion"": 1.1748701601224125, ""minimum_gap"": 0.8456992259495193, ""minimum_gap_s"": 0.54, ""omega_scale"": 1.1832159566199232}, {""gap_distortion"": 1.391750274766905, ""minimum_gap"": 1.0018146430434216, ""minimum_gap_s"": 0.54, ""omega_scale"": 1.4}]"
atlas,67,FiO`?,7,6,3,1,4,3,DAO,5,2,5,5,1,1,1.0,False,1.0,0.7198235640450719,0.54,0.7150264191663733,0.54,1.0067090456381897,"[{""gap_distortion"": 1.0067090456381897, ""minimum_gap"": 0.7150264191663733, ""minimum_gap_s"": 0.54, ""omega_scale"": 1.0}, {""gap_distortion"": 1.1748701601224125, ""minimum_gap"": 0.8456992259495193, ""minimum_gap_s"": 0.54, ""omega_scale"": 1.1832159566199232}, {""gap_distortion"": 1.3917502747669037, ""minimum_gap"": 1.0018146430434207, ""minimum_gap_s"": 0.54, ""omega_scale"": 1.4}]"
atlas,67,FiO`?,7,6,4,1,4,3,DAO,5,2,5,5,1,1,1.0,False,1.0,0.7198235640450719,0.54,0.7150264191663733,0.54,1.0067090456381897,"[{""gap_distortion"": 1.0067090456381897, ""minimum_gap"": 0.7150264191663733, ""minimum_gap_s"": 0.54, ""omega_scale"": 1.0}, {""gap_distortion"": 1.1748701601224125, ""minimum_gap"": 0.8456992259495193, ""minimum_gap_s"": 0.54, ""omega_scale"": 1.1832159566199232}, {""gap_distortion"": 1.3917502747669037, ""minimum_gap"": 1.0018146430434207, ""minimum_gap_s"": 0.54, ""omega_scale"": 1.4}]"
atlas,67,FiO`?,7,6,5,2,3,2,Di?,5,3,5,5,1,1,1.0,False,1.0,0.7198235640450719,0.54,0.8638475452747834,0.48000000000000004,1.2000823374277498,"[{""gap_distortion"": 1.2000823374277498, ""minimum_gap"": 0.8638475452747834, ""minimum_gap_s"": 0.48000000000000004, ""omega_scale"": 1.0}, {""gap_distortion"": 1.4188353692527533, ""minimum_gap"": 1.0213111322887225, ""minimum_gap_s"": 0.48000000000000004, ""omega_scale"": 1.1832159566199232}, {""gap_distortion"": 1.6782337487534245, ""minimum_gap"": 1.2080321983284117, ""minimum_gap_s"": 0.48000000000000004, ""omega_scale"": 1.4}]"
atlas,67,FiO`?,7,6,6,2,3,2,Di?,5,3,5,5,1,1,1.0,False,1.0,0.7198235640450719,0.54,0.8638475452747834,0.48000000000000004,1.2000823374277498,"[{""gap_distortion"": 1.2000823374277498, ""minimum_gap"": 0.8638475452747834, ""minimum_gap_s"": 0.48000000000000004, ""omega_scale"": 1.0}, {""gap_distortion"": 1.4188353692527533, ""minimum_gap"": 1.0213111322887225, ""minimum_gap_s"": 0.48000000000000004, ""omega_scale"": 1.1832159566199232}, {""gap_distortion"": 1.6782337487534245, ""minimum_gap"": 1.2080321983284117, ""minimum_gap_s"": 0.48000000000000004, ""omega_scale"": 1.4}]"
atlas,68,FiOG_,7,6,0,1,4,2,D@O,5,2,4,4,4,4,1.0,False,1.0,0.009950486186957264,0.98,0.009950493836204721,0.98,1.0000007687310262,"[{""gap_distortion"": 1.0000007687310262, ""minimum_gap"": 0.009950493836204721, ""minimum_gap_s"": 0.98, ""omega_scale"": 1.0}, {""gap_distortion"": 1.3972531783574225, ""minimum_gap"": 0.013903348450927666, ""minimum_gap_s"": 0.98, ""omega_scale"": 1.1832159566199232}, {""gap_distortion"": 1.9508187464662823, ""minimum_gap"": 0.019411594989970027, ""minimum_gap_s"": 0.98, ""omega_scale"": 1.4}]"
atlas,68,FiOG_,7,6,2,1,4,2,D@O,5,2,4,4,4,4,1.0,False,1.0,0.009950486186957264,0.98,0.009950493836204721,0.98,1.0000007687310262,"[{""gap_distortion"": 1.0000007687310262, ""minimum_gap"": 0.009950493836204721, ""minimum_gap_s"": 0.98, ""omega_scale"": 1.0}, {""gap_distortion"": 1.3972531783574225, ""minimum_gap"": 0.013903348450927666, ""minimum_gap_s"": 0.98, ""omega_scale"": 1.1832159566199232}, {""gap_distortion"": 1.9508187464662823, ""minimum_gap"": 0.019411594989970027, ""minimum_gap_s"": 0.98, ""omega_scale"": 1.4}]"
atlas,68,FiOG_,7,6,5,4,2,1,DiC,5,4,4,4,4,2,0.5,True,1.0,0.009950486186957264,0.98,0.009950493835974683,0.98,1.000000768707908,"[{""gap_distortion"": 1.000000768707908, ""minimum_gap"": 0.009950493835974683, ""minimum_gap_s"": 0.98, ""omega_scale"": 1.0}, {""gap_distortion"": 1.3972531782321018, ""minimum_gap"": 0.013903348449680664, ""minimum_gap_s"": 0.98, ""omega_scale"": 1.1832159566199232}, {""gap_distortion"": 1.9508187458085269, ""minimum_gap"": 0.01941159498342504, ""minimum_gap_s"": 0.98, ""omega_scale"": 1.4}]"
atlas,68,FiOG_,7,6,6,3,2,1,DiC,5,4,4,4,4,2,0.5,True,1.0,0.009950486186957264,0.98,0.009950493835974683,0.98,1.000000768707908,"[{""gap_distortion"": 1.000000768707908, ""minimum_gap"": 0.009950493835974683, ""minimum_gap_s"": 0.98, ""omega_scale"": 1.0}, {""gap_distortion"": 1.3972531782321018, ""minimum_gap"": 0.013903348449680664, ""minimum_gap_s"": 0.98, ""omega_scale"": 1.1832159566199232}, {""gap_distortion"": 1.9508187458085269, ""minimum_gap"": 0.01941159498342504, ""minimum_gap_s"": 0.98, ""omega_scale"": 1.4}]"
atlas,69,FiO_G,7,6,0,1,4,3,DCC,5,2,5,5,1,1,1.0,False,1.0,0.7106968199545896,0.54,0.7150264191663729,0.54,1.0060920481001447,"[{""gap_distortion"": 1.0060920481001447, ""minimum_gap"": 0.7150264191663729, ""minimum_gap_s"": 0.54, ""omega_scale"": 1.0}, {""gap_distortion"": 1.1899578022644814, ""minimum_gap"": 0.8456992259495193, ""minimum_gap_s"": 0.54, ""omega_scale"": 1.1832159566199232}, {""gap_distortion"": 1.4096230838734205, ""minimum_gap"": 1.0018146430434216, ""minimum_gap_s"": 0.54, ""omega_scale"": 1.4}]"
atlas,69,FiO_G,7,6,3,1,4,3,DAC,5,2,5,5,1,1,1.0,False,1.0,0.7106968199545896,0.54,0.7150264191663724,0.54,1.0060920481001443,"[{""gap_distortion"": 1.0060920481001443, ""minimum_gap"": 0.7150264191663724, ""minimum_gap_s"": 0.54, ""omega_scale"": 1.0}, {""gap_distortion"": 1.1899578022644814, ""minimum_gap"": 0.8456992259495193, ""minimum_gap_s"": 0.54, ""omega_scale"": 1.1832159566199232}, {""gap_distortion"": 1.4096230838734192, ""minimum_gap"": 1.0018146430434207, ""minimum_gap_s"": 0.54, ""omega_scale"": 1.4}]"
atlas,69,FiO_G,7,6,4,1,4,3,DAC,5,2,5,5,1,1,1.0,False,1.0,0.7106968199545896,0.54,0.7150264191663724,0.54,1.0060920481001443,"[{""gap_distortion"": 1.0060920481001443, ""minimum_gap"": 0.7150264191663724, ""minimum_gap_s"": 0.54, ""omega_scale"": 1.0}, {""gap_distortion"": 1.1899578022644814, ""minimum_gap"": 0.8456992259495193, ""minimum_gap_s"": 0.54, ""omega_scale"": 1.1832159566199232}, {""gap_distortion"": 1.4096230838734192, ""minimum_gap"": 1.0018146430434207, ""minimum_gap_s"": 0.54, ""omega_scale"": 1.4}]"
atlas,69,FiO_G,7,6,6,5,2,1,DiO,5,4,5,5,1,1,1.0,False,1.0,0.7106968199545896,0.54,0.9347560842189924,0.48000000000000004,1.3152670139690779,"[{""gap_distortion"": 1.3152670139690779, ""minimum_gap"": 0.9347560842189924, ""minimum_gap_s"": 0.48000000000000004, ""omega_scale"": 1.0}, {""gap_distortion"": 1.557186147739411, ""minimum_gap"": 1.106687243275737, ""minimum_gap_s"": 0.48000000000000004, ""omega_scale"": 1.1832159566199232}, {""gap_distortion"": 1.8412262744560361, ""minimum_gap"": 1.3085536580727413, ""minimum_gap_s"": 0.46, ""omega_scale"": 1.4}]"
atlas,70,FIo`?,7,6,0,4,2,1,DqO,5,4,4,4,3,2,0.6666666666666666,True,1.0,0.007048403835407058,0.98,0.00995049383597113,0.98,1.4117371916157344,"[{""gap_distortion"": 1.4117371916157344, ""minimum_gap"": 0.00995049383597113, ""minimum_gap_s"": 0.98, ""omega_scale"": 1.0}, {""gap_distortion"": 1.9725527614975962, ""minimum_gap"": 0.01390334844968244, ""minimum_gap_s"": 0.98, ""omega_scale"": 1.1832159566199232}, {""gap_distortion"": 2.7540412605063684, ""minimum_gap"": 0.019411594983422376, ""minimum_gap_s"": 0.98, ""omega_scale"": 1.4}]"
atlas,70,FIo`?,7,6,3,1,3,1,DQO,5,3,4,4,3,2,0.6666666666666666,True,1.0,0.007048403835407058,0.98,0.009950493836207386,0.98,1.4117371916492534,"[{""gap_distortion"": 1.4117371916492534, ""minimum_gap"": 0.009950493836207386, ""minimum_gap_s"": 0.98, ""omega_scale"": 1.0}, {""gap_distortion"": 1.972552761673634, ""minimum_gap"": 0.013903348450923225, ""minimum_gap_s"": 0.98, ""omega_scale"": 1.1832159566199232}, {""gap_distortion"": 2.754041261436206, ""minimum_gap"": 0.019411594989976244, ""minimum_gap_s"": 0.98, ""omega_scale"": 1.4}]"
atlas,70,FIo`?,7,6,5,2,3,2,DM?,5,3,4,4,3,3,1.0,False,1.0,0.007048403835407058,0.98,0.007048396190354467,0.98,1.000001084651371,"[{""gap_distortion"": 1.000001084651371, ""minimum_gap"": 0.007048396190354467, ""minimum_gap_s"": 0.98, ""omega_scale"": 1.0}, {""gap_distortion"": 1.398217257017233, ""minimum_gap"": 0.009855199877092602, ""minimum_gap_s"": 0.98, ""omega_scale"": 1.1832159566199232}, {""gap_distortion"": 1.954039206510236, ""minimum_gap"": 0.013772857437702513, ""minimum_gap_s"": 0.98, ""omega_scale"": 1.4}]"
atlas,70,FIo`?,7,6,6,2,3,2,DM?,5,3,4,4,3,3,1.0,False,1.0,0.007048403835407058,0.98,0.007048396190354467,0.98,1.000001084651371,"[{""gap_distortion"": 1.000001084651371, ""minimum_gap"": 0.007048396190354467, ""minimum_gap_s"": 0.98, ""omega_scale"": 1.0}, {""gap_distortion"": 1.398217257017233, ""minimum_gap"": 0.009855199877092602, ""minimum_gap_s"": 0.98, ""omega_scale"": 1.1832159566199232}, {""gap_distortion"": 1.954039206510236, ""minimum_gap"": 0.013772857437702513, ""minimum_gap_s"": 0.98, ""omega_scale"": 1.4}]"
atlas,71,Fk_`?,7,6,3,0,3,2,DaO,5,3,5,5,1,1,1.0,False,1.0,0.8164953215890793,0.48000000000000004,0.8638475452747836,0.48000000000000004,1.0579944825569194,"[{""gap_distortion"": 1.0579944825569194, ""minimum_gap"": 0.8638475452747836, ""minimum_gap_s"": 0.48000000000000004, ""omega_scale"": 1.0}, {""gap_distortion"": 1.2508475006335937, ""minimum_gap"": 1.0213111322887223, ""minimum_gap_s"": 0.48000000000000004, ""omega_scale"": 1.1832159566199232}, {""gap_distortion"": 1.479533521364599, ""minimum_gap"": 1.2080321983284112, ""minimum_gap_s"": 0.48000000000000004, ""omega_scale"": 1.4}]"
atlas,71,Fk_`?,7,6,4,0,3,2,DaO,5,3,5,5,1,1,1.0,False,1.0,0.8164953215890793,0.48000000000000004,0.8638475452747836,0.48000000000000004,1.0579944825569194,"[{""gap_distortion"": 1.0579944825569194, ""minimum_gap"": 0.8638475452747836, ""minimum_gap_s"": 0.48000000000000004, ""omega_scale"": 1.0}, {""gap_distortion"": 1.2508475006335937, ""minimum_gap"": 1.0213111322887223, ""minimum_gap_s"": 0.48000000000000004, ""omega_scale"": 1.1832159566199232}, {""gap_distortion"": 1.479533521364599, ""minimum_gap"": 1.2080321983284112, ""minimum_gap_s"": 0.48000000000000004, ""omega_scale"": 1.4}]"
atlas,71,Fk_`?,7,6,5,2,3,2,Ds?,5,3,5,5,1,1,1.0,False,1.0,0.8164953215890793,0.48000000000000004,0.8638475452747834,0.48000000000000004,1.0579944825569192,"[{""gap_distortion"": 1.0579944825569192, ""minimum_gap"": 0.8638475452747834, ""minimum_gap_s"": 0.48000000000000004, ""omega_scale"": 1.0}, {""gap_distortion"": 1.2508475006335933, ""minimum_gap"": 1.0213111322887218, ""minimum_gap_s"": 0.48000000000000004, ""omega_scale"": 1.1832159566199232}, {""gap_distortion"": 1.4795335213645995, ""minimum_gap"": 1.2080321983284117, ""minimum_gap_s"": 0.48000000000000004, ""omega_scale"": 1.4}]"
atlas,71,Fk_`?,7,6,6,2,3,2,Ds?,5,3,5,5,1,1,1.0,False,1.0,0.8164953215890793,0.48000000000000004,0.8638475452747834,0.48000000000000004,1.0579944825569192,"[{""gap_distortion"": 1.0579944825569192, ""minimum_gap"": 0.8638475452747834, ""minimum_gap_s"": 0.48000000000000004, ""omega_scale"": 1.0}, {""gap_distortion"": 1.2508475006335933, ""minimum_gap"": 1.0213111322887218, ""minimum_gap_s"": 0.48000000000000004, ""omega_scale"": 1.1832159566199232}, {""gap_distortion"": 1.4795335213645995, ""minimum_gap"": 1.2080321983284117, ""minimum_gap_s"": 0.48000000000000004, ""omega_scale"": 1.4}]"
atlas,72,FaOH_,7,6,0,1,3,1,D@o,5,3,4,4,2,2,1.0,False,1.0,0.009950493835965801,0.98,0.009950493836209162,0.98,1.000000000024457,"[{""gap_distortion"": 1.000000000024457, ""minimum_gap"": 0.009950493836209162, ""minimum_gap_s"": 0.98, ""omega_scale"": 1.0}, {""gap_distortion"": 1.3972521042799277, ""minimum_gap"": 0.013903348450927666, ""minimum_gap_s"": 0.98, ""omega_scale"": 1.1832159566199232}, {""gap_distortion"": 1.9508172468595577, ""minimum_gap"": 0.019411594989971803, ""minimum_gap_s"": 0.98, ""omega_scale"": 1.4}]"
atlas,72,FaOH_,7,6,2,6,2,1,DiC,5,4,4,4,2,2,1.0,False,1.0,0.009950493835965801,0.98,0.009950493835974683,0.98,1.0000000000008926,"[{""gap_distortion"": 1.0000000000008926, ""minimum_gap"": 0.009950493835974683, ""minimum_gap_s"": 0.98, ""omega_scale"": 1.0}, {""gap_distortion"": 1.397252104154607, ""minimum_gap"": 0.013903348449680664, ""minimum_gap_s"": 0.98, ""omega_scale"": 1.1832159566199232}, {""gap_distortion"": 1.9508172462016242, ""minimum_gap"": 0.01941159498342504, ""minimum_gap_s"": 0.98, ""omega_scale"": 1.4}]"
atlas,72,FaOH_,7,6,5,4,2,1,DaK,5,4,4,4,2,1,0.5,True,1.0,0.009950493835965801,0.98,0.5602245440237703,0.56,56.30117994735631,"[{""gap_distortion"": 56.30117994735631, ""minimum_gap"": 0.5602245440237703, ""minimum_gap_s"": 0.56, ""omega_scale"": 1.0}, {""gap_distortion"": 66.71312210650736, ""minimum_gap"": 0.6638285102988353, ""minimum_gap_s"": 0.56, ""omega_scale"": 1.1832159566199232}, {""gap_distortion"": 78.79736352450387, ""minimum_gap"": 0.7840726800409321, ""minimum_gap_s"": 0.5800000000000001, ""omega_scale"": 1.4}]"
atlas,73,FEW`?,7,6,0,3,2,1,DYO,5,4,4,4,3,2,0.6666666666666666,True,1.0,0.007048388545248585,0.98,0.009950493835974683,0.98,1.4117402541155946,"[{""gap_distortion"": 1.4117402541155946, ""minimum_gap"": 0.009950493835974683, ""minimum_gap_s"": 0.98, ""omega_scale"": 1.0}, {""gap_distortion"": 1.9725570405811395, ""minimum_gap"": 0.013903348449681552, ""minimum_gap_s"": 0.98, ""omega_scale"": 1.1832159566199232}, {""gap_distortion"": 2.754047234882803, ""minimum_gap"": 0.019411594983421487, ""minimum_gap_s"": 0.98, ""omega_scale"": 1.4}]"
atlas,73,FEW`?,7,6,5,2,3,2,DY?,5,3,4,4,3,3,1.0,False,1.0,0.007048388545248585,0.98,0.00704839619035269,0.98,1.0000010846598562,"[{""gap_distortion"": 1.0000010846598562, ""minimum_gap"": 0.00704839619035269, ""minimum_gap_s"": 0.98, ""omega_scale"": 1.0}, {""gap_distortion"": 1.3982202901868679, ""minimum_gap"": 0.009855199877087273, ""minimum_gap_s"": 0.98, ""omega_scale"": 1.1832159566199232}, {""gap_distortion"": 1.9540434454309563, ""minimum_gap"": 0.01377285743769363, ""minimum_gap_s"": 0.98, ""omega_scale"": 1.4}]"
atlas,73,FEW`?,7,6,6,2,3,2,DY?,5,3,4,4,3,3,1.0,False,1.0,0.007048388545248585,0.98,0.00704839619035269,0.98,1.0000010846598562,"[{""gap_distortion"": 1.0000010846598562, ""minimum_gap"": 0.00704839619035269, ""minimum_gap_s"": 0.98, ""omega_scale"": 1.0}, {""gap_distortion"": 1.3982202901868679, ""minimum_gap"": 0.009855199877087273, ""minimum_gap_s"": 0.98, ""omega_scale"": 1.1832159566199232}, {""gap_distortion"": 1.9540434454309563, ""minimum_gap"": 0.01377285743769363, ""minimum_gap_s"": 0.98, ""omega_scale"": 1.4}]"
atlas,74,Fk_G_,7,6,2,1,2,1,DpO,5,4,4,4,1,1,1.0,False,1.0,0.4309978000702608,0.5800000000000001,0.5602245440237708,0.56,1.2998315627885886,"[{""gap_distortion"": 1.2998315627885886, ""minimum_gap"": 0.5602245440237708, ""minimum_gap_s"": 0.56, ""omega_scale"": 1.0}, {""gap_distortion"": 1.5402132219482745, ""minimum_gap"": 0.6638285102988346, ""minimum_gap_s"": 0.56, ""omega_scale"": 1.1832159566199232}, {""gap_distortion"": 1.8192034388878853, ""minimum_gap"": 0.7840726800409317, ""minimum_gap_s"": 0.5800000000000001, ""omega_scale"": 1.4}]"
atlas,74,Fk_G_,7,6,5,4,2,1,DkC,5,4,4,4,1,1,1.0,False,1.0,0.4309978000702608,0.5800000000000001,0.5602245440237703,0.56,1.2998315627885877,"[{""gap_distortion"": 1.2998315627885877, ""minimum_gap"": 0.5602245440237703, ""minimum_gap_s"": 0.56, ""omega_scale"": 1.0}, {""gap_distortion"": 1.540213221948276, ""minimum_gap"": 0.6638285102988353, ""minimum_gap_s"": 0.56, ""omega_scale"": 1.1832159566199232}, {""gap_distortion"": 1.8192034388878873, ""minimum_gap"": 0.7840726800409326, ""minimum_gap_s"": 0.5800000000000001, ""omega_scale"": 1.4}]"
atlas,74,Fk_G_,7,6,6,3,2,1,DkC,5,4,4,4,1,1,1.0,False,1.0,0.4309978000702608,0.5800000000000001,0.5602245440237703,0.56,1.2998315627885877,"[{""gap_distortion"": 1.2998315627885877, ""minimum_gap"": 0.5602245440237703, ""minimum_gap_s"": 0.56, ""omega_scale"": 1.0}, {""gap_distortion"": 1.540213221948276, ""minimum_gap"": 0.6638285102988353, ""minimum_gap_s"": 0.56, ""omega_scale"": 1.1832159566199232}, {""gap_distortion"": 1.8192034388878873, ""minimum_gap"": 0.7840726800409326, ""minimum_gap_s"": 0.5800000000000001, ""omega_scale"": 1.4}]"
atlas,75,FhCK?,7,6,5,4,2,1,Dh_,5,4,4,4,1,1,1.0,False,1.0,0.46093958751143527,0.5800000000000001,0.5602245440237708,0.56,1.2153968962578472,"[{""gap_distortion"": 1.2153968962578472, ""minimum_gap"": 0.5602245440237708, ""minimum_gap_s"": 0.56, ""omega_scale"": 1.0}, {""gap_distortion"": 1.4401638051588832, ""minimum_gap"": 0.6638285102988346, ""minimum_gap_s"": 0.56, ""omega_scale"": 1.1832159566199232}, {""gap_distortion"": 1.7010313309691152, ""minimum_gap"": 0.7840726800409317, ""minimum_gap_s"": 0.5800000000000001, ""omega_scale"": 1.4}]"
atlas,75,FhCK?,7,6,6,0,2,1,DhC,5,4,4,4,1,1,1.0,False,1.0,0.46093958751143527,0.5800000000000001,0.5602245440237708,0.56,1.2153968962578472,"[{""gap_distortion"": 1.2153968962578472, ""minimum_gap"": 0.5602245440237708, ""minimum_gap_s"": 0.56, ""omega_scale"": 1.0}, {""gap_distortion"": 1.4401638051588845, ""minimum_gap"": 0.6638285102988353, ""minimum_gap_s"": 0.56, ""omega_scale"": 1.1832159566199232}, {""gap_distortion"": 1.7010313309691172, ""minimum_gap"": 0.7840726800409326, ""minimum_gap_s"": 0.5800000000000001, ""omega_scale"": 1.4}]"
atlas,76,FsaC_,7,7,1,0,6,4,D?O,5,1,5,5,2,2,1.0,False,1.0,0.009950493836203833,0.98,0.009950493836203833,0.98,1.0,"[{""gap_distortion"": 1.0, ""minimum_gap"": 0.009950493836203833, ""minimum_gap_s"": 0.98, ""omega_scale"": 1.0}, {""gap_distortion"": 1.3972521042465031, ""minimum_gap"": 0.013903348450927666, ""minimum_gap_s"": 0.98, ""omega_scale"": 1.1832159566199232}, {""gap_distortion"": 1.950817246812891, ""minimum_gap"": 0.019411594989971803, ""minimum_gap_s"": 0.98, ""omega_scale"": 1.4}]"
atlas,76,FsaC_,7,7,2,0,6,4,D?O,5,1,5,5,2,2,1.0,False,1.0,0.009950493836203833,0.98,0.009950493836203833,0.98,1.0,"[{""gap_distortion"": 1.0, ""minimum_gap"": 0.009950493836203833, ""minimum_gap_s"": 0.98, ""omega_scale"": 1.0}, {""gap_distortion"": 1.3972521042465031, ""minimum_gap"": 0.013903348450927666, ""minimum_gap_s"": 0.98, ""omega_scale"": 1.1832159566199232}, {""gap_distortion"": 1.950817246812891, ""minimum_gap"": 0.019411594989971803, ""minimum_gap_s"": 0.98, ""omega_scale"": 1.4}]"
atlas,76,FsaC_,7,7,4,0,6,4,D?G,5,1,5,5,2,2,1.0,False,1.0,0.009950493836203833,0.98,0.009950493836207386,0.98,1.000000000000357,"[{""gap_distortion"": 1.000000000000357, ""minimum_gap"": 0.009950493836207386, ""minimum_gap_s"": 0.98, ""omega_scale"": 1.0}, {""gap_distortion"": 1.397252104246146, ""minimum_gap"": 0.013903348450924113, ""minimum_gap_s"": 0.98, ""omega_scale"": 1.1832159566199232}, {""gap_distortion"": 1.9508172468134266, ""minimum_gap"": 0.019411594989977132, ""minimum_gap_s"": 0.98, ""omega_scale"": 1.4}]"
atlas,76,FsaC_,7,7,5,0,6,4,D?G,5,1,5,5,2,2,1.0,False,1.0,0.009950493836203833,0.98,0.009950493836207386,0.98,1.000000000000357,"[{""gap_distortion"": 1.000000000000357, ""minimum_gap"": 0.009950493836207386, ""minimum_gap_s"": 0.98, ""omega_scale"": 1.0}, {""gap_distortion"": 1.397252104246146, ""minimum_gap"": 0.013903348450924113, ""minimum_gap_s"": 0.98, ""omega_scale"": 1.1832159566199232}, {""gap_distortion"": 1.9508172468134266, ""minimum_gap"": 0.019411594989977132, ""minimum_gap_s"": 0.98, ""omega_scale"": 1.4}]"
atlas,77,FItA?,7,7,0,4,3,1,Ds_,5,4,5,5,1,1,1.0,False,1.0,0.716390026727352,0.54,0.9347560842189926,0.48000000000000004,1.304814485608058,"[{""gap_distortion"": 1.304814485608058, ""minimum_gap"": 0.9347560842189926, ""minimum_gap_s"": 0.48000000000000004, ""omega_scale"": 1.0}, {""gap_distortion"": 1.5448110693714698, ""minimum_gap"": 1.1066872432757364, ""minimum_gap_s"": 0.48000000000000004, ""omega_scale"": 1.1832159566199232}, {""gap_distortion"": 1.8265939073028972, ""minimum_gap"": 1.3085536580727408, ""minimum_gap_s"": 0.46, ""omega_scale"": 1.4}]"
atlas,77,FItA?,7,7,2,1,5,3,DW?,5,2,5,5,1,1,1.0,False,1.0,0.716390026727352,0.54,0.7150264191663727,0.54,1.0019070729758057,"[{""gap_distortion"": 1.0019070729758057, ""minimum_gap"": 0.7150264191663727, ""minimum_gap_s"": 0.54, ""omega_scale"": 1.0}, {""gap_distortion"": 1.1805011158696381, ""minimum_gap"": 0.8456992259495189, ""minimum_gap_s"": 0.54, ""omega_scale"": 1.1832159566199232}, {""gap_distortion"": 1.398420700550452, ""minimum_gap"": 1.0018146430434207, ""minimum_gap_s"": 0.54, ""omega_scale"": 1.4}]"
atlas,77,FItA?,7,7,5,1,5,3,DD?,5,2,5,5,1,1,1.0,False,1.0,0.716390026727352,0.54,0.7150264191663724,0.54,1.001907072975806,"[{""gap_distortion"": 1.001907072975806, ""minimum_gap"": 0.7150264191663724, ""minimum_gap_s"": 0.54, ""omega_scale"": 1.0}, {""gap_distortion"": 1.1805011158696388, ""minimum_gap"": 0.8456992259495193, ""minimum_gap_s"": 0.54, ""omega_scale"": 1.1832159566199232}, {""gap_distortion"": 1.3984207005504534, ""minimum_gap"": 1.0018146430434216, ""minimum_gap_s"": 0.54, ""omega_scale"": 1.4}]"
atlas,77,FItA?,7,7,6,1,5,3,DD?,5,2,5,5,1,1,1.0,False,1.0,0.716390026727352,0.54,0.7150264191663724,0.54,1.001907072975806,"[{""gap_distortion"": 1.001907072975806, ""minimum_gap"": 0.7150264191663724, ""minimum_gap_s"": 0.54, ""omega_scale"": 1.0}, {""gap_distortion"": 1.1805011158696388, ""minimum_gap"": 0.8456992259495193, ""minimum_gap_s"": 0.54, ""omega_scale"": 1.1832159566199232}, {""gap_distortion"": 1.3984207005504534, ""minimum_gap"": 1.0018146430434216, ""minimum_gap_s"": 0.54, ""omega_scale"": 1.4}]"
atlas,78,F?Bcw,7,7,1,5,4,2,D?k,5,3,5,5,1,1,1.0,False,1.0,0.8477605558725996,0.5,0.8638475452747834,0.48000000000000004,1.0189758644593052,"[{""gap_distortion"": 1.0189758644593052, ""minimum_gap"": 0.8638475452747834, ""minimum_gap_s"": 0.48000000000000004, ""omega_scale"": 1.0}, {""gap_distortion"": 1.2047165030431113, ""minimum_gap"": 1.0213111322887223, ""minimum_gap_s"": 0.48000000000000004, ""omega_scale"": 1.1832159566199232}, {""gap_distortion"": 1.4249686305409481, ""minimum_gap"": 1.2080321983284112, ""minimum_gap_s"": 0.48000000000000004, ""omega_scale"": 1.4}]"
atlas,78,F?Bcw,7,7,2,5,4,2,D?k,5,3,5,5,1,1,1.0,False,1.0,0.8477605558725996,0.5,0.8638475452747834,0.48000000000000004,1.0189758644593052,"[{""gap_distortion"": 1.0189758644593052, ""minimum_gap"": 0.8638475452747834, ""minimum_gap_s"": 0.48000000000000004, ""omega_scale"": 1.0}, {""gap_distortion"": 1.2047165030431113, ""minimum_gap"": 1.0213111322887223, ""minimum_gap_s"": 0.48000000000000004, ""omega_scale"": 1.1832159566199232}, {""gap_distortion"": 1.4249686305409481, ""minimum_gap"": 1.2080321983284112, ""minimum_gap_s"": 0.48000000000000004, ""omega_scale"": 1.4}]"
atlas,78,F?Bcw,7,7,3,6,4,2,D?w,5,3,5,5,1,1,1.0,False,1.0,0.8477605558725996,0.5,0.8638475452747836,0.48000000000000004,1.0189758644593057,"[{""gap_distortion"": 1.0189758644593057, ""minimum_gap"": 0.8638475452747836, ""minimum_gap_s"": 0.48000000000000004, ""omega_scale"": 1.0}, {""gap_distortion"": 1.2047165030431106, ""minimum_gap"": 1.0213111322887218, ""minimum_gap_s"": 0.48000000000000004, ""omega_scale"": 1.1832159566199232}, {""gap_distortion"": 1.4249686305409488, ""minimum_gap"": 1.2080321983284117, ""minimum_gap_s"": 0.48000000000000004, ""omega_scale"": 1.4}]"
atlas,78,F?Bcw,7,7,4,6,4,2,D?w,5,3,5,5,1,1,1.0,False,1.0,0.8477605558725996,0.5,0.8638475452747836,0.48000000000000004,1.0189758644593057,"[{""gap_distortion"": 1.0189758644593057, ""minimum_gap"": 0.8638475452747836, ""minimum_gap_s"": 0.48000000000000004, ""omega_scale"": 1.0}, {""gap_distortion"": 1.2047165030431106, ""minimum_gap"": 1.0213111322887218, ""minimum_gap_s"": 0.48000000000000004, ""omega_scale"": 1.1832159566199232}, {""gap_distortion"": 1.4249686305409488, ""minimum_gap"": 1.2080321983284117, ""minimum_gap_s"": 0.48000000000000004, ""omega_scale"": 1.4}]"
atlas,79,FkoK?,7,7,2,1,3,1,Dp_,5,4,4,4,3,2,0.6666666666666666,True,1.0,0.007048411480713668,0.98,0.009950493835974683,0.98,1.411735660326002,"[{""gap_distortion"": 1.411735660326002, ""minimum_gap"": 0.009950493835974683, ""minimum_gap_s"": 0.98, ""omega_scale"": 1.0}, {""gap_distortion"": 1.9725506218994693, ""minimum_gap"": 0.013903348449685105, ""minimum_gap_s"": 0.98, ""omega_scale"": 1.1832159566199232}, {""gap_distortion"": 2.7540382732394706, ""minimum_gap"": 0.019411594983425928, ""minimum_gap_s"": 0.98, ""omega_scale"": 1.4}]"
atlas,79,FkoK?,7,7,3,0,4,2,Dp?,5,3,4,4,3,3,1.0,False,1.0,0.007048411480713668,0.98,0.007048396190356243,0.98,1.0000021693385293,"[{""gap_distortion"": 1.0000021693385293, ""minimum_gap"": 0.007048396190356243, ""minimum_gap_s"": 0.98, ""omega_scale"": 1.0}, {""gap_distortion"": 1.3982157403918678, ""minimum_gap"": 0.009855199877092602, ""minimum_gap_s"": 0.98, ""omega_scale"": 1.1832159566199232}, {""gap_distortion"": 1.9540370869924777, ""minimum_gap"": 0.013772857437698072, ""minimum_gap_s"": 0.98, ""omega_scale"": 1.4}]"
atlas,79,FkoK?,7,7,5,4,3,1,Dk_,5,4,4,4,3,2,0.6666666666666666,True,1.0,0.007048411480713668,0.98,0.009950493835972907,0.98,1.41173566032575,"[{""gap_distortion"": 1.41173566032575, ""minimum_gap"": 0.009950493835972907, ""minimum_gap_s"": 0.98, ""omega_scale"": 1.0}, {""gap_distortion"": 1.9725506218994693, ""minimum_gap"": 0.013903348449685105, ""minimum_gap_s"": 0.98, ""omega_scale"": 1.1832159566199232}, {""gap_distortion"": 2.7540382732388404, ""minimum_gap"": 0.019411594983421487, ""minimum_gap_s"": 0.98, ""omega_scale"": 1.4}]"
atlas,79,FkoK?,7,7,6,0,4,2,DcC,5,3,4,4,3,3,1.0,False,1.0,0.007048411480713668,0.98,0.007048396190354467,0.98,1.0000021693387813,"[{""gap_distortion"": 1.0000021693387813, ""minimum_gap"": 0.007048396190354467, ""minimum_gap_s"": 0.98, ""omega_scale"": 1.0}, {""gap_distortion"": 1.3982157403926239, ""minimum_gap"": 0.009855199877097931, ""minimum_gap_s"": 0.98, ""omega_scale"": 1.1832159566199232}, {""gap_distortion"": 1.9540370869924777, ""minimum_gap"": 0.013772857437698072, ""minimum_gap_s"": 0.98, ""omega_scale"": 1.4}]"
atlas,80,FhG`G,7,7,0,1,2,1,Dsc,5,5,4,4,4,2,0.5,True,1.0,0.009950493836299756,0.98,0.00995049391169367,0.98,1.0000000075769018,"[{""gap_distortion"": 1.0000000075769018, ""minimum_gap"": 0.00995049391169367, ""minimum_gap_s"": 0.98, ""omega_scale"": 1.0}, {""gap_distortion"": 1.3972521329822547, ""minimum_gap"": 0.013903348736996612, ""minimum_gap_s"": 0.98, ""omega_scale"": 1.1832159566199232}, {""gap_distortion"": 1.9508173551659331, ""minimum_gap"": 0.01941159606832521, ""minimum_gap_s"": 0.98, ""omega_scale"": 1.4}]"
atlas,80,FhG`G,7,7,3,2,5,2,D_C,5,2,4,4,4,4,1.0,False,1.0,0.009950493836299756,0.98,0.009950493836204721,0.98,1.0000000000095508,"[{""gap_distortion"": 1.0000000000095508, ""minimum_gap"": 0.009950493836204721, ""minimum_gap_s"": 0.98, ""omega_scale"": 1.0}, {""gap_distortion"": 1.3972521042325874, ""minimum_gap"": 0.013903348450923225, ""minimum_gap_s"": 0.98, ""omega_scale"": 1.1832159566199232}, {""gap_distortion"": 1.9508172467942635, ""minimum_gap"": 0.01941159498997358, ""minimum_gap_s"": 0.98, ""omega_scale"": 1.4}]"
atlas,80,FhG`G,7,7,4,2,5,2,D_C,5,2,4,4,4,4,1.0,False,1.0,0.009950493836299756,0.98,0.009950493836204721,0.98,1.0000000000095508,"[{""gap_distortion"": 1.0000000000095508, ""minimum_gap"": 0.009950493836204721, ""minimum_gap_s"": 0.98, ""omega_scale"": 1.0}, {""gap_distortion"": 1.3972521042325874, ""minimum_gap"": 0.013903348450923225, ""minimum_gap_s"": 0.98, ""omega_scale"": 1.1832159566199232}, {""gap_distortion"": 1.9508172467942635, ""minimum_gap"": 0.01941159498997358, ""minimum_gap_s"": 0.98, ""omega_scale"": 1.4}]"
atlas,81,FMpA?,7,7,2,1,5,3,Do?,5,2,5,5,1,1,1.0,False,1.0,0.7087537139813853,0.54,0.7150264191663733,0.54,1.0088503313086734,"[{""gap_distortion"": 1.0088503313086734, ""minimum_gap"": 0.7150264191663733, ""minimum_gap_s"": 0.54, ""omega_scale"": 1.0}, {""gap_distortion"": 1.1932201683979187, ""minimum_gap"": 0.8456992259495189, ""minimum_gap_s"": 0.54, ""omega_scale"": 1.1832159566199232}, {""gap_distortion"": 1.4134876802490128, ""minimum_gap"": 1.0018146430434207, ""minimum_gap_s"": 0.54, ""omega_scale"": 1.4}]"
atlas,81,FMpA?,7,7,5,1,5,3,DS?,5,2,5,5,1,1,1.0,False,1.0,0.7087537139813853,0.54,0.7150264191663724,0.54,1.008850331308672,"[{""gap_distortion"": 1.008850331308672, ""minimum_gap"": 0.7150264191663724, ""minimum_gap_s"": 0.54, ""omega_scale"": 1.0}, {""gap_distortion"": 1.1932201683979193, ""minimum_gap"": 0.8456992259495193, ""minimum_gap_s"": 0.54, ""omega_scale"": 1.1832159566199232}, {""gap_distortion"": 1.4134876802490142, ""minimum_gap"": 1.0018146430434216, ""minimum_gap_s"": 0.54, ""omega_scale"": 1.4}]"
atlas,81,FMpA?,7,7,6,1,5,3,DS?,5,2,5,5,1,1,1.0,False,1.0,0.7087537139813853,0.54,0.7150264191663724,0.54,1.008850331308672,"[{""gap_distortion"": 1.008850331308672, ""minimum_gap"": 0.7150264191663724, ""minimum_gap_s"": 0.54, ""omega_scale"": 1.0}, {""gap_distortion"": 1.1932201683979193, ""minimum_gap"": 0.8456992259495193, ""minimum_gap_s"": 0.54, ""omega_scale"": 1.1832159566199232}, {""gap_distortion"": 1.4134876802490142, ""minimum_gap"": 1.0018146430434216, ""minimum_gap_s"": 0.54, ""omega_scale"": 1.4}]"
atlas,82,FhoI?,7,7,3,2,2,1,DxO,5,5,4,4,2,1,0.5,True,1.0,0.00995049383597646,0.98,0.7031841094451774,0.56,70.66826240349836,"[{""gap_distortion"": 70.66826240349836, ""minimum_gap"": 0.7031841094451774, ""minimum_gap_s"": 0.56, ""omega_scale"": 1.0}, {""gap_distortion"": 83.48557555639222, ""minimum_gap"": 0.8307227049668278, ""minimum_gap_s"": 0.56, ""omega_scale"": 1.1832159566199232}, {""gap_distortion"": 98.83564739385079, ""minimum_gap"": 0.9834635001672551, ""minimum_gap_s"": 0.5800000000000001, ""omega_scale"": 1.4}]"
atlas,82,FhoI?,7,7,5,4,3,1,DhO,5,4,4,4,2,2,1.0,False,1.0,0.00995049383597646,0.98,0.00995049383597113,0.98,1.0000000000005356,"[{""gap_distortion"": 1.0000000000005356, ""minimum_gap"": 0.00995049383597113, ""minimum_gap_s"": 0.98, ""omega_scale"": 1.0}, {""gap_distortion"": 1.3972521041531998, ""minimum_gap"": 0.013903348449681552, ""minimum_gap_s"": 0.98, ""omega_scale"": 1.1832159566199232}, {""gap_distortion"": 1.9508172461992668, ""minimum_gap"": 0.019411594983422376, ""minimum_gap_s"": 0.98, ""omega_scale"": 1.4}]"
atlas,82,FhoI?,7,7,6,1,4,1,DKC,5,3,4,4,2,2,1.0,False,1.0,0.00995049383597646,0.98,0.009950493836206498,0.98,1.0000000000231182,"[{""gap_distortion"": 1.0000000000231182, ""minimum_gap"": 0.009950493836206498, ""minimum_gap_s"": 0.98, ""omega_scale"": 1.0}, {""gap_distortion"": 1.3972521042784312, ""minimum_gap"": 0.013903348450927666, ""minimum_gap_s"": 0.98, ""omega_scale"": 1.1832159566199232}, {""gap_distortion"": 1.9508172468576466, ""minimum_gap"": 0.01941159498997358, ""minimum_gap_s"": 0.98, ""omega_scale"": 1.4}]"
atlas,83,FhoGO,7,7,3,2,2,1,DxG,5,5,4,4,3,2,0.6666666666666666,True,1.0,0.007048396217212982,0.98,0.00995049391169367,0.98,1.4117387282220935,"[{""gap_distortion"": 1.4117387282220935, ""minimum_gap"": 0.00995049391169367, ""minimum_gap_s"": 0.98, ""omega_scale"": 1.0}, {""gap_distortion"": 1.9725549342764988, ""minimum_gap"": 0.013903348736999277, ""minimum_gap_s"": 0.98, ""omega_scale"": 1.1832159566199232}, {""gap_distortion"": 2.7540443911081667, ""minimum_gap"": 0.019411596068323433, ""minimum_gap_s"": 0.98, ""omega_scale"": 1.4}]"
atlas,83,FhoGO,7,7,5,4,4,2,Dh?,5,3,4,4,3,3,1.0,False,1.0,0.007048396217212982,0.98,0.007048396190354467,0.98,1.0000000038105854,"[{""gap_distortion"": 1.0000000038105854, ""minimum_gap"": 0.007048396190354467, ""minimum_gap_s"": 0.98, ""omega_scale"": 1.0}, {""gap_distortion"": 1.3982187682672138, ""minimum_gap"": 0.009855199877090826, ""minimum_gap_s"": 0.98, ""omega_scale"": 1.1832159566199232}, {""gap_distortion"": 1.9540413185144911, ""minimum_gap"": 0.013772857437695407, ""minimum_gap_s"": 0.98, ""omega_scale"": 1.4}]"
atlas,83,FhoGO,7,7,6,4,4,2,Dh?,5,3,4,4,3,3,1.0,False,1.0,0.007048396217212982,0.98,0.007048396190354467,0.98,1.0000000038105854,"[{""gap_distortion"": 1.0000000038105854, ""minimum_gap"": 0.007048396190354467, ""minimum_gap_s"": 0.98, ""omega_scale"": 1.0}, {""gap_distortion"": 1.3982187682672138, ""minimum_gap"": 0.009855199877090826, ""minimum_gap_s"": 0.98, ""omega_scale"": 1.1832159566199232}, {""gap_distortion"": 1.9540413185144911, ""minimum_gap"": 0.013772857437695407, ""minimum_gap_s"": 0.98, ""omega_scale"": 1.4}]"
atlas,84,FHAgg,7,7,0,5,4,2,DgG,5,3,4,4,3,3,1.0,False,1.0,0.0070483885544749825,0.98,0.007048396190354467,0.98,1.0000010833510986,"[{""gap_distortion"": 1.0000010833510986, ""minimum_gap"": 0.007048396190354467, ""minimum_gap_s"": 0.98, ""omega_scale"": 1.0}, {""gap_distortion"": 1.3982202883575945, ""minimum_gap"": 0.009855199877094378, ""minimum_gap_s"": 0.98, ""omega_scale"": 1.1832159566199232}, {""gap_distortion"": 1.9540434428737277, ""minimum_gap"": 0.013772857437698072, ""minimum_gap_s"": 0.98, ""omega_scale"": 1.4}]"
atlas,84,FHAgg,7,7,1,2,3,1,DDS,5,4,4,4,3,2,0.6666666666666666,True,1.0,0.0070483885544749825,0.98,0.009950493835972907,0.98,1.4117402522673632,"[{""gap_distortion"": 1.4117402522673632, ""minimum_gap"": 0.009950493835972907, ""minimum_gap_s"": 0.98, ""omega_scale"": 1.0}, {""gap_distortion"": 1.9725570379991724, ""minimum_gap"": 0.01390334844968244, ""minimum_gap_s"": 0.98, ""omega_scale"": 1.1832159566199232}, {""gap_distortion"": 2.754047231277355, ""minimum_gap"": 0.019411594983418823, ""minimum_gap_s"": 0.98, ""omega_scale"": 1.4}]"
atlas,84,FHAgg,7,7,4,5,4,2,DHC,5,3,4,4,3,3,1.0,False,1.0,0.0070483885544749825,0.98,0.007048396190356243,0.98,1.0000010833513506,"[{""gap_distortion"": 1.0000010833513506, ""minimum_gap"": 0.007048396190356243, ""minimum_gap_s"": 0.98, ""omega_scale"": 1.0}, {""gap_distortion"": 1.3982202883570904, ""minimum_gap"": 0.009855199877090826, ""minimum_gap_s"": 0.98, ""omega_scale"": 1.1832159566199232}, {""gap_distortion"": 1.9540434428737277, ""minimum_gap"": 0.013772857437698072, ""minimum_gap_s"": 0.98, ""omega_scale"": 1.4}]"
atlas,85,FiG`G,7,7,0,1,3,2,DSc,5,4,4,4,2,2,1.0,False,1.0,0.009950554578276538,0.98,0.009950554578281867,0.98,1.0000000000005356,"[{""gap_distortion"": 1.0000000000005356, ""minimum_gap"": 0.009950554578281867, ""minimum_gap_s"": 0.98, ""omega_scale"": 1.0}, {""gap_distortion"": 1.397260137259444, ""minimum_gap"": 0.013903513255850264, ""minimum_gap_s"": 0.98, ""omega_scale"": 1.1832159566199232}, {""gap_distortion"": 1.9508500777954423, ""minimum_gap"": 0.01941204017313858, ""minimum_gap_s"": 0.98, ""omega_scale"": 1.4}]"
atlas,85,FiG`G,7,7,3,1,3,2,DIS,5,4,4,4,2,2,1.0,False,1.0,0.009950554578276538,0.98,0.009950554578277426,0.98,1.0000000000000893,"[{""gap_distortion"": 1.0000000000000893, ""minimum_gap"": 0.009950554578277426, ""minimum_gap_s"": 0.98, ""omega_scale"": 1.0}, {""gap_distortion"": 1.397260137259444, ""minimum_gap"": 0.013903513255850264, ""minimum_gap_s"": 0.98, ""omega_scale"": 1.1832159566199232}, {""gap_distortion"": 1.9508500777950852, ""minimum_gap"": 0.019412040173135026, ""minimum_gap_s"": 0.98, ""omega_scale"": 1.4}]"
atlas,85,FiG`G,7,7,4,2,4,1,DgC,5,3,4,4,2,2,1.0,False,1.0,0.009950554578276538,0.98,0.00995049383620561,0.98,1.000006104427773,"[{""gap_distortion"": 1.000006104427773, ""minimum_gap"": 0.00995049383620561, ""minimum_gap_s"": 0.98, ""omega_scale"": 1.0}, {""gap_distortion"": 1.3972435748732341, ""minimum_gap"": 0.013903348450922337, ""minimum_gap_s"": 0.98, ""omega_scale"": 1.1832159566199232}, {""gap_distortion"": 1.9508053382624346, ""minimum_gap"": 0.01941159498997358, ""minimum_gap_s"": 0.98, ""omega_scale"": 1.4}]"
atlas,86,FbW`?,7,7,0,1,3,1,Ds_,5,4,5,5,1,1,1.0,False,1.0,0.8214619150212346,0.48000000000000004,0.9347560842189926,0.48000000000000004,1.137917738030289,"[{""gap_distortion"": 1.137917738030289, ""minimum_gap"": 0.9347560842189926, ""minimum_gap_s"": 0.48000000000000004, ""omega_scale"": 1.0}, {""gap_distortion"": 1.347216740105509, ""minimum_gap"": 1.1066872432757364, ""minimum_gap_s"": 0.48000000000000004, ""omega_scale"": 1.1832159566199232}, {""gap_distortion"": 1.5929571829741067, ""minimum_gap"": 1.3085536580727408, ""minimum_gap_s"": 0.46, ""omega_scale"": 1.4}]"
atlas,86,FbW`?,7,7,5,2,4,2,Di?,5,3,5,5,1,1,1.0,False,1.0,0.8214619150212346,0.48000000000000004,0.8638475452747834,0.48000000000000004,1.0515978032316362,"[{""gap_distortion"": 1.0515978032316362, ""minimum_gap"": 0.8638475452747834, ""minimum_gap_s"": 0.48000000000000004, ""omega_scale"": 1.0}, {""gap_distortion"": 1.2432848238159915, ""minimum_gap"": 1.0213111322887225, ""minimum_gap_s"": 0.48000000000000004, ""omega_scale"": 1.1832159566199232}, {""gap_distortion"": 1.4705881992072443, ""minimum_gap"": 1.2080321983284117, ""minimum_gap_s"": 0.48000000000000004, ""omega_scale"": 1.4}]"
atlas,86,FbW`?,7,7,6,2,4,2,Di?,5,3,5,5,1,1,1.0,False,1.0,0.8214619150212346,0.48000000000000004,0.8638475452747834,0.48000000000000004,1.0515978032316362,"[{""gap_distortion"": 1.0515978032316362, ""minimum_gap"": 0.8638475452747834, ""minimum_gap_s"": 0.48000000000000004, ""omega_scale"": 1.0}, {""gap_distortion"": 1.2432848238159915, ""minimum_gap"": 1.0213111322887225, ""minimum_gap_s"": 0.48000000000000004, ""omega_scale"": 1.1832159566199232}, {""gap_distortion"": 1.4705881992072443, ""minimum_gap"": 1.2080321983284117, ""minimum_gap_s"": 0.48000000000000004, ""omega_scale"": 1.4}]"
atlas,87,FiO`G,7,7,0,1,4,3,DCc,5,3,4,4,3,3,1.0,False,1.0,0.014889156496584732,0.98,0.014889156509217294,0.98,1.0000000008484404,"[{""gap_distortion"": 1.0000000008484404, ""minimum_gap"": 0.014889156509217294, ""minimum_gap_s"": 0.98, ""omega_scale"": 1.0}, {""gap_distortion"": 1.395916042574702, ""minimum_gap"": 0.020784012413987973, ""minimum_gap_s"": 0.98, ""omega_scale"": 1.1832159566199232}, {""gap_distortion"": 1.9463881354978527, ""minimum_gap"": 0.028980077552523298, ""minimum_gap_s"": 0.98, ""omega_scale"": 1.4}]"
atlas,87,FiO`G,7,7,3,1,4,3,DAS,5,3,4,4,3,3,1.0,False,1.0,0.014889156496584732,0.98,0.014889156509223511,0.98,1.0000000008488579,"[{""gap_distortion"": 1.0000000008488579, ""minimum_gap"": 0.014889156509223511, ""minimum_gap_s"": 0.98, ""omega_scale"": 1.0}, {""gap_distortion"": 1.395916042574523, ""minimum_gap"": 0.02078401241398531, ""minimum_gap_s"": 0.98, ""omega_scale"": 1.1832159566199232}, {""gap_distortion"": 1.9463881354975545, ""minimum_gap"": 0.028980077552518857, ""minimum_gap_s"": 0.98, ""omega_scale"": 1.4}]"
atlas,87,FiO`G,7,7,4,1,4,3,DAS,5,3,4,4,3,3,1.0,False,1.0,0.014889156496584732,0.98,0.014889156509223511,0.98,1.0000000008488579,"[{""gap_distortion"": 1.0000000008488579, ""minimum_gap"": 0.014889156509223511, ""minimum_gap_s"": 0.98, ""omega_scale"": 1.0}, {""gap_distortion"": 1.395916042574523, ""minimum_gap"": 0.02078401241398531, ""minimum_gap_s"": 0.98, ""omega_scale"": 1.1832159566199232}, {""gap_distortion"": 1.9463881354975545, ""minimum_gap"": 0.028980077552518857, ""minimum_gap_s"": 0.98, ""omega_scale"": 1.4}]"
atlas,88,FMoG_,7,7,2,1,3,1,DpO,5,4,4,4,2,1,0.5,True,1.0,0.009950493835827245,0.98,0.5602245440237708,0.56,56.301179948140316,"[{""gap_distortion"": 56.301179948140316, ""minimum_gap"": 0.5602245440237708, ""minimum_gap_s"": 0.56, ""omega_scale"": 1.0}, {""gap_distortion"": 66.71312210743623, ""minimum_gap"": 0.6638285102988346, ""minimum_gap_s"": 0.56, ""omega_scale"": 1.1832159566199232}, {""gap_distortion"": 78.79736352560103, ""minimum_gap"": 0.7840726800409317, ""minimum_gap_s"": 0.5800000000000001, ""omega_scale"": 1.4}]"
atlas,88,FMoG_,7,7,5,4,3,1,DMC,5,4,4,4,2,2,1.0,False,1.0,0.009950493835827245,0.98,0.009950493835974683,0.98,1.000000000014817,"[{""gap_distortion"": 1.000000000014817, ""minimum_gap"": 0.009950493835974683, ""minimum_gap_s"": 0.98, ""omega_scale"": 1.0}, {""gap_distortion"": 1.3972521041742416, ""minimum_gap"": 0.01390334844968244, ""minimum_gap_s"": 0.98, ""omega_scale"": 1.1832159566199232}, {""gap_distortion"": 1.9508172462287883, ""minimum_gap"": 0.01941159498342504, ""minimum_gap_s"": 0.98, ""omega_scale"": 1.4}]"
atlas,88,FMoG_,7,7,6,3,3,1,DMC,5,4,4,4,2,2,1.0,False,1.0,0.009950493835827245,0.98,0.009950493835974683,0.98,1.000000000014817,"[{""gap_distortion"": 1.000000000014817, ""minimum_gap"": 0.009950493835974683, ""minimum_gap_s"": 0.98, ""omega_scale"": 1.0}, {""gap_distortion"": 1.3972521041742416, ""minimum_gap"": 0.01390334844968244, ""minimum_gap_s"": 0.98, ""omega_scale"": 1.1832159566199232}, {""gap_distortion"": 1.9508172462287883, ""minimum_gap"": 0.01941159498342504, ""minimum_gap_s"": 0.98, ""omega_scale"": 1.4}]"
atlas,89,Fg?hg,7,7,0,1,2,1,DDs,5,5,4,4,1,1,1.0,False,1.0,0.5361449499941964,0.5800000000000001,0.7031841094451778,0.56,1.3115559690579752,"[{""gap_distortion"": 1.3115559690579752, ""minimum_gap"": 0.7031841094451778, ""minimum_gap_s"": 0.56, ""omega_scale"": 1.0}, {""gap_distortion"": 1.5494367800644586, ""minimum_gap"": 0.8307227049668278, ""minimum_gap_s"": 0.56, ""omega_scale"": 1.1832159566199232}, {""gap_distortion"": 1.8343239084465888, ""minimum_gap"": 0.9834635001672551, ""minimum_gap_s"": 0.5800000000000001, ""omega_scale"": 1.4}]"
atlas,89,Fg?hg,7,7,3,6,3,1,DgK,5,4,4,4,1,1,1.0,False,1.0,0.5361449499941964,0.5800000000000001,0.5602245440237703,0.56,1.0449124700882375,"[{""gap_distortion"": 1.0449124700882375, ""minimum_gap"": 0.5602245440237703, ""minimum_gap_s"": 0.56, ""omega_scale"": 1.0}, {""gap_distortion"": 1.238151194571582, ""minimum_gap"": 0.6638285102988353, ""minimum_gap_s"": 0.56, ""omega_scale"": 1.1832159566199232}, {""gap_distortion"": 1.4624266815334546, ""minimum_gap"": 0.7840726800409326, ""minimum_gap_s"": 0.5800000000000001, ""omega_scale"": 1.4}]"
atlas,89,Fg?hg,7,7,4,5,3,1,DgK,5,4,4,4,1,1,1.0,False,1.0,0.5361449499941964,0.5800000000000001,0.5602245440237703,0.56,1.0449124700882375,"[{""gap_distortion"": 1.0449124700882375, ""minimum_gap"": 0.5602245440237703, ""minimum_gap_s"": 0.56, ""omega_scale"": 1.0}, {""gap_distortion"": 1.238151194571582, ""minimum_gap"": 0.6638285102988353, ""minimum_gap_s"": 0.56, ""omega_scale"": 1.1832159566199232}, {""gap_distortion"": 1.4624266815334546, ""minimum_gap"": 0.7840726800409326, ""minimum_gap_s"": 0.5800000000000001, ""omega_scale"": 1.4}]"
atlas,90,Fko`?,7,7,3,0,3,1,DqO,5,4,4,4,2,2,1.0,False,1.0,0.009950554578043835,0.98,0.00995049383597113,0.98,1.0000061044279516,"[{""gap_distortion"": 1.0000061044279516, ""minimum_gap"": 0.00995049383597113, ""minimum_gap_s"": 0.98, ""omega_scale"": 1.0}, {""gap_distortion"": 1.3972435747813041, ""minimum_gap"": 0.01390334844968244, ""minimum_gap_s"": 0.98, ""omega_scale"": 1.1832159566199232}, {""gap_distortion"": 1.9508053376496801, ""minimum_gap"": 0.019411594983422376, ""minimum_gap_s"": 0.98, ""omega_scale"": 1.4}]"
atlas,90,Fko`?,7,7,5,2,3,2,Du?,5,4,4,4,2,2,1.0,False,1.0,0.009950554578043835,0.98,0.009950554578288084,0.98,1.0000000000245464,"[{""gap_distortion"": 1.0000000000245464, ""minimum_gap"": 0.009950554578288084, ""minimum_gap_s"": 0.98, ""omega_scale"": 1.0}, {""gap_distortion"": 1.3972601372922986, ""minimum_gap"": 0.01390351325585204, ""minimum_gap_s"": 0.98, ""omega_scale"": 1.1832159566199232}, {""gap_distortion"": 1.9508500778406184, ""minimum_gap"": 0.019412040173134137, ""minimum_gap_s"": 0.98, ""omega_scale"": 1.4}]"
atlas,90,Fko`?,7,7,6,2,3,2,Du?,5,4,4,4,2,2,1.0,False,1.0,0.009950554578043835,0.98,0.009950554578288084,0.98,1.0000000000245464,"[{""gap_distortion"": 1.0000000000245464, ""minimum_gap"": 0.009950554578288084, ""minimum_gap_s"": 0.98, ""omega_scale"": 1.0}, {""gap_distortion"": 1.3972601372922986, ""minimum_gap"": 0.01390351325585204, ""minimum_gap_s"": 0.98, ""omega_scale"": 1.1832159566199232}, {""gap_distortion"": 1.9508500778406184, ""minimum_gap"": 0.019412040173134137, ""minimum_gap_s"": 0.98, ""omega_scale"": 1.4}]"
atlas,91,Fpq?_,7,7,5,0,4,1,DKG,5,3,4,4,2,2,1.0,False,1.0,0.009950493911706104,0.98,0.009950493836204721,0.98,1.000000007587702,"[{""gap_distortion"": 1.000000007587702, ""minimum_gap"": 0.009950493836204721, ""minimum_gap_s"": 0.98, ""omega_scale"": 1.0}, {""gap_distortion"": 1.3972520936448922, ""minimum_gap"": 0.013903348450932107, ""minimum_gap_s"": 0.98, ""omega_scale"": 1.1832159566199232}, {""gap_distortion"": 1.950817232011211, ""minimum_gap"": 0.01941159498997891, ""minimum_gap_s"": 0.98, ""omega_scale"": 1.4}]"
atlas,91,Fpq?_,7,7,6,3,2,1,Du_,5,5,4,4,2,2,1.0,False,1.0,0.009950493911706104,0.98,0.009950493911691893,0.98,1.0000000000014282,"[{""gap_distortion"": 1.0000000000014282, ""minimum_gap"": 0.009950493911691893, ""minimum_gap_s"": 0.98, ""omega_scale"": 1.0}, {""gap_distortion"": 1.3972521223936667, ""minimum_gap"": 0.013903348736996612, ""minimum_gap_s"": 0.98, ""omega_scale"": 1.1832159566199232}, {""gap_distortion"": 1.9508173403822548, ""minimum_gap"": 0.01941159606832432, ""minimum_gap_s"": 0.98, ""omega_scale"": 1.4}]"
atlas,92,FMoa?,7,7,5,2,2,1,D]O,5,5,4,4,2,1,0.5,True,1.0,0.009950493836251795,0.98,0.5638397561332846,0.54,56.66449981397856,"[{""gap_distortion"": 56.66449981397856, ""minimum_gap"": 0.5638397561332846, ""minimum_gap_s"": 0.54, ""omega_scale"": 1.0}, {""gap_distortion"": 67.224716577583, ""minimum_gap"": 0.6689191279490134, ""minimum_gap_s"": 0.54, ""omega_scale"": 1.1832159566199232}, {""gap_distortion"": 79.31795396540385, ""minimum_gap"": 0.7892528120368545, ""minimum_gap_s"": 0.56, ""omega_scale"": 1.4}]"
atlas,92,FMoa?,7,7,6,1,4,1,DSO,5,3,4,4,2,2,1.0,False,1.0,0.009950493836251795,0.98,0.00995049383621005,0.98,1.0000000000041953,"[{""gap_distortion"": 1.0000000000041953, ""minimum_gap"": 0.00995049383621005, ""minimum_gap_s"": 0.98, ""omega_scale"": 1.0}, {""gap_distortion"": 1.397252104239233, ""minimum_gap"": 0.013903348450922337, ""minimum_gap_s"": 0.98, ""omega_scale"": 1.1832159566199232}, {""gap_distortion"": 1.9508172468036664, ""minimum_gap"": 0.01941159498997358, ""minimum_gap_s"": 0.98, ""omega_scale"": 1.4}]"
atlas,93,Fpq?G,7,7,3,2,2,1,D{C,5,5,3,3,9,5,0.5555555555555556,True,1.0,0.008047039766586828,0.98,0.008920767321670908,0.98,1.108577511784147,"[{""gap_distortion"": 1.108577511784147, ""minimum_gap"": 0.008920767321670908, ""minimum_gap_s"": 0.98, ""omega_scale"": 1.0}, {""gap_distortion"": 1.549220241650987, ""minimum_gap"": 0.012466636891766747, ""minimum_gap_s"": 0.98, ""omega_scale"": 1.1832159566199232}, {""gap_distortion"": 2.1635042128728994, ""minimum_gap"": 0.017409804436166354, ""minimum_gap_s"": 0.98, ""omega_scale"": 1.4}]"
atlas,93,Fpq?G,7,7,6,5,2,1,Dpo,5,5,3,3,9,5,0.5555555555555556,True,1.0,0.008047039766586828,0.98,0.008920767321672685,0.98,1.1085775117843677,"[{""gap_distortion"": 1.1085775117843677, ""minimum_gap"": 0.008920767321672685, ""minimum_gap_s"": 0.98, ""omega_scale"": 1.0}, {""gap_distortion"": 1.5492202416506557, ""minimum_gap"": 0.012466636891764082, ""minimum_gap_s"": 0.98, ""omega_scale"": 1.1832159566199232}, {""gap_distortion"": 2.1635042128732302, ""minimum_gap"": 0.01740980443616902, ""minimum_gap_s"": 0.98, ""omega_scale"": 1.4}]"
atlas,94,Fpa?g,7,7,1,0,4,2,D_S,5,3,4,4,3,3,1.0,False,1.0,0.007048396171903448,0.98,0.007048396190350914,0.98,1.0000000026172573,"[{""gap_distortion"": 1.0000000026172573, ""minimum_gap"": 0.007048396190350914, ""minimum_gap_s"": 0.98, ""omega_scale"": 1.0}, {""gap_distortion"": 1.3982187772551968, ""minimum_gap"": 0.00985519987708905, ""minimum_gap_s"": 0.98, ""omega_scale"": 1.1832159566199232}, {""gap_distortion"": 1.95404133107625, ""minimum_gap"": 0.01377285743769896, ""minimum_gap_s"": 0.98, ""omega_scale"": 1.4}]"
atlas,94,Fpa?g,7,7,4,0,4,2,DGK,5,3,4,4,3,3,1.0,False,1.0,0.007048396171903448,0.98,0.007048396190356243,0.98,1.0000000026180134,"[{""gap_distortion"": 1.0000000026180134, ""minimum_gap"": 0.007048396190356243, ""minimum_gap_s"": 0.98, ""omega_scale"": 1.0}, {""gap_distortion"": 1.398218777256205, ""minimum_gap"": 0.009855199877096155, ""minimum_gap_s"": 0.98, ""omega_scale"": 1.1832159566199232}, {""gap_distortion"": 1.9540413310761242, ""minimum_gap"": 0.013772857437698072, ""minimum_gap_s"": 0.98, ""omega_scale"": 1.4}]"
atlas,95,FhoG_,7,7,5,4,3,1,DhC,5,4,4,4,1,1,1.0,False,1.0,0.5716401646922833,0.56,0.5602245440237708,0.56,1.0203768663659767,"[{""gap_distortion"": 1.0203768663659767, ""minimum_gap"": 0.5602245440237708, ""minimum_gap_s"": 0.56, ""omega_scale"": 1.0}, {""gap_distortion"": 1.1612698884728951, ""minimum_gap"": 0.6638285102988353, ""minimum_gap_s"": 0.56, ""omega_scale"": 1.1832159566199232}, {""gap_distortion"": 1.3716192956158053, ""minimum_gap"": 0.7840726800409326, ""minimum_gap_s"": 0.5800000000000001, ""omega_scale"": 1.4}]"
atlas,95,FhoG_,7,7,6,3,2,1,DmC,5,5,4,4,1,1,1.0,False,1.0,0.5716401646922833,0.56,0.7031841094451778,0.56,1.2301166938185761,"[{""gap_distortion"": 1.2301166938185761, ""minimum_gap"": 0.7031841094451778, ""minimum_gap_s"": 0.56, ""omega_scale"": 1.0}, {""gap_distortion"": 1.4532266210055584, ""minimum_gap"": 0.8307227049668278, ""minimum_gap_s"": 0.56, ""omega_scale"": 1.1832159566199232}, {""gap_distortion"": 1.7204240725398614, ""minimum_gap"": 0.9834635001672551, ""minimum_gap_s"": 0.5800000000000001, ""omega_scale"": 1.4}]"
atlas,96,FhD@G,7,7,0,1,3,1,Dgc,5,4,4,4,1,1,1.0,False,1.0,0.4415016587737144,0.56,0.5602245440237708,0.56,1.2689069970423512,"[{""gap_distortion"": 1.2689069970423512, ""minimum_gap"": 0.5602245440237708, ""minimum_gap_s"": 0.56, ""omega_scale"": 1.0}, {""gap_distortion"": 1.5035696856556338, ""minimum_gap"": 0.6638285102988346, ""minimum_gap_s"": 0.56, ""omega_scale"": 1.1832159566199232}, {""gap_distortion"": 1.775922387740784, ""minimum_gap"": 0.7840726800409317, ""minimum_gap_s"": 0.5800000000000001, ""omega_scale"": 1.4}]"
atlas,96,FhD@G,7,7,4,3,2,1,DiK,5,5,4,4,1,1,1.0,False,1.0,0.4415016587737144,0.56,0.5638397561332846,0.54,1.2770954421765217,"[{""gap_distortion"": 1.2770954421765217, ""minimum_gap"": 0.5638397561332846, ""minimum_gap_s"": 0.54, ""omega_scale"": 1.0}, {""gap_distortion"": 1.515099920138374, ""minimum_gap"": 0.6689191279490143, ""minimum_gap_s"": 0.54, ""omega_scale"": 1.1832159566199232}, {""gap_distortion"": 1.787655371961751, ""minimum_gap"": 0.7892528120368545, ""minimum_gap_s"": 0.56, ""omega_scale"": 1.4}]"
atlas,97,FhoGG,7,7,3,2,2,1,DxC,5,5,3,3,8,5,0.625,True,1.0,0.008189402111410615,0.98,0.008920767321674461,0.98,1.0893063010356772,"[{""gap_distortion"": 1.0893063010356772, ""minimum_gap"": 0.008920767321674461, ""minimum_gap_s"": 0.98, ""omega_scale"": 1.0}, {""gap_distortion"": 1.522289017215561, ""minimum_gap"": 0.012466636891762306, ""minimum_gap_s"": 0.98, ""omega_scale"": 1.1832159566199232}, {""gap_distortion"": 2.1258944425150714, ""minimum_gap"": 0.01740980443616902, ""minimum_gap_s"": 0.98, ""omega_scale"": 1.4}]"
atlas,97,FhoGG,7,7,6,5,2,1,Dho,5,5,3,3,8,5,0.625,True,1.0,0.008189402111410615,0.98,0.008920767321670908,0.98,1.0893063010352433,"[{""gap_distortion"": 1.0893063010352433, ""minimum_gap"": 0.008920767321670908, ""minimum_gap_s"": 0.98, ""omega_scale"": 1.0}, {""gap_distortion"": 1.5222890172158865, ""minimum_gap"": 0.01246663689176497, ""minimum_gap_s"": 0.98, ""omega_scale"": 1.1832159566199232}, {""gap_distortion"": 2.125894442515288, ""minimum_gap"": 0.017409804436170795, ""minimum_gap_s"": 0.98, ""omega_scale"": 1.4}]"
atlas,98,FIo`G,7,7,0,4,2,1,DqS,5,5,3,3,8,5,0.625,True,1.0,0.008110294017013686,0.98,0.008920767321670908,0.98,1.099931433183189,"[{""gap_distortion"": 1.099931433183189, ""minimum_gap"": 0.008920767321670908, ""minimum_gap_s"": 0.98, ""omega_scale"": 1.0}, {""gap_distortion"": 1.537137478075714, ""minimum_gap"": 0.01246663689176497, ""minimum_gap_s"": 0.98, ""omega_scale"": 1.1832159566199232}, {""gap_distortion"": 2.1466304920202273, ""minimum_gap"": 0.017409804436170795, ""minimum_gap_s"": 0.98, ""omega_scale"": 1.4}]"
atlas,98,FIo`G,7,7,3,1,3,1,DQS,5,4,3,3,8,6,0.75,True,1.0,0.008110294017013686,0.98,0.009950493836209162,0.98,1.226896807358047,"[{""gap_distortion"": 1.226896807358047, ""minimum_gap"": 0.009950493836209162, ""minimum_gap_s"": 0.98, ""omega_scale"": 1.0}, {""gap_distortion"": 1.7142841457732108, ""minimum_gap"": 0.01390334845092589, ""minimum_gap_s"": 0.98, ""omega_scale"": 1.1832159566199232}, {""gap_distortion"": 2.3934514518526884, ""minimum_gap"": 0.01941159498997358, ""minimum_gap_s"": 0.98, ""omega_scale"": 1.4}]"
atlas,99,Fh_gG,7,7,3,2,3,1,DpC,5,4,4,4,1,1,1.0,False,1.0,0.5390871384947786,0.5800000000000001,0.5602245440237708,0.56,1.0392096268295536,"[{""gap_distortion"": 1.0392096268295536, ""minimum_gap"": 0.5602245440237708, ""minimum_gap_s"": 0.56, ""omega_scale"": 1.0}, {""gap_distortion"": 1.231393707800848, ""minimum_gap"": 0.6638285102988346, ""minimum_gap_s"": 0.56, ""omega_scale"": 1.1832159566199232}, {""gap_distortion"": 1.4544451611852467, ""minimum_gap"": 0.7840726800409317, ""minimum_gap_s"": 0.5800000000000001, ""omega_scale"": 1.4}]"
atlas,99,Fh_gG,7,7,6,5,3,1,Dh_,5,4,4,4,1,1,1.0,False,1.0,0.5390871384947786,0.5800000000000001,0.5602245440237708,0.56,1.0392096268295536,"[{""gap_distortion"": 1.0392096268295536, ""minimum_gap"": 0.5602245440237708, ""minimum_gap_s"": 0.56, ""omega_scale"": 1.0}, {""gap_distortion"": 1.231393707800848, ""minimum_gap"": 0.6638285102988346, ""minimum_gap_s"": 0.56, ""omega_scale"": 1.1832159566199232}, {""gap_distortion"": 1.4544451611852467, ""minimum_gap"": 0.7840726800409317, ""minimum_gap_s"": 0.5800000000000001, ""omega_scale"": 1.4}]"
atlas,100,FpQO_,7,7,4,1,2,1,DlG,5,5,4,4,2,1,0.5,True,1.0,0.00995049383597113,0.98,0.5638397561332846,0.54,56.664499815576846,"[{""gap_distortion"": 56.664499815576846, ""minimum_gap"": 0.5638397561332846, ""minimum_gap_s"": 0.54, ""omega_scale"": 1.0}, {""gap_distortion"": 67.22471657947914, ""minimum_gap"": 0.6689191279490134, ""minimum_gap_s"": 0.54, ""omega_scale"": 1.1832159566199232}, {""gap_distortion"": 79.31795396764109, ""minimum_gap"": 0.7892528120368545, ""minimum_gap_s"": 0.56, ""omega_scale"": 1.4}]"
atlas,100,FpQO_,7,7,6,3,3,1,Dq_,5,4,4,4,2,2,1.0,False,1.0,0.00995049383597113,0.98,0.009950493835978236,0.98,1.000000000000714,"[{""gap_distortion"": 1.000000000000714, ""minimum_gap"": 0.009950493835978236, ""minimum_gap_s"": 0.98, ""omega_scale"": 1.0}, {""gap_distortion"": 1.3972521041536803, ""minimum_gap"": 0.013903348449678887, ""minimum_gap_s"": 0.98, ""omega_scale"": 1.1832159566199232}, {""gap_distortion"": 1.9508172462006685, ""minimum_gap"": 0.019411594983425928, ""minimum_gap_s"": 0.98, ""omega_scale"": 1.4}]"
atlas,101,FXAGg,7,7,1,2,3,1,DDS,5,4,4,4,2,2,1.0,False,1.0,0.009950493835642504,0.98,0.009950493835972907,0.98,1.0000000000332046,"[{""gap_distortion"": 1.0000000000332046, ""minimum_gap"": 0.009950493835972907, ""minimum_gap_s"": 0.98, ""omega_scale"": 1.0}, {""gap_distortion"": 1.397252104200183, ""minimum_gap"": 0.01390334844968244, ""minimum_gap_s"": 0.98, ""omega_scale"": 1.1832159566199232}, {""gap_distortion"": 1.9508172462643825, ""minimum_gap"": 0.019411594983418823, ""minimum_gap_s"": 0.98, ""omega_scale"": 1.4}]"
atlas,101,FXAGg,7,7,4,5,3,1,DXC,5,4,4,4,2,2,1.0,False,1.0,0.009950493835642504,0.98,0.009950493835969354,0.98,1.0000000000328475,"[{""gap_distortion"": 1.0000000000328475, ""minimum_gap"": 0.009950493835969354, ""minimum_gap_s"": 0.98, ""omega_scale"": 1.0}, {""gap_distortion"": 1.3972521042006294, ""minimum_gap"": 0.013903348449686881, ""minimum_gap_s"": 0.98, ""omega_scale"": 1.1832159566199232}, {""gap_distortion"": 1.950817246264918, ""minimum_gap"": 0.019411594983424152, ""minimum_gap_s"": 0.98, ""omega_scale"": 1.4}]"
atlas,102,Fk_`G,7,7,3,0,3,2,DaS,5,4,4,4,2,2,1.0,False,1.0,0.00995055457828009,0.98,0.009950554578282755,0.98,1.0000000000002678,"[{""gap_distortion"": 1.0000000000002678, ""minimum_gap"": 0.009950554578282755, ""minimum_gap_s"": 0.98, ""omega_scale"": 1.0}, {""gap_distortion"": 1.3972601372592128, ""minimum_gap"": 0.013903513255852928, ""minimum_gap_s"": 0.98, ""omega_scale"": 1.1832159566199232}, {""gap_distortion"": 1.9508500777946565, ""minimum_gap"": 0.01941204017313769, ""minimum_gap_s"": 0.98, ""omega_scale"": 1.4}]"
atlas,102,Fk_`G,7,7,4,0,3,2,DaS,5,4,4,4,2,2,1.0,False,1.0,0.00995055457828009,0.98,0.009950554578282755,0.98,1.0000000000002678,"[{""gap_distortion"": 1.0000000000002678, ""minimum_gap"": 0.009950554578282755, ""minimum_gap_s"": 0.98, ""omega_scale"": 1.0}, {""gap_distortion"": 1.3972601372592128, ""minimum_gap"": 0.013903513255852928, ""minimum_gap_s"": 0.98, ""omega_scale"": 1.1832159566199232}, {""gap_distortion"": 1.9508500777946565, ""minimum_gap"": 0.01941204017313769, ""minimum_gap_s"": 0.98, ""omega_scale"": 1.4}]"
atlas,103,FMo`?,7,7,5,2,3,2,D]?,5,4,4,4,2,2,1.0,False,1.0,4.9382108610274145e-05,0.98,4.938209891847123e-05,0.98,1.0000001962614617,"[{""gap_distortion"": 1.0000001962614617, ""minimum_gap"": 4.938209891847123e-05, ""minimum_gap_s"": 0.98, ""omega_scale"": 1.0}, {""gap_distortion"": 1.950344779974578, ""minimum_gap"": 9.631213775218583e-05, ""minimum_gap_s"": 0.98, ""omega_scale"": 1.1832159566199232}, {""gap_distortion"": 3.796467777820297, ""minimum_gap"": 0.00018747758413972804, ""minimum_gap_s"": 0.98, ""omega_scale"": 1.4}]"
atlas,103,FMo`?,7,7,6,2,3,2,D]?,5,4,4,4,2,2,1.0,False,1.0,4.9382108610274145e-05,0.98,4.938209891847123e-05,0.98,1.0000001962614617,"[{""gap_distortion"": 1.0000001962614617, ""minimum_gap"": 4.938209891847123e-05, ""minimum_gap_s"": 0.98, ""omega_scale"": 1.0}, {""gap_distortion"": 1.950344779974578, ""minimum_gap"": 9.631213775218583e-05, ""minimum_gap_s"": 0.98, ""omega_scale"": 1.1832159566199232}, {""gap_distortion"": 3.796467777820297, ""minimum_gap"": 0.00018747758413972804, ""minimum_gap_s"": 0.98, ""omega_scale"": 1.4}]"
atlas,104,FK_h_,7,7,1,2,3,1,DpO,5,4,4,4,1,1,1.0,False,1.0,0.4756688867629739,0.56,0.5602245440237708,0.56,1.177761589235352,"[{""gap_distortion"": 1.177761589235352, ""minimum_gap"": 0.5602245440237708, ""minimum_gap_s"": 0.56, ""omega_scale"": 1.0}, {""gap_distortion"": 1.3955684905446017, ""minimum_gap"": 0.6638285102988346, ""minimum_gap_s"": 0.56, ""omega_scale"": 1.1832159566199232}, {""gap_distortion"": 1.6483581370577125, ""minimum_gap"": 0.7840726800409317, ""minimum_gap_s"": 0.5800000000000001, ""omega_scale"": 1.4}]"
atlas,105,FIc`G,7,7,0,4,2,1,DqS,5,5,3,3,7,5,0.7142857142857143,True,1.0,0.005670161878041924,0.98,0.008920767321670908,0.98,1.573282652866961,"[{""gap_distortion"": 1.573282652866961, ""minimum_gap"": 0.008920767321670908, ""minimum_gap_s"": 0.98, ""omega_scale"": 1.0}, {""gap_distortion"": 2.1986386208906743, ""minimum_gap"": 0.01246663689176497, ""minimum_gap_s"": 0.98, ""omega_scale"": 1.1832159566199232}, {""gap_distortion"": 3.070424585864367, ""minimum_gap"": 0.017409804436170795, ""minimum_gap_s"": 0.98, ""omega_scale"": 1.4}]"
atlas,106,FMo@G,7,7,5,6,2,1,DMo,5,5,4,4,1,1,1.0,False,1.0,0.4902781888797394,0.54,0.5638397561332846,0.54,1.1500404646219928,"[{""gap_distortion"": 1.1500404646219928, ""minimum_gap"": 0.5638397561332846, ""minimum_gap_s"": 0.54, ""omega_scale"": 1.0}, {""gap_distortion"": 1.3643664823790336, ""minimum_gap"": 0.6689191279490134, ""minimum_gap_s"": 0.54, ""omega_scale"": 1.1832159566199232}, {""gap_distortion"": 1.6098060854802798, ""minimum_gap"": 0.7892528120368545, ""minimum_gap_s"": 0.56, ""omega_scale"": 1.4}]"
atlas,107,FPq?g,7,7,1,4,2,1,DkK,5,5,3,3,8,5,0.625,True,1.0,0.00657054474854224,0.98,0.006919808453943688,0.98,1.053155973936398,"[{""gap_distortion"": 1.053155973936398, ""minimum_gap"": 0.006919808453943688, ""minimum_gap_s"": 0.98, ""omega_scale"": 1.0}, {""gap_distortion"": 1.4751883597114066, ""minimum_gap"": 0.009692791130012424, ""minimum_gap_s"": 0.98, ""omega_scale"": 1.1832159566199232}, {""gap_distortion"": 2.0666698595394473, ""minimum_gap"": 0.013579146792567443, ""minimum_gap_s"": 0.98, ""omega_scale"": 1.4}]"
atlas,108,FmpA?,7,8,2,1,6,3,Do?,5,2,5,5,1,1,1.0,False,1.0,0.7144070996630769,0.54,0.7150264191663733,0.54,1.0008668999840407,"[{""gap_distortion"": 1.0008668999840407, ""minimum_gap"": 0.7150264191663733, ""minimum_gap_s"": 0.54, ""omega_scale"": 1.0}, {""gap_distortion"": 1.1837777456976013, ""minimum_gap"": 0.8456992259495189, ""minimum_gap_s"": 0.54, ""omega_scale"": 1.1832159566199232}, {""gap_distortion"": 1.402302193687449, ""minimum_gap"": 1.0018146430434207, ""minimum_gap_s"": 0.54, ""omega_scale"": 1.4}]"
atlas,108,FmpA?,7,8,5,1,6,3,DS?,5,2,5,5,1,1,1.0,False,1.0,0.7144070996630769,0.54,0.7150264191663724,0.54,1.0008668999840393,"[{""gap_distortion"": 1.0008668999840393, ""minimum_gap"": 0.7150264191663724, ""minimum_gap_s"": 0.54, ""omega_scale"": 1.0}, {""gap_distortion"": 1.183777745697602, ""minimum_gap"": 0.8456992259495193, ""minimum_gap_s"": 0.54, ""omega_scale"": 1.1832159566199232}, {""gap_distortion"": 1.4023021936874502, ""minimum_gap"": 1.0018146430434216, ""minimum_gap_s"": 0.54, ""omega_scale"": 1.4}]"
atlas,108,FmpA?,7,8,6,1,6,3,DS?,5,2,5,5,1,1,1.0,False,1.0,0.7144070996630769,0.54,0.7150264191663724,0.54,1.0008668999840393,"[{""gap_distortion"": 1.0008668999840393, ""minimum_gap"": 0.7150264191663724, ""minimum_gap_s"": 0.54, ""omega_scale"": 1.0}, {""gap_distortion"": 1.183777745697602, ""minimum_gap"": 0.8456992259495193, ""minimum_gap_s"": 0.54, ""omega_scale"": 1.1832159566199232}, {""gap_distortion"": 1.4023021936874502, ""minimum_gap"": 1.0018146430434216, ""minimum_gap_s"": 0.54, ""omega_scale"": 1.4}]"
atlas,109,FupA?,7,8,2,0,4,1,Ds_,5,4,5,5,1,1,1.0,False,1.0,0.8508594808794989,0.48000000000000004,0.9347560842189926,0.48000000000000004,1.0986021842910807,"[{""gap_distortion"": 1.0986021842910807, ""minimum_gap"": 0.9347560842189926, ""minimum_gap_s"": 0.48000000000000004, ""omega_scale"": 1.0}, {""gap_distortion"": 1.3006698146347253, ""minimum_gap"": 1.1066872432757364, ""minimum_gap_s"": 0.48000000000000004, ""omega_scale"": 1.1832159566199232}, {""gap_distortion"": 1.5379198181116134, ""minimum_gap"": 1.3085536580727408, ""minimum_gap_s"": 0.46, ""omega_scale"": 1.4}]"
atlas,109,FupA?,7,8,5,1,5,2,Ds?,5,3,5,5,1,1,1.0,False,1.0,0.8508594808794989,0.48000000000000004,0.8638475452747834,0.48000000000000004,1.0152646408568653,"[{""gap_distortion"": 1.0152646408568653, ""minimum_gap"": 0.8638475452747834, ""minimum_gap_s"": 0.48000000000000004, ""omega_scale"": 1.0}, {""gap_distortion"": 1.2003287913452336, ""minimum_gap"": 1.0213111322887218, ""minimum_gap_s"": 0.48000000000000004, ""omega_scale"": 1.1832159566199232}, {""gap_distortion"": 1.4197787360607628, ""minimum_gap"": 1.2080321983284117, ""minimum_gap_s"": 0.48000000000000004, ""omega_scale"": 1.4}]"
atlas,109,FupA?,7,8,6,1,5,2,Ds?,5,3,5,5,1,1,1.0,False,1.0,0.8508594808794989,0.48000000000000004,0.8638475452747834,0.48000000000000004,1.0152646408568653,"[{""gap_distortion"": 1.0152646408568653, ""minimum_gap"": 0.8638475452747834, ""minimum_gap_s"": 0.48000000000000004, ""omega_scale"": 1.0}, {""gap_distortion"": 1.2003287913452336, ""minimum_gap"": 1.0213111322887218, ""minimum_gap_s"": 0.48000000000000004, ""omega_scale"": 1.1832159566199232}, {""gap_distortion"": 1.4197787360607628, ""minimum_gap"": 1.2080321983284117, ""minimum_gap_s"": 0.48000000000000004, ""omega_scale"": 1.4}]"
atlas,110,FexA?,7,8,2,4,3,1,DyO,5,5,4,4,3,2,0.6666666666666666,True,1.0,0.007048396226497999,0.98,0.00995049391169811,0.98,1.411738726363007,"[{""gap_distortion"": 1.411738726363007, ""minimum_gap"": 0.00995049391169811, ""minimum_gap_s"": 0.98, ""omega_scale"": 1.0}, {""gap_distortion"": 1.972554931677502, ""minimum_gap"": 0.013903348736995724, ""minimum_gap_s"": 0.98, ""omega_scale"": 1.1832159566199232}, {""gap_distortion"": 2.7540443874804517, ""minimum_gap"": 0.01941159606832521, ""minimum_gap_s"": 0.98, ""omega_scale"": 1.4}]"
atlas,110,FexA?,7,8,5,1,5,2,DU?,5,3,4,4,3,3,1.0,False,1.0,0.007048396226497999,0.98,0.00704839619035269,0.98,1.0000000051281608,"[{""gap_distortion"": 1.0000000051281608, ""minimum_gap"": 0.00704839619035269, ""minimum_gap_s"": 0.98, ""omega_scale"": 1.0}, {""gap_distortion"": 1.3982187664255596, ""minimum_gap"": 0.009855199877092602, ""minimum_gap_s"": 0.98, ""omega_scale"": 1.1832159566199232}, {""gap_distortion"": 1.9540413159402608, ""minimum_gap"": 0.013772857437694519, ""minimum_gap_s"": 0.98, ""omega_scale"": 1.4}]"
atlas,110,FexA?,7,8,6,1,5,2,DU?,5,3,4,4,3,3,1.0,False,1.0,0.007048396226497999,0.98,0.00704839619035269,0.98,1.0000000051281608,"[{""gap_distortion"": 1.0000000051281608, ""minimum_gap"": 0.00704839619035269, ""minimum_gap_s"": 0.98, ""omega_scale"": 1.0}, {""gap_distortion"": 1.3982187664255596, ""minimum_gap"": 0.009855199877092602, ""minimum_gap_s"": 0.98, ""omega_scale"": 1.1832159566199232}, {""gap_distortion"": 1.9540413159402608, ""minimum_gap"": 0.013772857437694519, ""minimum_gap_s"": 0.98, ""omega_scale"": 1.4}]"
atlas,111,FMtA?,7,8,2,1,5,3,Dw?,5,3,4,4,3,3,1.0,False,1.0,0.014889156496630918,0.98,0.014889156509220847,0.98,1.0000000008455772,"[{""gap_distortion"": 1.0000000008455772, ""minimum_gap"": 0.014889156509220847, ""minimum_gap_s"": 0.98, ""omega_scale"": 1.0}, {""gap_distortion"": 1.3959160425700736, ""minimum_gap"": 0.020784012413983532, ""minimum_gap_s"": 0.98, ""omega_scale"": 1.1832159566199232}, {""gap_distortion"": 1.9463881354916361, ""minimum_gap"": 0.028980077552520633, ""minimum_gap_s"": 0.98, ""omega_scale"": 1.4}]"
atlas,111,FMtA?,7,8,5,1,5,3,DT?,5,3,4,4,3,3,1.0,False,1.0,0.014889156496630918,0.98,0.01488915650921907,0.98,1.0000000008454577,"[{""gap_distortion"": 1.0000000008454577, ""minimum_gap"": 0.01488915650921907, ""minimum_gap_s"": 0.98, ""omega_scale"": 1.0}, {""gap_distortion"": 1.3959160425704913, ""minimum_gap"": 0.02078401241398975, ""minimum_gap_s"": 0.98, ""omega_scale"": 1.1832159566199232}, {""gap_distortion"": 1.946388135491815, ""minimum_gap"": 0.028980077552523298, ""minimum_gap_s"": 0.98, ""omega_scale"": 1.4}]"
atlas,111,FMtA?,7,8,6,1,5,3,DT?,5,3,4,4,3,3,1.0,False,1.0,0.014889156496630918,0.98,0.01488915650921907,0.98,1.0000000008454577,"[{""gap_distortion"": 1.0000000008454577, ""minimum_gap"": 0.01488915650921907, ""minimum_gap_s"": 0.98, ""omega_scale"": 1.0}, {""gap_distortion"": 1.3959160425704913, ""minimum_gap"": 0.02078401241398975, ""minimum_gap_s"": 0.98, ""omega_scale"": 1.1832159566199232}, {""gap_distortion"": 1.946388135491815, ""minimum_gap"": 0.028980077552523298, ""minimum_gap_s"": 0.98, ""omega_scale"": 1.4}]"
atlas,112,F\CoG,7,8,1,2,4,1,DiC,5,4,4,4,2,2,1.0,False,1.0,0.009950493835834351,0.98,0.009950493835974683,0.98,1.000000000014103,"[{""gap_distortion"": 1.000000000014103, ""minimum_gap"": 0.009950493835974683, ""minimum_gap_s"": 0.98, ""omega_scale"": 1.0}, {""gap_distortion"": 1.3972521041730654, ""minimum_gap"": 0.013903348449680664, ""minimum_gap_s"": 0.98, ""omega_scale"": 1.1832159566199232}, {""gap_distortion"": 1.9508172462273954, ""minimum_gap"": 0.01941159498342504, ""minimum_gap_s"": 0.98, ""omega_scale"": 1.4}]"
atlas,112,F\CoG,7,8,4,3,4,1,DXC,5,4,4,4,2,2,1.0,False,1.0,0.009950493835834351,0.98,0.009950493835969354,0.98,1.0000000000135674,"[{""gap_distortion"": 1.0000000000135674, ""minimum_gap"": 0.009950493835969354, ""minimum_gap_s"": 0.98, ""omega_scale"": 1.0}, {""gap_distortion"": 1.3972521041736903, ""minimum_gap"": 0.013903348449686881, ""minimum_gap_s"": 0.98, ""omega_scale"": 1.1832159566199232}, {""gap_distortion"": 1.9508172462273061, ""minimum_gap"": 0.019411594983424152, ""minimum_gap_s"": 0.98, ""omega_scale"": 1.4}]"
atlas,112,F\CoG,7,8,6,5,3,1,D\C,5,5,4,4,2,1,0.5,True,1.0,0.009950493835834351,0.98,0.7031841094451778,0.56,70.66826240450766,"[{""gap_distortion"": 70.66826240450766, ""minimum_gap"": 0.7031841094451778, ""minimum_gap_s"": 0.56, ""omega_scale"": 1.0}, {""gap_distortion"": 83.48557555758453, ""minimum_gap"": 0.8307227049668278, ""minimum_gap_s"": 0.56, ""omega_scale"": 1.1832159566199232}, {""gap_distortion"": 98.83564739526233, ""minimum_gap"": 0.9834635001672551, ""minimum_gap_s"": 0.5800000000000001, ""omega_scale"": 1.4}]"
atlas,113,FE|A?,7,8,2,4,4,1,DYO,5,4,4,4,2,2,1.0,False,1.0,0.009950554578040283,0.98,0.009950493835974683,0.98,1.0000061044272375,"[{""gap_distortion"": 1.0000061044272375, ""minimum_gap"": 0.009950493835974683, ""minimum_gap_s"": 0.98, ""omega_scale"": 1.0}, {""gap_distortion"": 1.3972435747817138, ""minimum_gap"": 0.013903348449681552, ""minimum_gap_s"": 0.98, ""omega_scale"": 1.1832159566199232}, {""gap_distortion"": 1.9508053376502874, ""minimum_gap"": 0.019411594983421487, ""minimum_gap_s"": 0.98, ""omega_scale"": 1.4}]"
atlas,113,FE|A?,7,8,5,1,4,2,DV?,5,4,4,4,2,2,1.0,False,1.0,0.009950554578040283,0.98,0.009950554578281867,0.98,1.0000000000242786,"[{""gap_distortion"": 1.0000000000242786, ""minimum_gap"": 0.009950554578281867, ""minimum_gap_s"": 0.98, ""omega_scale"": 1.0}, {""gap_distortion"": 1.3972601372927975, ""minimum_gap"": 0.01390351325585204, ""minimum_gap_s"": 0.98, ""omega_scale"": 1.1832159566199232}, {""gap_distortion"": 1.9508500778414042, ""minimum_gap"": 0.019412040173135026, ""minimum_gap_s"": 0.98, ""omega_scale"": 1.4}]"
atlas,113,FE|A?,7,8,6,1,4,2,DV?,5,4,4,4,2,2,1.0,False,1.0,0.009950554578040283,0.98,0.009950554578281867,0.98,1.0000000000242786,"[{""gap_distortion"": 1.0000000000242786, ""minimum_gap"": 0.009950554578281867, ""minimum_gap_s"": 0.98, ""omega_scale"": 1.0}, {""gap_distortion"": 1.3972601372927975, ""minimum_gap"": 0.01390351325585204, ""minimum_gap_s"": 0.98, ""omega_scale"": 1.1832159566199232}, {""gap_distortion"": 1.9508500778414042, ""minimum_gap"": 0.019412040173135026, ""minimum_gap_s"": 0.98, ""omega_scale"": 1.4}]"
atlas,114,F[EoG,7,8,1,2,3,1,DmC,5,5,4,4,1,1,1.0,False,1.0,0.5866966885523639,0.56,0.7031841094451778,0.56,1.198547943367874,"[{""gap_distortion"": 1.198547943367874, ""minimum_gap"": 0.7031841094451778, ""minimum_gap_s"": 0.56, ""omega_scale"": 1.0}, {""gap_distortion"": 1.4159321522959032, ""minimum_gap"": 0.8307227049668278, ""minimum_gap_s"": 0.56, ""omega_scale"": 1.1832159566199232}, {""gap_distortion"": 1.6762724579098744, ""minimum_gap"": 0.9834635001672551, ""minimum_gap_s"": 0.5800000000000001, ""omega_scale"": 1.4}]"
atlas,114,F[EoG,7,8,4,3,3,1,D\C,5,5,4,4,1,1,1.0,False,1.0,0.5866966885523639,0.56,0.7031841094451778,0.56,1.198547943367874,"[{""gap_distortion"": 1.198547943367874, ""minimum_gap"": 0.7031841094451778, ""minimum_gap_s"": 0.56, ""omega_scale"": 1.0}, {""gap_distortion"": 1.4159321522959032, ""minimum_gap"": 0.8307227049668278, ""minimum_gap_s"": 0.56, ""omega_scale"": 1.1832159566199232}, {""gap_distortion"": 1.6762724579098744, ""minimum_gap"": 0.9834635001672551, ""minimum_gap_s"": 0.5800000000000001, ""omega_scale"": 1.4}]"
atlas,114,F[EoG,7,8,6,5,4,1,D[C,5,4,4,4,1,1,1.0,False,1.0,0.5866966885523639,0.56,0.5602245440237708,0.56,1.0472527396576718,"[{""gap_distortion"": 1.0472527396576718, ""minimum_gap"": 0.5602245440237708, ""minimum_gap_s"": 0.56, ""omega_scale"": 1.0}, {""gap_distortion"": 1.1314679684604807, ""minimum_gap"": 0.6638285102988346, ""minimum_gap_s"": 0.56, ""omega_scale"": 1.1832159566199232}, {""gap_distortion"": 1.3364191333269337, ""minimum_gap"": 0.7840726800409321, ""minimum_gap_s"": 0.5800000000000001, ""omega_scale"": 1.4}]"
atlas,115,FjKGO,7,8,0,1,3,1,DxG,5,5,4,4,2,2,1.0,False,1.0,0.009950554653769927,0.98,0.00995049391169367,0.98,1.0000061044282622,"[{""gap_distortion"": 1.0000061044282622, ""minimum_gap"": 0.00995049391169367, ""minimum_gap_s"": 0.98, ""omega_scale"": 1.0}, {""gap_distortion"": 1.397243593022402, ""minimum_gap"": 0.013903348736999277, ""minimum_gap_s"": 0.98, ""omega_scale"": 1.1832159566199232}, {""gap_distortion"": 1.9508054318327912, ""minimum_gap"": 0.019411596068323433, ""minimum_gap_s"": 0.98, ""omega_scale"": 1.4}]"
atlas,115,FjKGO,7,8,5,4,4,2,Dj?,5,4,4,4,2,2,1.0,False,1.0,0.009950554653769927,0.98,0.009950554578282755,0.98,1.0000000075862276,"[{""gap_distortion"": 1.0000000075862276, ""minimum_gap"": 0.009950554578282755, ""minimum_gap_s"": 0.98, ""omega_scale"": 1.0}, {""gap_distortion"": 1.3972601266587268, ""minimum_gap"": 0.013903513255851152, ""minimum_gap_s"": 0.98, ""omega_scale"": 1.1832159566199232}, {""gap_distortion"": 1.9508500629945413, ""minimum_gap"": 0.01941204017313769, ""minimum_gap_s"": 0.98, ""omega_scale"": 1.4}]"
atlas,115,FjKGO,7,8,6,4,4,2,Dj?,5,4,4,4,2,2,1.0,False,1.0,0.009950554653769927,0.98,0.009950554578282755,0.98,1.0000000075862276,"[{""gap_distortion"": 1.0000000075862276, ""minimum_gap"": 0.009950554578282755, ""minimum_gap_s"": 0.98, ""omega_scale"": 1.0}, {""gap_distortion"": 1.3972601266587268, ""minimum_gap"": 0.013903513255851152, ""minimum_gap_s"": 0.98, ""omega_scale"": 1.1832159566199232}, {""gap_distortion"": 1.9508500629945413, ""minimum_gap"": 0.01941204017313769, ""minimum_gap_s"": 0.98, ""omega_scale"": 1.4}]"
atlas,116,F`?Fw,7,8,4,6,6,2,D`?,5,2,4,4,4,4,1.0,False,1.0,0.009950493836459628,0.98,0.009950493836209162,0.98,1.0000000000251712,"[{""gap_distortion"": 1.0000000000251712, ""minimum_gap"": 0.009950493836209162, ""minimum_gap_s"": 0.98, ""omega_scale"": 1.0}, {""gap_distortion"": 1.3972521042104058, ""minimum_gap"": 0.01390334845092589, ""minimum_gap_s"": 0.98, ""omega_scale"": 1.1832159566199232}, {""gap_distortion"": 1.950817246762563, ""minimum_gap"": 0.019411594989970027, ""minimum_gap_s"": 0.98, ""omega_scale"": 1.4}]"
atlas,116,F`?Fw,7,8,5,6,6,2,D`?,5,2,4,4,4,4,1.0,False,1.0,0.009950493836459628,0.98,0.009950493836209162,0.98,1.0000000000251712,"[{""gap_distortion"": 1.0000000000251712, ""minimum_gap"": 0.009950493836209162, ""minimum_gap_s"": 0.98, ""omega_scale"": 1.0}, {""gap_distortion"": 1.3972521042104058, ""minimum_gap"": 0.01390334845092589, ""minimum_gap_s"": 0.98, ""omega_scale"": 1.1832159566199232}, {""gap_distortion"": 1.950817246762563, ""minimum_gap"": 0.019411594989970027, ""minimum_gap_s"": 0.98, ""omega_scale"": 1.4}]"
atlas,117,FH?NW,7,8,0,6,5,1,DgC,5,3,4,4,2,2,1.0,False,1.0,0.009950493911702551,0.98,0.00995049383620561,0.98,1.0000000075872557,"[{""gap_distortion"": 1.0000000075872557, ""minimum_gap"": 0.00995049383620561, ""minimum_gap_s"": 0.98, ""omega_scale"": 1.0}, {""gap_distortion"": 1.3972520936444093, ""minimum_gap"": 0.013903348450922337, ""minimum_gap_s"": 0.98, ""omega_scale"": 1.1832159566199232}, {""gap_distortion"": 1.950817232011372, ""minimum_gap"": 0.01941159498997358, ""minimum_gap_s"": 0.98, ""omega_scale"": 1.4}]"
atlas,117,FH?NW,7,8,3,2,3,1,D@{,5,5,4,4,2,2,1.0,False,1.0,0.009950493911702551,0.98,0.009950493911690117,0.98,1.0000000000012497,"[{""gap_distortion"": 1.0000000000012497, ""minimum_gap"": 0.009950493911690117, ""minimum_gap_s"": 0.98, ""omega_scale"": 1.0}, {""gap_distortion"": 1.39725212239363, ""minimum_gap"": 0.013903348736991283, ""minimum_gap_s"": 0.98, ""omega_scale"": 1.1832159566199232}, {""gap_distortion"": 1.9508173403826836, ""minimum_gap"": 0.019411596068321657, ""minimum_gap_s"": 0.98, ""omega_scale"": 1.4}]"
atlas,118,Fh?Dw,7,8,4,6,5,2,Dh?,5,3,4,4,3,3,1.0,False,1.0,0.007048396181208005,0.98,0.007048396190354467,0.98,1.0000000012976655,"[{""gap_distortion"": 1.0000000012976655, ""minimum_gap"": 0.007048396190354467, ""minimum_gap_s"": 0.98, ""omega_scale"": 1.0}, {""gap_distortion"": 1.3982187754096662, ""minimum_gap"": 0.009855199877090826, ""minimum_gap_s"": 0.98, ""omega_scale"": 1.1832159566199232}, {""gap_distortion"": 1.9540413284962246, ""minimum_gap"": 0.013772857437695407, ""minimum_gap_s"": 0.98, ""omega_scale"": 1.4}]"
atlas,118,Fh?Dw,7,8,5,6,5,2,Dh?,5,3,4,4,3,3,1.0,False,1.0,0.007048396181208005,0.98,0.007048396190354467,0.98,1.0000000012976655,"[{""gap_distortion"": 1.0000000012976655, ""minimum_gap"": 0.007048396190354467, ""minimum_gap_s"": 0.98, ""omega_scale"": 1.0}, {""gap_distortion"": 1.3982187754096662, ""minimum_gap"": 0.009855199877090826, ""minimum_gap_s"": 0.98, ""omega_scale"": 1.1832159566199232}, {""gap_distortion"": 1.9540413284962246, ""minimum_gap"": 0.013772857437695407, ""minimum_gap_s"": 0.98, ""omega_scale"": 1.4}]"
atlas,119,Fepa?,7,8,2,5,2,1,D}O,5,6,4,4,2,1,0.5,True,1.0,0.009950493836255347,0.98,0.6999671351879921,0.54,70.34496445167485,"[{""gap_distortion"": 70.34496445167485, ""minimum_gap"": 0.6999671351879921, ""minimum_gap_s"": 0.54, ""omega_scale"": 1.0}, {""gap_distortion"": 83.27027281377912, ""minimum_gap"": 0.8285803363768103, ""minimum_gap_s"": 0.54, ""omega_scale"": 1.1832159566199232}, {""gap_distortion"": 98.53635117058406, ""minimum_gap"": 0.980485354969989, ""minimum_gap_s"": 0.56, ""omega_scale"": 1.4}]"
atlas,119,Fepa?,7,8,6,1,5,1,DSO,5,3,4,4,2,2,1.0,False,1.0,0.009950493836255347,0.98,0.00995049383621005,0.98,1.0000000000045521,"[{""gap_distortion"": 1.0000000000045521, ""minimum_gap"": 0.00995049383621005, ""minimum_gap_s"": 0.98, ""omega_scale"": 1.0}, {""gap_distortion"": 1.397252104238734, ""minimum_gap"": 0.013903348450922337, ""minimum_gap_s"": 0.98, ""omega_scale"": 1.1832159566199232}, {""gap_distortion"": 1.9508172468029699, ""minimum_gap"": 0.01941159498997358, ""minimum_gap_s"": 0.98, ""omega_scale"": 1.4}]"
atlas,120,Flg`?,7,8,5,2,5,2,Ds?,5,3,5,5,1,1,1.0,False,1.0,0.8249592183924863,0.48000000000000004,0.8638475452747834,0.48000000000000004,1.0471396961392525,"[{""gap_distortion"": 1.0471396961392525, ""minimum_gap"": 0.8638475452747834, ""minimum_gap_s"": 0.48000000000000004, ""omega_scale"": 1.0}, {""gap_distortion"": 1.2380140854463648, ""minimum_gap"": 1.0213111322887218, ""minimum_gap_s"": 0.48000000000000004, ""omega_scale"": 1.1832159566199232}, {""gap_distortion"": 1.4643538388265793, ""minimum_gap"": 1.2080321983284117, ""minimum_gap_s"": 0.48000000000000004, ""omega_scale"": 1.4}]"
atlas,120,Flg`?,7,8,6,2,5,2,Ds?,5,3,5,5,1,1,1.0,False,1.0,0.8249592183924863,0.48000000000000004,0.8638475452747834,0.48000000000000004,1.0471396961392525,"[{""gap_distortion"": 1.0471396961392525, ""minimum_gap"": 0.8638475452747834, ""minimum_gap_s"": 0.48000000000000004, ""omega_scale"": 1.0}, {""gap_distortion"": 1.2380140854463648, ""minimum_gap"": 1.0213111322887218, ""minimum_gap_s"": 0.48000000000000004, ""omega_scale"": 1.1832159566199232}, {""gap_distortion"": 1.4643538388265793, ""minimum_gap"": 1.2080321983284117, ""minimum_gap_s"": 0.48000000000000004, ""omega_scale"": 1.4}]"
atlas,121,FXAgg,7,8,1,2,4,1,DDS,5,4,4,4,2,2,1.0,False,1.0,0.00995049383564961,0.98,0.009950493835972907,0.98,1.0000000000324905,"[{""gap_distortion"": 1.0000000000324905, ""minimum_gap"": 0.009950493835972907, ""minimum_gap_s"": 0.98, ""omega_scale"": 1.0}, {""gap_distortion"": 1.3972521041991854, ""minimum_gap"": 0.01390334844968244, ""minimum_gap_s"": 0.98, ""omega_scale"": 1.1832159566199232}, {""gap_distortion"": 1.9508172462629894, ""minimum_gap"": 0.019411594983418823, ""minimum_gap_s"": 0.98, ""omega_scale"": 1.4}]"
atlas,121,FXAgg,7,8,4,5,4,1,DXC,5,4,4,4,2,2,1.0,False,1.0,0.00995049383564961,0.98,0.009950493835969354,0.98,1.0000000000321334,"[{""gap_distortion"": 1.0000000000321334, ""minimum_gap"": 0.009950493835969354, ""minimum_gap_s"": 0.98, ""omega_scale"": 1.0}, {""gap_distortion"": 1.3972521041996318, ""minimum_gap"": 0.013903348449686881, ""minimum_gap_s"": 0.98, ""omega_scale"": 1.1832159566199232}, {""gap_distortion"": 1.950817246263525, ""minimum_gap"": 0.019411594983424152, ""minimum_gap_s"": 0.98, ""omega_scale"": 1.4}]"
atlas,122,FhDb?,7,8,0,1,4,1,Dk_,5,4,4,4,2,2,1.0,False,1.0,0.009950493835972907,0.98,0.009950493835972907,0.98,1.0,"[{""gap_distortion"": 1.0, ""minimum_gap"": 0.009950493835972907, ""minimum_gap_s"": 0.98, ""omega_scale"": 1.0}, {""gap_distortion"": 1.3972521041540555, ""minimum_gap"": 0.013903348449685105, ""minimum_gap_s"": 0.98, ""omega_scale"": 1.1832159566199232}, {""gap_distortion"": 1.950817246199874, ""minimum_gap"": 0.019411594983421487, ""minimum_gap_s"": 0.98, ""omega_scale"": 1.4}]"
atlas,122,FhDb?,7,8,4,3,2,1,DjW,5,6,4,4,2,1,0.5,True,1.0,0.009950493835972907,0.98,0.6999671351879921,0.54,70.34496445367157,"[{""gap_distortion"": 70.34496445367157, ""minimum_gap"": 0.6999671351879921, ""minimum_gap_s"": 0.54, ""omega_scale"": 1.0}, {""gap_distortion"": 83.27027281614271, ""minimum_gap"": 0.8285803363768103, ""minimum_gap_s"": 0.54, ""omega_scale"": 1.1832159566199232}, {""gap_distortion"": 98.53635117338096, ""minimum_gap"": 0.980485354969989, ""minimum_gap_s"": 0.56, ""omega_scale"": 1.4}]"
atlas,123,FmW`?,7,8,5,2,4,2,Dy?,5,4,4,4,2,2,1.0,False,1.0,0.009950554578294302,0.98,0.009950554578281867,0.98,1.0000000000012497,"[{""gap_distortion"": 1.0000000000012497, ""minimum_gap"": 0.009950554578281867, ""minimum_gap_s"": 0.98, ""omega_scale"": 1.0}, {""gap_distortion"": 1.3972601372566817, ""minimum_gap"": 0.0139035132558476, ""minimum_gap_s"": 0.98, ""omega_scale"": 1.1832159566199232}, {""gap_distortion"": 1.9508500777916027, ""minimum_gap"": 0.019412040173135026, ""minimum_gap_s"": 0.98, ""omega_scale"": 1.4}]"
atlas,123,FmW`?,7,8,6,2,4,2,Dy?,5,4,4,4,2,2,1.0,False,1.0,0.009950554578294302,0.98,0.009950554578281867,0.98,1.0000000000012497,"[{""gap_distortion"": 1.0000000000012497, ""minimum_gap"": 0.009950554578281867, ""minimum_gap_s"": 0.98, ""omega_scale"": 1.0}, {""gap_distortion"": 1.3972601372566817, ""minimum_gap"": 0.0139035132558476, ""minimum_gap_s"": 0.98, ""omega_scale"": 1.1832159566199232}, {""gap_distortion"": 1.9508500777916027, ""minimum_gap"": 0.019412040173135026, ""minimum_gap_s"": 0.98, ""omega_scale"": 1.4}]"
atlas,124,FFwG_,7,8,5,4,4,1,DFC,5,4,5,5,1,1,1.0,False,1.0,0.85364969050187,0.46,0.9347560842189926,0.48000000000000004,1.0950113314859158,"[{""gap_distortion"": 1.0950113314859158, ""minimum_gap"": 0.9347560842189926, ""minimum_gap_s"": 0.48000000000000004, ""omega_scale"": 1.0}, {""gap_distortion"": 1.2964184906165699, ""minimum_gap"": 1.1066872432757364, ""minimum_gap_s"": 0.48000000000000004, ""omega_scale"": 1.1832159566199232}, {""gap_distortion"": 1.5328930270020105, ""minimum_gap"": 1.3085536580727408, ""minimum_gap_s"": 0.46, ""omega_scale"": 1.4}]"
atlas,124,FFwG_,7,8,6,3,4,1,DFC,5,4,5,5,1,1,1.0,False,1.0,0.85364969050187,0.46,0.9347560842189926,0.48000000000000004,1.0950113314859158,"[{""gap_distortion"": 1.0950113314859158, ""minimum_gap"": 0.9347560842189926, ""minimum_gap_s"": 0.48000000000000004, ""omega_scale"": 1.0}, {""gap_distortion"": 1.2964184906165699, ""minimum_gap"": 1.1066872432757364, ""minimum_gap_s"": 0.48000000000000004, ""omega_scale"": 1.1832159566199232}, {""gap_distortion"": 1.5328930270020105, ""minimum_gap"": 1.3085536580727408, ""minimum_gap_s"": 0.46, ""omega_scale"": 1.4}]"
atlas,125,FxUA?,7,8,5,0,3,1,Dl_,5,5,4,4,1,1,1.0,False,1.0,0.519318442404539,0.56,0.5638397561332846,0.54,1.0857302766345134,"[{""gap_distortion"": 1.0857302766345134, ""minimum_gap"": 0.5638397561332846, ""minimum_gap_s"": 0.54, ""omega_scale"": 1.0}, {""gap_distortion"": 1.288071197417514, ""minimum_gap"": 0.6689191279490128, ""minimum_gap_s"": 0.54, ""omega_scale"": 1.1832159566199232}, {""gap_distortion"": 1.519785833875782, ""minimum_gap"": 0.7892528120368545, ""minimum_gap_s"": 0.56, ""omega_scale"": 1.4}]"
atlas,125,FxUA?,7,8,6,1,4,1,Dh_,5,4,4,4,1,1,1.0,False,1.0,0.519318442404539,0.56,0.5602245440237708,0.56,1.078768821360992,"[{""gap_distortion"": 1.078768821360992, ""minimum_gap"": 0.5602245440237708, ""minimum_gap_s"": 0.56, ""omega_scale"": 1.0}, {""gap_distortion"": 1.2782687000777166, ""minimum_gap"": 0.6638285102988346, ""minimum_gap_s"": 0.56, ""omega_scale"": 1.1832159566199232}, {""gap_distortion"": 1.509810967641612, ""minimum_gap"": 0.7840726800409317, ""minimum_gap_s"": 0.5800000000000001, ""omega_scale"": 1.4}]"
atlas,126,FeoJ?,7,8,2,6,2,1,D}C,5,6,3,3,7,4,0.5714285714285714,True,1.0,0.007343732917122203,0.98,0.009236515021292746,0.98,1.257741141396557,"[{""gap_distortion"": 1.257741141396557, ""minimum_gap"": 0.009236515021292746, ""minimum_gap_s"": 0.98, ""omega_scale"": 1.0}, {""gap_distortion"": 1.7564900579377412, ""minimum_gap"": 0.012899193857075275, ""minimum_gap_s"": 0.98, ""omega_scale"": 1.1832159566199232}, {""gap_distortion"": 2.450698930577439, ""minimum_gap"": 0.017997278406437722, ""minimum_gap_s"": 0.98, ""omega_scale"": 1.4}]"
atlas,126,FeoJ?,7,8,5,4,3,1,DeW,5,5,3,3,7,5,0.7142857142857143,True,1.0,0.007343732917122203,0.98,0.008920767321670908,0.98,1.2147456099433827,"[{""gap_distortion"": 1.2147456099433827, ""minimum_gap"": 0.008920767321670908, ""minimum_gap_s"": 0.98, ""omega_scale"": 1.0}, {""gap_distortion"": 1.6975885469222132, ""minimum_gap"": 0.012466636891762306, ""minimum_gap_s"": 0.98, ""omega_scale"": 1.1832159566199232}, {""gap_distortion"": 2.370702288965214, ""minimum_gap"": 0.017409804436170795, ""minimum_gap_s"": 0.98, ""omega_scale"": 1.4}]"
atlas,127,Fewa?,7,8,5,2,2,1,D}O,5,6,4,4,1,1,1.0,False,1.0,0.5498498461573607,0.56,0.6999671351879921,0.54,1.2730150605292152,"[{""gap_distortion"": 1.2730150605292152, ""minimum_gap"": 0.6999671351879921, ""minimum_gap_s"": 0.54, ""omega_scale"": 1.0}, {""gap_distortion"": 1.5069211024925524, ""minimum_gap"": 0.8285803363768103, ""minimum_gap_s"": 0.54, ""omega_scale"": 1.1832159566199232}, {""gap_distortion"": 1.783187468037202, ""minimum_gap"": 0.980485354969989, ""minimum_gap_s"": 0.56, ""omega_scale"": 1.4}]"
atlas,127,Fewa?,7,8,6,1,4,1,DUO,5,4,4,4,1,1,1.0,False,1.0,0.5498498461573607,0.56,0.5602245440237708,0.56,1.0188682381906877,"[{""gap_distortion"": 1.0188682381906877, ""minimum_gap"": 0.5602245440237708, ""minimum_gap_s"": 0.56, ""omega_scale"": 1.0}, {""gap_distortion"": 1.2072905265646916, ""minimum_gap"": 0.6638285102988346, ""minimum_gap_s"": 0.56, ""omega_scale"": 1.1832159566199232}, {""gap_distortion"": 1.4259759923921858, ""minimum_gap"": 0.784072680040933, ""minimum_gap_s"": 0.5800000000000001, ""omega_scale"": 1.4}]"
atlas,128,FxSI?,7,8,5,4,3,1,DxO,5,5,4,4,1,1,1.0,False,1.0,0.5841989690409362,0.56,0.7031841094451774,0.56,1.2036722875419927,"[{""gap_distortion"": 1.2036722875419927, ""minimum_gap"": 0.7031841094451774, ""minimum_gap_s"": 0.56, ""omega_scale"": 1.0}, {""gap_distortion"": 1.4219859140296036, ""minimum_gap"": 0.8307227049668278, ""minimum_gap_s"": 0.56, ""omega_scale"": 1.1832159566199232}, {""gap_distortion"": 1.6834392942900616, ""minimum_gap"": 0.9834635001672551, ""minimum_gap_s"": 0.5800000000000001, ""omega_scale"": 1.4}]"
atlas,128,FxSI?,7,8,6,1,4,1,DhC,5,4,4,4,1,1,1.0,False,1.0,0.5841989690409362,0.56,0.5602245440237708,0.56,1.0427943139459241,"[{""gap_distortion"": 1.0427943139459241, ""minimum_gap"": 0.5602245440237708, ""minimum_gap_s"": 0.56, ""omega_scale"": 1.0}, {""gap_distortion"": 1.1363055148635828, ""minimum_gap"": 0.6638285102988353, ""minimum_gap_s"": 0.56, ""omega_scale"": 1.1832159566199232}, {""gap_distortion"": 1.342132940303068, ""minimum_gap"": 0.7840726800409326, ""minimum_gap_s"": 0.5800000000000001, ""omega_scale"": 1.4}]"
atlas,129,FxSQ?,7,8,5,3,3,1,DyO,5,5,4,4,2,2,1.0,False,1.0,0.009950493911457414,0.98,0.00995049391169811,0.98,1.0000000000241893,"[{""gap_distortion"": 1.0000000000241893, ""minimum_gap"": 0.00995049391169811, ""minimum_gap_s"": 0.98, ""omega_scale"": 1.0}, {""gap_distortion"": 1.3972521224284986, ""minimum_gap"": 0.013903348736995724, ""minimum_gap_s"": 0.98, ""omega_scale"": 1.1832159566199232}, {""gap_distortion"": 1.9508173404311004, ""minimum_gap"": 0.01941159606832521, ""minimum_gap_s"": 0.98, ""omega_scale"": 1.4}]"
atlas,129,FxSQ?,7,8,6,1,4,1,DhG,5,4,4,4,2,2,1.0,False,1.0,0.009950493911457414,0.98,0.009950493835972907,0.98,1.0000000075860063,"[{""gap_distortion"": 1.0000000075860063, ""minimum_gap"": 0.009950493835972907, ""minimum_gap_s"": 0.98, ""omega_scale"": 1.0}, {""gap_distortion"": 1.3972520935543142, ""minimum_gap"": 0.013903348449683328, ""minimum_gap_s"": 0.98, ""omega_scale"": 1.1832159566199232}, {""gap_distortion"": 1.950817231401052, ""minimum_gap"": 0.019411594983422376, ""minimum_gap_s"": 0.98, ""omega_scale"": 1.4}]"
atlas,130,FEtB?,7,8,2,6,2,1,D^O,5,6,3,3,7,4,0.5714285714285714,True,1.0,0.009312199834252688,0.98,0.009236515021293634,0.98,1.0081940875735678,"[{""gap_distortion"": 1.0081940875735678, ""minimum_gap"": 0.009236515021293634, ""minimum_gap_s"": 0.98, ""omega_scale"": 1.0}, {""gap_distortion"": 1.3851929819664717, ""minimum_gap"": 0.012899193857076163, ""minimum_gap_s"": 0.98, ""omega_scale"": 1.1832159566199232}, {""gap_distortion"": 1.932655948837824, ""minimum_gap"": 0.017997278406435058, ""minimum_gap_s"": 0.98, ""omega_scale"": 1.4}]"
atlas,130,FEtB?,7,8,5,1,4,1,DTO,5,4,3,3,7,6,0.8571428571428571,True,1.0,0.009312199834252688,0.98,0.009950493836207386,0.98,1.0685438471376965,"[{""gap_distortion"": 1.0685438471376965, ""minimum_gap"": 0.009950493836207386, ""minimum_gap_s"": 0.98, ""omega_scale"": 1.0}, {""gap_distortion"": 1.4930251388920763, ""minimum_gap"": 0.01390334845092589, ""minimum_gap_s"": 0.98, ""omega_scale"": 1.1832159566199232}, {""gap_distortion"": 2.084533765971462, ""minimum_gap"": 0.01941159498997358, ""minimum_gap_s"": 0.98, ""omega_scale"": 1.4}]"
atlas,131,FxaGG,7,8,3,2,3,1,DtC,5,5,4,4,1,1,1.0,False,1.0,0.6951744581355417,0.56,0.7031841094451774,0.56,1.011521785957323,"[{""gap_distortion"": 1.011521785957323, ""minimum_gap"": 0.7031841094451774, ""minimum_gap_s"": 0.56, ""omega_scale"": 1.0}, {""gap_distortion"": 1.194984503882416, ""minimum_gap"": 0.8307227049668278, ""minimum_gap_s"": 0.56, ""omega_scale"": 1.1832159566199232}, {""gap_distortion"": 1.4147002794160546, ""minimum_gap"": 0.9834635001672551, ""minimum_gap_s"": 0.5800000000000001, ""omega_scale"": 1.4}]"
atlas,131,FxaGG,7,8,6,5,3,1,Dx_,5,5,4,4,1,1,1.0,False,1.0,0.6951744581355417,0.56,0.7031841094451778,0.56,1.0115217859573236,"[{""gap_distortion"": 1.0115217859573236, ""minimum_gap"": 0.7031841094451778, ""minimum_gap_s"": 0.56, ""omega_scale"": 1.0}, {""gap_distortion"": 1.194984503882416, ""minimum_gap"": 0.8307227049668278, ""minimum_gap_s"": 0.56, ""omega_scale"": 1.1832159566199232}, {""gap_distortion"": 1.414700279416056, ""minimum_gap"": 0.983463500167256, ""minimum_gap_s"": 0.5800000000000001, ""omega_scale"": 1.4}]"
atlas,132,FFwH?,7,8,5,4,4,1,DFG,5,4,4,4,2,2,1.0,False,1.0,0.009950493836022645,0.98,0.00995049383597113,0.98,1.000000000005177,"[{""gap_distortion"": 1.000000000005177, ""minimum_gap"": 0.00995049383597113, ""minimum_gap_s"": 0.98, ""omega_scale"": 1.0}, {""gap_distortion"": 1.397252104146625, ""minimum_gap"": 0.013903348449680664, ""minimum_gap_s"": 0.98, ""omega_scale"": 1.1832159566199232}, {""gap_distortion"": 1.9508172461903905, ""minimum_gap"": 0.019411594983424152, ""minimum_gap_s"": 0.98, ""omega_scale"": 1.4}]"
atlas,132,FFwH?,7,8,6,2,3,1,D]C,5,5,4,4,2,1,0.5,True,1.0,0.009950493836022645,0.98,0.5638397561332851,0.54,56.664499815283534,"[{""gap_distortion"": 56.664499815283534, ""minimum_gap"": 0.5638397561332851, ""minimum_gap_s"": 0.54, ""omega_scale"": 1.0}, {""gap_distortion"": 67.22471657913114, ""minimum_gap"": 0.6689191279490136, ""minimum_gap_s"": 0.54, ""omega_scale"": 1.1832159566199232}, {""gap_distortion"": 79.31795396723045, ""minimum_gap"": 0.7892528120368545, ""minimum_gap_s"": 0.56, ""omega_scale"": 1.4}]"
atlas,133,Fhoh?,7,8,3,2,4,2,Dx?,5,4,4,4,2,2,1.0,False,1.0,0.009950554578331605,0.98,0.00995055457828009,0.98,1.000000000005177,"[{""gap_distortion"": 1.000000000005177, ""minimum_gap"": 0.00995055457828009, ""minimum_gap_s"": 0.98, ""omega_scale"": 1.0}, {""gap_distortion"": 1.397260137251533, ""minimum_gap"": 0.013903513255848488, ""minimum_gap_s"": 0.98, ""omega_scale"": 1.1832159566199232}, {""gap_distortion"": 1.9508500777849138, ""minimum_gap"": 0.019412040173141243, ""minimum_gap_s"": 0.98, ""omega_scale"": 1.4}]"
atlas,133,Fhoh?,7,8,6,2,4,2,DeC,5,4,4,4,2,2,1.0,False,1.0,0.009950554578331605,0.98,0.009950554578281867,0.98,1.0000000000049984,"[{""gap_distortion"": 1.0000000000049984, ""minimum_gap"": 0.009950554578281867, ""minimum_gap_s"": 0.98, ""omega_scale"": 1.0}, {""gap_distortion"": 1.397260137251533, ""minimum_gap"": 0.013903513255848488, ""minimum_gap_s"": 0.98, ""omega_scale"": 1.1832159566199232}, {""gap_distortion"": 1.9508500777847353, ""minimum_gap"": 0.019412040173139467, ""minimum_gap_s"": 0.98, ""omega_scale"": 1.4}]"
atlas,134,Fmo`?,7,8,5,2,3,2,D}?,5,5,4,4,1,1,1.0,False,1.0,0.6372570565988749,0.56,0.6319949108691676,0.56,1.0083262469985248,"[{""gap_distortion"": 1.0083262469985248, ""minimum_gap"": 0.6319949108691676, ""minimum_gap_s"": 0.56, ""omega_scale"": 1.0}, {""gap_distortion"": 1.1742731382086657, ""minimum_gap"": 0.7483138436979782, ""minimum_gap_s"": 0.5800000000000001, ""omega_scale"": 1.1832159566199232}, {""gap_distortion"": 1.389464774102738, ""minimum_gap"": 0.8854462321925314, ""minimum_gap_s"": 0.5800000000000001, ""omega_scale"": 1.4}]"
atlas,134,Fmo`?,7,8,6,2,3,2,D}?,5,5,4,4,1,1,1.0,False,1.0,0.6372570565988749,0.56,0.6319949108691676,0.56,1.0083262469985248,"[{""gap_distortion"": 1.0083262469985248, ""minimum_gap"": 0.6319949108691676, ""minimum_gap_s"": 0.56, ""omega_scale"": 1.0}, {""gap_distortion"": 1.1742731382086657, ""minimum_gap"": 0.7483138436979782, ""minimum_gap_s"": 0.5800000000000001, ""omega_scale"": 1.1832159566199232}, {""gap_distortion"": 1.389464774102738, ""minimum_gap"": 0.8854462321925314, ""minimum_gap_s"": 0.5800000000000001, ""omega_scale"": 1.4}]"
atlas,135,Fh?JW,7,8,0,1,3,1,D`k,5,5,3,3,7,5,0.7142857142857143,True,1.0,0.009020782832784846,0.98,0.008920767321672685,0.98,1.011211536800111,"[{""gap_distortion"": 1.011211536800111, ""minimum_gap"": 0.008920767321672685, ""minimum_gap_s"": 0.98, ""omega_scale"": 1.0}, {""gap_distortion"": 1.381990579182867, ""minimum_gap"": 0.012466636891763194, ""minimum_gap_s"": 0.98, ""omega_scale"": 1.1832159566199232}, {""gap_distortion"": 1.929966030542055, ""minimum_gap"": 0.017409804436171683, ""minimum_gap_s"": 0.98, ""omega_scale"": 1.4}]"
atlas,135,Fh?JW,7,8,3,2,3,1,D`[,5,5,3,3,7,5,0.7142857142857143,True,1.0,0.009020782832784846,0.98,0.008920767321670908,0.98,1.0112115368003125,"[{""gap_distortion"": 1.0112115368003125, ""minimum_gap"": 0.008920767321670908, ""minimum_gap_s"": 0.98, ""omega_scale"": 1.0}, {""gap_distortion"": 1.3819905791829656, ""minimum_gap"": 0.012466636891764082, ""minimum_gap_s"": 0.98, ""omega_scale"": 1.1832159566199232}, {""gap_distortion"": 1.929966030541858, ""minimum_gap"": 0.017409804436169907, ""minimum_gap_s"": 0.98, ""omega_scale"": 1.4}]"
atlas,136,Fpa_g,7,8,1,0,4,2,DcS,5,4,4,4,2,2,1.0,False,1.0,4.938209957927597e-05,0.98,4.938209891847123e-05,0.98,1.0000000133814633,"[{""gap_distortion"": 1.0000000133814633, ""minimum_gap"": 4.938209891847123e-05, ""minimum_gap_s"": 0.98, ""omega_scale"": 1.0}, {""gap_distortion"": 1.9503451366536233, ""minimum_gap"": 9.631213775218583e-05, ""minimum_gap_s"": 0.98, ""omega_scale"": 1.1832159566199232}, {""gap_distortion"": 3.796468472190252, ""minimum_gap"": 0.00018747758414328075, ""minimum_gap_s"": 0.98, ""omega_scale"": 1.4}]"
atlas,136,Fpa_g,7,8,4,0,4,2,DIK,5,4,4,4,2,2,1.0,False,1.0,4.938209957927597e-05,0.98,4.9382098915806694e-05,0.98,1.0000000134354208,"[{""gap_distortion"": 1.0000000134354208, ""minimum_gap"": 4.9382098915806694e-05, ""minimum_gap_s"": 0.98, ""omega_scale"": 1.0}, {""gap_distortion"": 1.9503451366536233, ""minimum_gap"": 9.631213775218583e-05, ""minimum_gap_s"": 0.98, ""omega_scale"": 1.1832159566199232}, {""gap_distortion"": 3.796468472298167, ""minimum_gap"": 0.00018747758414860982, ""minimum_gap_s"": 0.98, ""omega_scale"": 1.4}]"
atlas,137,FFw`?,7,8,5,2,4,2,D]?,5,4,4,4,2,2,1.0,False,1.0,4.938210825322642e-05,0.98,4.938209891847123e-05,0.98,1.000000189031155,"[{""gap_distortion"": 1.000000189031155, ""minimum_gap"": 4.938209891847123e-05, ""minimum_gap_s"": 0.98, ""omega_scale"": 1.0}, {""gap_distortion"": 1.9503447940761662, ""minimum_gap"": 9.631213775218583e-05, ""minimum_gap_s"": 0.98, ""omega_scale"": 1.1832159566199232}, {""gap_distortion"": 3.7964678052699186, ""minimum_gap"": 0.00018747758413972804, ""minimum_gap_s"": 0.98, ""omega_scale"": 1.4}]"
atlas,137,FFw`?,7,8,6,2,4,2,D]?,5,4,4,4,2,2,1.0,False,1.0,4.938210825322642e-05,0.98,4.938209891847123e-05,0.98,1.000000189031155,"[{""gap_distortion"": 1.000000189031155, ""minimum_gap"": 4.938209891847123e-05, ""minimum_gap_s"": 0.98, ""omega_scale"": 1.0}, {""gap_distortion"": 1.9503447940761662, ""minimum_gap"": 9.631213775218583e-05, ""minimum_gap_s"": 0.98, ""omega_scale"": 1.1832159566199232}, {""gap_distortion"": 3.7964678052699186, ""minimum_gap"": 0.00018747758413972804, ""minimum_gap_s"": 0.98, ""omega_scale"": 1.4}]"
atlas,138,FjCHO,7,8,0,1,3,1,Dhg,5,5,4,4,1,1,1.0,False,1.0,0.5819604870783142,0.56,0.5638397561332846,0.54,1.0321380866601149,"[{""gap_distortion"": 1.0321380866601149, ""minimum_gap"": 0.5638397561332846, ""minimum_gap_s"": 0.54, ""omega_scale"": 1.0}, {""gap_distortion"": 1.149423616897546, ""minimum_gap"": 0.6689191279490134, ""minimum_gap_s"": 0.54, ""omega_scale"": 1.1832159566199232}, {""gap_distortion"": 1.3561965624148038, ""minimum_gap"": 0.7892528120368545, ""minimum_gap_s"": 0.56, ""omega_scale"": 1.4}]"
atlas,138,FjCHO,7,8,5,4,3,1,DjG,5,5,4,4,1,1,1.0,False,1.0,0.5819604870783142,0.56,0.7031841094451783,0.56,1.2083021529098266,"[{""gap_distortion"": 1.2083021529098266, ""minimum_gap"": 0.7031841094451783, ""minimum_gap_s"": 0.56, ""omega_scale"": 1.0}, {""gap_distortion"": 1.427455511863708, ""minimum_gap"": 0.8307227049668278, ""minimum_gap_s"": 0.56, ""omega_scale"": 1.1832159566199232}, {""gap_distortion"": 1.6899145594998304, ""minimum_gap"": 0.983463500167256, ""minimum_gap_s"": 0.5800000000000001, ""omega_scale"": 1.4}]"
atlas,139,F`DbG,7,8,0,1,3,1,Dkc,5,5,3,3,6,5,0.8333333333333334,True,1.0,0.007766725384884765,0.98,0.008920767321667356,0.98,1.148587967205398,"[{""gap_distortion"": 1.148587967205398, ""minimum_gap"": 0.008920767321667356, ""minimum_gap_s"": 0.98, ""omega_scale"": 1.0}, {""gap_distortion"": 1.6051342456407485, ""minimum_gap"": 0.012466636891765859, ""minimum_gap_s"": 0.98, ""omega_scale"": 1.1832159566199232}, {""gap_distortion"": 2.2415887743438385, ""minimum_gap"": 0.01740980443616902, ""minimum_gap_s"": 0.98, ""omega_scale"": 1.4}]"
atlas,139,F`DbG,7,8,4,3,2,1,Db[,5,6,3,3,6,4,0.6666666666666666,True,1.0,0.007766725384884765,0.98,0.009236515021293634,0.98,1.1892418701025924,"[{""gap_distortion"": 1.1892418701025924, ""minimum_gap"": 0.009236515021293634, ""minimum_gap_s"": 0.98, ""omega_scale"": 1.0}, {""gap_distortion"": 1.6608278544494397, ""minimum_gap"": 0.012899193857076163, ""minimum_gap_s"": 0.98, ""omega_scale"": 1.1832159566199232}, {""gap_distortion"": 2.317228627841315, ""minimum_gap"": 0.017997278406436834, ""minimum_gap_s"": 0.98, ""omega_scale"": 1.4}]"
atlas,140,FhogG,7,8,3,2,3,1,DxC,5,5,3,3,7,5,0.7142857142857143,True,1.0,0.007594990957155545,0.98,0.008920767321674461,0.98,1.17455930783826,"[{""gap_distortion"": 1.17455930783826, ""minimum_gap"": 0.008920767321674461, ""minimum_gap_s"": 0.98, ""omega_scale"": 1.0}, {""gap_distortion"": 1.6414287998614387, ""minimum_gap"": 0.012466636891762306, ""minimum_gap_s"": 0.98, ""omega_scale"": 1.1832159566199232}, {""gap_distortion"": 2.292274544417534, ""minimum_gap"": 0.01740980443616902, ""minimum_gap_s"": 0.98, ""omega_scale"": 1.4}]"
atlas,140,FhogG,7,8,6,5,3,1,Dho,5,5,3,3,7,5,0.7142857142857143,True,1.0,0.007594990957155545,0.98,0.008920767321670908,0.98,1.1745593078377923,"[{""gap_distortion"": 1.1745593078377923, ""minimum_gap"": 0.008920767321670908, ""minimum_gap_s"": 0.98, ""omega_scale"": 1.0}, {""gap_distortion"": 1.6414287998617896, ""minimum_gap"": 0.01246663689176497, ""minimum_gap_s"": 0.98, ""omega_scale"": 1.1832159566199232}, {""gap_distortion"": 2.292274544417768, ""minimum_gap"": 0.017409804436170795, ""minimum_gap_s"": 0.98, ""omega_scale"": 1.4}]"
atlas,141,FMs`?,7,8,5,2,3,2,D^?,5,5,4,4,1,1,1.0,False,1.0,0.6164253488529594,0.56,0.6319949108691676,0.56,1.025257822451948,"[{""gap_distortion"": 1.025257822451948, ""minimum_gap"": 0.6319949108691676, ""minimum_gap_s"": 0.56, ""omega_scale"": 1.0}, {""gap_distortion"": 1.2139569618453165, ""minimum_gap"": 0.7483138436979779, ""minimum_gap_s"": 0.5800000000000001, ""omega_scale"": 1.1832159566199232}, {""gap_distortion"": 1.4364208640026963, ""minimum_gap"": 0.8854462321925314, ""minimum_gap_s"": 0.5800000000000001, ""omega_scale"": 1.4}]"
atlas,141,FMs`?,7,8,6,2,3,2,D^?,5,5,4,4,1,1,1.0,False,1.0,0.6164253488529594,0.56,0.6319949108691676,0.56,1.025257822451948,"[{""gap_distortion"": 1.025257822451948, ""minimum_gap"": 0.6319949108691676, ""minimum_gap_s"": 0.56, ""omega_scale"": 1.0}, {""gap_distortion"": 1.2139569618453165, ""minimum_gap"": 0.7483138436979779, ""minimum_gap_s"": 0.5800000000000001, ""omega_scale"": 1.1832159566199232}, {""gap_distortion"": 1.4364208640026963, ""minimum_gap"": 0.8854462321925314, ""minimum_gap_s"": 0.5800000000000001, ""omega_scale"": 1.4}]"
atlas,142,FFwc?,7,8,5,2,3,1,D]_,5,5,4,4,1,1,1.0,False,1.0,0.4210694319848587,0.56,0.5638397561332846,0.54,1.339065990792606,"[{""gap_distortion"": 1.339065990792606, ""minimum_gap"": 0.5638397561332846, ""minimum_gap_s"": 0.54, ""omega_scale"": 1.0}, {""gap_distortion"": 1.5886195414277122, ""minimum_gap"": 0.6689191279490134, ""minimum_gap_s"": 0.54, ""omega_scale"": 1.1832159566199232}, {""gap_distortion"": 1.8744006381950693, ""minimum_gap"": 0.7892528120368545, ""minimum_gap_s"": 0.56, ""omega_scale"": 1.4}]"
atlas,142,FFwc?,7,8,6,0,3,1,D]O,5,5,4,4,1,1,1.0,False,1.0,0.4210694319848587,0.56,0.5638397561332846,0.54,1.339065990792606,"[{""gap_distortion"": 1.339065990792606, ""minimum_gap"": 0.5638397561332846, ""minimum_gap_s"": 0.54, ""omega_scale"": 1.0}, {""gap_distortion"": 1.5886195414277122, ""minimum_gap"": 0.6689191279490134, ""minimum_gap_s"": 0.54, ""omega_scale"": 1.1832159566199232}, {""gap_distortion"": 1.8744006381950693, ""minimum_gap"": 0.7892528120368545, ""minimum_gap_s"": 0.56, ""omega_scale"": 1.4}]"
atlas,143,FLg`G,7,8,1,2,5,1,DoC,5,3,4,4,2,2,1.0,False,1.0,0.00995049383633706,0.98,0.00995049383620561,0.98,1.0000000000132105,"[{""gap_distortion"": 1.0000000000132105, ""minimum_gap"": 0.00995049383620561, ""minimum_gap_s"": 0.98, ""omega_scale"": 1.0}, {""gap_distortion"": 1.3972521042277062, ""minimum_gap"": 0.013903348450926778, ""minimum_gap_s"": 0.98, ""omega_scale"": 1.1832159566199232}, {""gap_distortion"": 1.95081724678695, ""minimum_gap"": 0.01941159498997358, ""minimum_gap_s"": 0.98, ""omega_scale"": 1.4}]"
atlas,144,FwaK_,7,8,3,6,2,1,D{c,5,6,3,3,8,4,0.5,True,1.0,0.00995049383728741,0.98,0.0099506141282113,0.98,1.0000120889400923,"[{""gap_distortion"": 1.0000120889400923, ""minimum_gap"": 0.0099506141282113, ""minimum_gap_s"": 0.98, ""omega_scale"": 1.0}, {""gap_distortion"": 1.3972847773549193, ""minimum_gap"": 0.013903673566005637, ""minimum_gap_s"": 0.98, ""omega_scale"": 1.1832159566199232}, {""gap_distortion"": 1.9509050354498225, ""minimum_gap"": 0.019412468532376437, ""minimum_gap_s"": 0.98, ""omega_scale"": 1.4}]"
atlas,145,FxOY?,7,8,6,1,4,1,DgK,5,4,4,4,1,1,1.0,False,1.0,0.5506902711893593,0.56,0.5602245440237703,0.56,1.0173133126427296,"[{""gap_distortion"": 1.0173133126427296, ""minimum_gap"": 0.5602245440237703, ""minimum_gap_s"": 0.56, ""omega_scale"": 1.0}, {""gap_distortion"": 1.205448044079523, ""minimum_gap"": 0.6638285102988353, ""minimum_gap_s"": 0.56, ""omega_scale"": 1.1832159566199232}, {""gap_distortion"": 1.4237997674219358, ""minimum_gap"": 0.7840726800409326, ""minimum_gap_s"": 0.5800000000000001, ""omega_scale"": 1.4}]"
atlas,146,FxSAG,7,8,5,6,2,1,DxS,5,6,3,3,7,4,0.5714285714285714,True,1.0,0.006098074992832103,0.98,0.00501625714220566,0.98,1.2156623593962659,"[{""gap_distortion"": 1.2156623593962659, ""minimum_gap"": 0.00501625714220566, ""minimum_gap_s"": 0.98, ""omega_scale"": 1.0}, {""gap_distortion"": 1.1530642487374914, ""minimum_gap"": 0.007031472260354832, ""minimum_gap_s"": 0.98, ""omega_scale"": 1.1832159566199232}, {""gap_distortion"": 1.6170070391188702, ""minimum_gap"": 0.009860630188484265, ""minimum_gap_s"": 0.98, ""omega_scale"": 1.4}]"
atlas,147,FhFE?,7,8,4,3,2,1,Dmo,5,6,4,4,1,1,1.0,False,1.0,0.6680265816912274,0.54,0.6999671351879921,0.54,1.0478132972132659,"[{""gap_distortion"": 1.0478132972132659, ""minimum_gap"": 0.6999671351879921, ""minimum_gap_s"": 0.54, ""omega_scale"": 1.0}, {""gap_distortion"": 1.2403403683115612, ""minimum_gap"": 0.8285803363768103, ""minimum_gap_s"": 0.54, ""omega_scale"": 1.1832159566199232}, {""gap_distortion"": 1.467734042091135, ""minimum_gap"": 0.980485354969989, ""minimum_gap_s"": 0.56, ""omega_scale"": 1.4}]"
atlas,148,FK{@G,7,8,5,6,2,1,DK{,5,6,3,3,6,4,0.6666666666666666,True,1.0,0.0070484390192131485,0.98,0.0099506141282113,0.98,1.4117472111324494,"[{""gap_distortion"": 1.4117472111324494, ""minimum_gap"": 0.0099506141282113, ""minimum_gap_s"": 0.98, ""omega_scale"": 1.0}, {""gap_distortion"": 1.9725890410780145, ""minimum_gap"": 0.013903673566006525, ""minimum_gap_s"": 0.98, ""omega_scale"": 1.1832159566199232}, {""gap_distortion"": 2.7541514482085505, ""minimum_gap"": 0.01941246853237555, ""minimum_gap_s"": 0.98, ""omega_scale"": 1.4}]"
atlas,149,FsNA?,7,8,6,1,3,1,Dr_,5,5,4,4,1,1,1.0,False,1.0,0.5728457304503445,0.54,0.5638397561332842,0.54,1.0159725777033208,"[{""gap_distortion"": 1.0159725777033208, ""minimum_gap"": 0.5638397561332842, ""minimum_gap_s"": 0.54, ""omega_scale"": 1.0}, {""gap_distortion"": 1.1677125138440685, ""minimum_gap"": 0.6689191279490134, ""minimum_gap_s"": 0.54, ""omega_scale"": 1.1832159566199232}, {""gap_distortion"": 1.3777754988526858, ""minimum_gap"": 0.7892528120368545, ""minimum_gap_s"": 0.56, ""omega_scale"": 1.4}]"
atlas,150,F_{p?,7,8,6,2,3,1,DfG,5,5,3,3,7,5,0.7142857142857143,True,1.0,0.0056701482295293815,0.98,0.008920767321670908,0.98,1.5732864398875381,"[{""gap_distortion"": 1.5732864398875381, ""minimum_gap"": 0.008920767321670908, ""minimum_gap_s"": 0.98, ""omega_scale"": 1.0}, {""gap_distortion"": 2.1986439131941204, ""minimum_gap"": 0.012466636891763194, ""minimum_gap_s"": 0.98, ""omega_scale"": 1.1832159566199232}, {""gap_distortion"": 3.0704319766282406, ""minimum_gap"": 0.01740980443616902, ""minimum_gap_s"": 0.98, ""omega_scale"": 1.4}]"
atlas,151,FhT@G,7,8,0,1,4,1,Dgc,5,4,4,4,1,1,1.0,False,1.0,0.4721726172770242,0.56,0.5602245440237708,0.56,1.1864824928953608,"[{""gap_distortion"": 1.1864824928953608, ""minimum_gap"": 0.5602245440237708, ""minimum_gap_s"": 0.56, ""omega_scale"": 1.0}, {""gap_distortion"": 1.4059021764690045, ""minimum_gap"": 0.6638285102988346, ""minimum_gap_s"": 0.56, ""omega_scale"": 1.1832159566199232}, {""gap_distortion"": 1.660563639972615, ""minimum_gap"": 0.7840726800409317, ""minimum_gap_s"": 0.5800000000000001, ""omega_scale"": 1.4}]"
atlas,152,FhDIO,7,8,0,1,4,1,DhG,5,4,4,4,2,2,1.0,False,1.0,0.009950493836019092,0.98,0.009950493835972907,0.98,1.0000000000046414,"[{""gap_distortion"": 1.0000000000046414, ""minimum_gap"": 0.009950493835972907, ""minimum_gap_s"": 0.98, ""omega_scale"": 1.0}, {""gap_distortion"": 1.3972521041473918, ""minimum_gap"": 0.013903348449683328, ""minimum_gap_s"": 0.98, ""omega_scale"": 1.1832159566199232}, {""gap_distortion"": 1.9508172461909086, ""minimum_gap"": 0.019411594983422376, ""minimum_gap_s"": 0.98, ""omega_scale"": 1.4}]"
atlas,153,F_{Og,7,8,2,4,4,1,D`K,5,4,3,3,6,6,1.0,False,1.0,0.00995053435559079,0.98,0.009950493836207386,0.98,1.0000040720977341,"[{""gap_distortion"": 1.0000040720977341, ""minimum_gap"": 0.009950493836207386, ""minimum_gap_s"": 0.98, ""omega_scale"": 1.0}, {""gap_distortion"": 1.3972464145219565, ""minimum_gap"": 0.013903348450926778, ""minimum_gap_s"": 0.98, ""omega_scale"": 1.1832159566199232}, {""gap_distortion"": 1.9508093029262308, ""minimum_gap"": 0.01941159498997358, ""minimum_gap_s"": 0.98, ""omega_scale"": 1.4}]"
atlas,154,FSYK_,7,8,1,4,3,1,Dsg,5,5,4,4,2,2,1.0,False,1.0,0.009950493911695446,0.98,0.009950493911697222,0.98,1.0000000000001785,"[{""gap_distortion"": 1.0000000000001785, ""minimum_gap"": 0.009950493911697222, ""minimum_gap_s"": 0.98, ""omega_scale"": 1.0}, {""gap_distortion"": 1.3972521223951633, ""minimum_gap"": 0.013903348736996612, ""minimum_gap_s"": 0.98, ""omega_scale"": 1.1832159566199232}, {""gap_distortion"": 1.9508173403843445, ""minimum_gap"": 0.01941159606832432, ""minimum_gap_s"": 0.98, ""omega_scale"": 1.4}]"
atlas,155,FFwGG,7,8,6,5,2,1,DFw,5,6,4,4,2,1,0.5,True,1.0,0.009950493836257124,0.98,0.5957518879526613,0.52,59.87159006941843,"[{""gap_distortion"": 59.87159006941843, ""minimum_gap"": 0.5957518879526613, ""minimum_gap_s"": 0.52, ""omega_scale"": 1.0}, {""gap_distortion"": 70.80628936047789, ""minimum_gap"": 0.7045575458496736, ""minimum_gap_s"": 0.52, ""omega_scale"": 1.1832159566199232}, {""gap_distortion"": 83.80079515895655, ""minimum_gap"": 0.8338592957026429, ""minimum_gap_s"": 0.52, ""omega_scale"": 1.4}]"
atlas,156,Fgogg,7,8,3,6,2,1,DmK,5,6,3,3,6,4,0.6666666666666666,True,1.0,0.005237282559983569,0.98,0.005016257142209213,0.98,1.0440618197010958,"[{""gap_distortion"": 1.0440618197010958, ""minimum_gap"": 0.005016257142209213, ""minimum_gap_s"": 0.98, ""omega_scale"": 1.0}, {""gap_distortion"": 1.3425802751371894, ""minimum_gap"": 0.007031472260353944, ""minimum_gap_s"": 0.98, ""omega_scale"": 1.1832159566199232}, {""gap_distortion"": 1.8827760533343123, ""minimum_gap"": 0.009860630188482489, ""minimum_gap_s"": 0.98, ""omega_scale"": 1.4}]"
atlas,157,FxOWO,7,8,6,4,3,1,DxC,5,5,3,3,6,5,0.8333333333333334,True,1.0,0.007251565477625732,0.98,0.008920767321674461,0.98,1.2301850337280895,"[{""gap_distortion"": 1.2301850337280895, ""minimum_gap"": 0.008920767321674461, ""minimum_gap_s"": 0.98, ""omega_scale"": 1.0}, {""gap_distortion"": 1.7191649072503534, ""minimum_gap"": 0.012466636891762306, ""minimum_gap_s"": 0.98, ""omega_scale"": 1.1832159566199232}, {""gap_distortion"": 2.4008339288786567, ""minimum_gap"": 0.01740980443616902, ""minimum_gap_s"": 0.98, ""omega_scale"": 1.4}]"
atlas,158,FHt@G,7,8,0,4,3,1,DkS,5,5,4,4,1,1,1.0,False,1.0,0.46490852013782735,0.54,0.5638397561332846,0.54,1.212797210010537,"[{""gap_distortion"": 1.212797210010537, ""minimum_gap"": 0.5638397561332846, ""minimum_gap_s"": 0.54, ""omega_scale"": 1.0}, {""gap_distortion"": 1.4388188191317828, ""minimum_gap"": 0.6689191279490134, ""minimum_gap_s"": 0.54, ""omega_scale"": 1.1832159566199232}, {""gap_distortion"": 1.6976518559024723, ""minimum_gap"": 0.7892528120368545, ""minimum_gap_s"": 0.56, ""omega_scale"": 1.4}]"
atlas,159,FHFEG,7,8,4,3,2,1,DMs,5,6,3,3,5,4,0.8,True,1.0,0.00603497969515665,0.98,0.009236515021292746,0.98,1.5304964536509502,"[{""gap_distortion"": 1.5304964536509502, ""minimum_gap"": 0.009236515021292746, ""minimum_gap_s"": 0.98, ""omega_scale"": 1.0}, {""gap_distortion"": 2.1374046821444295, ""minimum_gap"": 0.012899193857074387, ""minimum_gap_s"": 0.98, ""omega_scale"": 1.1832159566199232}, {""gap_distortion"": 2.9821605565431653, ""minimum_gap"": 0.017997278406435058, ""minimum_gap_s"": 0.98, ""omega_scale"": 1.4}]"
atlas,160,F_sPg,7,8,2,6,3,1,DfG,5,5,3,3,5,5,1.0,False,1.0,0.008920803253722909,0.98,0.008920767321670908,0.98,1.0000040279104594,"[{""gap_distortion"": 1.0000040279104594, ""minimum_gap"": 0.008920767321670908, ""minimum_gap_s"": 0.98, ""omega_scale"": 1.0}, {""gap_distortion"": 1.3974791884980209, ""minimum_gap"": 0.012466636891763194, ""minimum_gap_s"": 0.98, ""omega_scale"": 1.1832159566199232}, {""gap_distortion"": 1.9515960548623696, ""minimum_gap"": 0.01740980443616902, ""minimum_gap_s"": 0.98, ""omega_scale"": 1.4}]"
atlas,161,FhFK?,7,8,6,0,3,1,Dhc,5,5,3,3,6,5,0.8333333333333334,True,1.0,0.005584239950499281,0.98,0.006919808453941911,0.98,1.2391674633041545,"[{""gap_distortion"": 1.2391674633041545, ""minimum_gap"": 0.006919808453941911, ""minimum_gap_s"": 0.98, ""omega_scale"": 1.0}, {""gap_distortion"": 1.7357404438087545, ""minimum_gap"": 0.0096927911300142, ""minimum_gap_s"": 0.98, ""omega_scale"": 1.1832159566199232}, {""gap_distortion"": 2.4316911366525376, ""minimum_gap"": 0.013579146792570107, ""minimum_gap_s"": 0.98, ""omega_scale"": 1.4}]"
atlas,162,FhMK?,7,8,6,0,3,1,DjC,5,5,4,4,1,1,1.0,False,1.0,0.6631397385723277,0.54,0.7031841094451778,0.56,1.060386022045763,"[{""gap_distortion"": 1.060386022045763, ""minimum_gap"": 0.7031841094451778, ""minimum_gap_s"": 0.56, ""omega_scale"": 1.0}, {""gap_distortion"": 1.2527113919538122, ""minimum_gap"": 0.8307227049668278, ""minimum_gap_s"": 0.56, ""omega_scale"": 1.1832159566199232}, {""gap_distortion"": 1.483041119334142, ""minimum_gap"": 0.9834635001672551, ""minimum_gap_s"": 0.5800000000000001, ""omega_scale"": 1.4}]"
atlas,163,FxU?G,7,8,6,5,2,1,DxS,5,6,3,3,6,4,0.6666666666666666,True,1.0,0.0028091484277172896,0.98,0.00501625714220566,0.98,1.785686043753076,"[{""gap_distortion"": 1.785686043753076, ""minimum_gap"": 0.00501625714220566, ""minimum_gap_s"": 0.98, ""omega_scale"": 1.0}, {""gap_distortion"": 2.503061849981561, ""minimum_gap"": 0.007031472260354832, ""minimum_gap_s"": 0.98, ""omega_scale"": 1.1832159566199232}, {""gap_distortion"": 3.510184827256351, ""minimum_gap"": 0.009860630188484265, ""minimum_gap_s"": 0.98, ""omega_scale"": 1.4}]"
atlas,164,FHhGg,7,8,0,4,3,1,DkK,5,5,3,3,7,5,0.7142857142857143,True,1.0,0.00551523314673652,0.98,0.006919808453943688,0.98,1.2546719730313276,"[{""gap_distortion"": 1.2546719730313276, ""minimum_gap"": 0.006919808453943688, ""minimum_gap_s"": 0.98, ""omega_scale"": 1.0}, {""gap_distortion"": 1.7574580932716966, ""minimum_gap"": 0.009692791130012424, ""minimum_gap_s"": 0.98, ""omega_scale"": 1.1832159566199232}, {""gap_distortion"": 2.4621165472582986, ""minimum_gap"": 0.013579146792567443, ""minimum_gap_s"": 0.98, ""omega_scale"": 1.4}]"
atlas,165,FLJK?,7,8,6,0,3,1,Dic,5,5,4,4,1,1,1.0,False,1.0,0.5814095930277674,0.54,0.5638397561332846,0.54,1.0311610465621894,"[{""gap_distortion"": 1.0311610465621894, ""minimum_gap"": 0.5638397561332846, ""minimum_gap_s"": 0.54, ""omega_scale"": 1.0}, {""gap_distortion"": 1.1505127125019203, ""minimum_gap"": 0.6689191279490143, ""minimum_gap_s"": 0.54, ""omega_scale"": 1.1832159566199232}, {""gap_distortion"": 1.3574815783941852, ""minimum_gap"": 0.7892528120368545, ""minimum_gap_s"": 0.56, ""omega_scale"": 1.4}]"
atlas,166,FFw_G,7,8,6,5,2,1,DFw,5,6,4,4,1,1,1.0,False,1.0,0.4816479159489804,0.54,0.5957518879526613,0.52,1.2369032818897687,"[{""gap_distortion"": 1.2369032818897687, ""minimum_gap"": 0.5957518879526613, ""minimum_gap_s"": 0.52, ""omega_scale"": 1.0}, {""gap_distortion"": 1.4628061754642896, ""minimum_gap"": 0.7045575458496736, ""minimum_gap_s"": 0.52, ""omega_scale"": 1.1832159566199232}, {""gap_distortion"": 1.7312631656667883, ""minimum_gap"": 0.8338592957026429, ""minimum_gap_s"": 0.52, ""omega_scale"": 1.4}]"
atlas,167,F~aC?,7,9,4,0,6,3,Dw?,5,3,4,4,3,3,1.0,False,1.0,0.014889156509408252,0.98,0.014889156509220847,0.98,1.0000000000125868,"[{""gap_distortion"": 1.0000000000125868, ""minimum_gap"": 0.014889156509220847, ""minimum_gap_s"": 0.98, ""omega_scale"": 1.0}, {""gap_distortion"": 1.395916041372149, ""minimum_gap"": 0.020784012413983532, ""minimum_gap_s"": 0.98, ""omega_scale"": 1.1832159566199232}, {""gap_distortion"": 1.9463881338213165, ""minimum_gap"": 0.028980077552520633, ""minimum_gap_s"": 0.98, ""omega_scale"": 1.4}]"
atlas,167,F~aC?,7,9,5,0,6,3,Dw?,5,3,4,4,3,3,1.0,False,1.0,0.014889156509408252,0.98,0.014889156509220847,0.98,1.0000000000125868,"[{""gap_distortion"": 1.0000000000125868, ""minimum_gap"": 0.014889156509220847, ""minimum_gap_s"": 0.98, ""omega_scale"": 1.0}, {""gap_distortion"": 1.395916041372149, ""minimum_gap"": 0.020784012413983532, ""minimum_gap_s"": 0.98, ""omega_scale"": 1.1832159566199232}, {""gap_distortion"": 1.9463881338213165, ""minimum_gap"": 0.028980077552520633, ""minimum_gap_s"": 0.98, ""omega_scale"": 1.4}]"
atlas,167,F~aC?,7,9,6,0,6,3,Dw?,5,3,4,4,3,3,1.0,False,1.0,0.014889156509408252,0.98,0.014889156509220847,0.98,1.0000000000125868,"[{""gap_distortion"": 1.0000000000125868, ""minimum_gap"": 0.014889156509220847, ""minimum_gap_s"": 0.98, ""omega_scale"": 1.0}, {""gap_distortion"": 1.395916041372149, ""minimum_gap"": 0.020784012413983532, ""minimum_gap_s"": 0.98, ""omega_scale"": 1.1832159566199232}, {""gap_distortion"": 1.9463881338213165, ""minimum_gap"": 0.028980077552520633, ""minimum_gap_s"": 0.98, ""omega_scale"": 1.4}]"
atlas,168,F~a@?,7,9,4,0,5,2,DwO,5,4,4,4,2,2,1.0,False,1.0,0.009950554653766375,0.98,0.009950554578281867,0.98,1.0000000075859599,"[{""gap_distortion"": 1.0000000075859599, ""minimum_gap"": 0.009950554578281867, ""minimum_gap_s"": 0.98, ""omega_scale"": 1.0}, {""gap_distortion"": 1.397260126659315, ""minimum_gap"": 0.01390351325585204, ""minimum_gap_s"": 0.98, ""omega_scale"": 1.1832159566199232}, {""gap_distortion"": 1.9508500629952379, ""minimum_gap"": 0.01941204017313769, ""minimum_gap_s"": 0.98, ""omega_scale"": 1.4}]"
atlas,168,F~a@?,7,9,5,0,5,2,DwO,5,4,4,4,2,2,1.0,False,1.0,0.009950554653766375,0.98,0.009950554578281867,0.98,1.0000000075859599,"[{""gap_distortion"": 1.0000000075859599, ""minimum_gap"": 0.009950554578281867, ""minimum_gap_s"": 0.98, ""omega_scale"": 1.0}, {""gap_distortion"": 1.397260126659315, ""minimum_gap"": 0.01390351325585204, ""minimum_gap_s"": 0.98, ""omega_scale"": 1.1832159566199232}, {""gap_distortion"": 1.9508500629952379, ""minimum_gap"": 0.01941204017313769, ""minimum_gap_s"": 0.98, ""omega_scale"": 1.4}]"
atlas,168,F~a@?,7,9,6,2,4,1,D{_,5,5,4,4,2,2,1.0,False,1.0,0.009950554653766375,0.98,0.009950493911698999,0.98,1.0000061044273696,"[{""gap_distortion"": 1.0000061044273696, ""minimum_gap"": 0.009950493911698999, ""minimum_gap_s"": 0.98, ""omega_scale"": 1.0}, {""gap_distortion"": 1.3972435930223654, ""minimum_gap"": 0.013903348736993948, ""minimum_gap_s"": 0.98, ""omega_scale"": 1.1832159566199232}, {""gap_distortion"": 1.9508054318333985, ""minimum_gap"": 0.019411596068322545, ""minimum_gap_s"": 0.98, ""omega_scale"": 1.4}]"
atlas,169,F~_Q?,7,9,4,0,4,1,Dx_,5,5,4,4,1,1,1.0,False,1.0,0.6973299022563699,0.56,0.7031841094451778,0.56,1.0083951758986174,"[{""gap_distortion"": 1.0083951758986174, ""minimum_gap"": 0.7031841094451778, ""minimum_gap_s"": 0.56, ""omega_scale"": 1.0}, {""gap_distortion"": 1.1912908112484994, ""minimum_gap"": 0.8307227049668278, ""minimum_gap_s"": 0.56, ""omega_scale"": 1.1832159566199232}, {""gap_distortion"": 1.4103274461413968, ""minimum_gap"": 0.983463500167256, ""minimum_gap_s"": 0.5800000000000001, ""omega_scale"": 1.4}]"
atlas,169,F~_Q?,7,9,5,3,4,1,D{O,5,5,4,4,1,1,1.0,False,1.0,0.6973299022563699,0.56,0.7031841094451778,0.56,1.0083951758986174,"[{""gap_distortion"": 1.0083951758986174, ""minimum_gap"": 0.7031841094451778, ""minimum_gap_s"": 0.56, ""omega_scale"": 1.0}, {""gap_distortion"": 1.1912908112484994, ""minimum_gap"": 0.8307227049668278, ""minimum_gap_s"": 0.56, ""omega_scale"": 1.1832159566199232}, {""gap_distortion"": 1.4103274461413955, ""minimum_gap"": 0.9834635001672551, ""minimum_gap_s"": 0.5800000000000001, ""omega_scale"": 1.4}]"
atlas,169,F~_Q?,7,9,6,1,4,1,D{G,5,5,4,4,1,1,1.0,False,1.0,0.6973299022563699,0.56,0.7031841094451778,0.56,1.0083951758986174,"[{""gap_distortion"": 1.0083951758986174, ""minimum_gap"": 0.7031841094451778, ""minimum_gap_s"": 0.56, ""omega_scale"": 1.0}, {""gap_distortion"": 1.1912908112485001, ""minimum_gap"": 0.8307227049668282, ""minimum_gap_s"": 0.56, ""omega_scale"": 1.1832159566199232}, {""gap_distortion"": 1.4103274461413955, ""minimum_gap"": 0.9834635001672551, ""minimum_gap_s"": 0.5800000000000001, ""omega_scale"": 1.4}]"
atlas,170,FzW`?,7,9,5,2,6,2,Di?,5,3,5,5,1,1,1.0,False,1.0,0.8506595649788604,0.48000000000000004,0.8638475452747834,0.48000000000000004,1.0155032410600717,"[{""gap_distortion"": 1.0155032410600717, ""minimum_gap"": 0.8638475452747834, ""minimum_gap_s"": 0.48000000000000004, ""omega_scale"": 1.0}, {""gap_distortion"": 1.200610883995765, ""minimum_gap"": 1.0213111322887225, ""minimum_gap_s"": 0.48000000000000004, ""omega_scale"": 1.1832159566199232}, {""gap_distortion"": 1.4201124022609823, ""minimum_gap"": 1.2080321983284117, ""minimum_gap_s"": 0.48000000000000004, ""omega_scale"": 1.4}]"
atlas,170,FzW`?,7,9,6,2,6,2,Di?,5,3,5,5,1,1,1.0,False,1.0,0.8506595649788604,0.48000000000000004,0.8638475452747834,0.48000000000000004,1.0155032410600717,"[{""gap_distortion"": 1.0155032410600717, ""minimum_gap"": 0.8638475452747834, ""minimum_gap_s"": 0.48000000000000004, ""omega_scale"": 1.0}, {""gap_distortion"": 1.200610883995765, ""minimum_gap"": 1.0213111322887225, ""minimum_gap_s"": 0.48000000000000004, ""omega_scale"": 1.1832159566199232}, {""gap_distortion"": 1.4201124022609823, ""minimum_gap"": 1.2080321983284117, ""minimum_gap_s"": 0.48000000000000004, ""omega_scale"": 1.4}]"
atlas,171,FzWa?,7,9,5,2,5,1,DiO,5,4,5,5,1,1,1.0,False,1.0,0.8894493069569678,0.48000000000000004,0.9347560842189924,0.48000000000000004,1.0509380095162821,"[{""gap_distortion"": 1.0509380095162821, ""minimum_gap"": 0.9347560842189924, ""minimum_gap_s"": 0.48000000000000004, ""omega_scale"": 1.0}, {""gap_distortion"": 1.244238693110005, ""minimum_gap"": 1.106687243275737, ""minimum_gap_s"": 0.48000000000000004, ""omega_scale"": 1.1832159566199232}, {""gap_distortion"": 1.4711953203377448, ""minimum_gap"": 1.3085536580727413, ""minimum_gap_s"": 0.46, ""omega_scale"": 1.4}]"
atlas,171,FzWa?,7,9,6,1,5,1,DiO,5,4,5,5,1,1,1.0,False,1.0,0.8894493069569678,0.48000000000000004,0.9347560842189924,0.48000000000000004,1.0509380095162821,"[{""gap_distortion"": 1.0509380095162821, ""minimum_gap"": 0.9347560842189924, ""minimum_gap_s"": 0.48000000000000004, ""omega_scale"": 1.0}, {""gap_distortion"": 1.244238693110005, ""minimum_gap"": 1.106687243275737, ""minimum_gap_s"": 0.48000000000000004, ""omega_scale"": 1.1832159566199232}, {""gap_distortion"": 1.4711953203377448, ""minimum_gap"": 1.3085536580727413, ""minimum_gap_s"": 0.46, ""omega_scale"": 1.4}]"
atlas,172,FjtA?,7,9,5,1,6,2,DL?,5,3,4,4,3,3,1.0,False,1.0,0.007048396190530326,0.98,0.007048396190350914,0.98,1.0000000000254543,"[{""gap_distortion"": 1.0000000000254543, ""minimum_gap"": 0.007048396190350914, ""minimum_gap_s"": 0.98, ""omega_scale"": 1.0}, {""gap_distortion"": 1.39821877356162, ""minimum_gap"": 0.009855199877099707, ""minimum_gap_s"": 0.98, ""omega_scale"": 1.1832159566199232}, {""gap_distortion"": 1.9540413259115266, ""minimum_gap"": 0.01377285743769363, ""minimum_gap_s"": 0.98, ""omega_scale"": 1.4}]"
atlas,172,FjtA?,7,9,6,1,6,2,DL?,5,3,4,4,3,3,1.0,False,1.0,0.007048396190530326,0.98,0.007048396190350914,0.98,1.0000000000254543,"[{""gap_distortion"": 1.0000000000254543, ""minimum_gap"": 0.007048396190350914, ""minimum_gap_s"": 0.98, ""omega_scale"": 1.0}, {""gap_distortion"": 1.39821877356162, ""minimum_gap"": 0.009855199877099707, ""minimum_gap_s"": 0.98, ""omega_scale"": 1.1832159566199232}, {""gap_distortion"": 1.9540413259115266, ""minimum_gap"": 0.01377285743769363, ""minimum_gap_s"": 0.98, ""omega_scale"": 1.4}]"
atlas,173,Fjt?O,7,9,5,1,5,1,DLC,5,4,4,4,2,2,1.0,False,1.0,0.009950493911457414,0.98,0.009950493835972907,0.98,1.0000000075860063,"[{""gap_distortion"": 1.0000000075860063, ""minimum_gap"": 0.009950493835972907, ""minimum_gap_s"": 0.98, ""omega_scale"": 1.0}, {""gap_distortion"": 1.3972520935540464, ""minimum_gap"": 0.013903348449680664, ""minimum_gap_s"": 0.98, ""omega_scale"": 1.1832159566199232}, {""gap_distortion"": 1.9508172314006949, ""minimum_gap"": 0.019411594983418823, ""minimum_gap_s"": 0.98, ""omega_scale"": 1.4}]"
atlas,173,Fjt?O,7,9,6,4,4,1,DjO,5,5,4,4,2,2,1.0,False,1.0,0.009950493911457414,0.98,0.009950493911694558,0.98,1.0000000000238323,"[{""gap_distortion"": 1.0000000000238323, ""minimum_gap"": 0.009950493911694558, ""minimum_gap_s"": 0.98, ""omega_scale"": 1.0}, {""gap_distortion"": 1.3972521224286771, ""minimum_gap"": 0.0139033487369975, ""minimum_gap_s"": 0.98, ""omega_scale"": 1.1832159566199232}, {""gap_distortion"": 1.9508173404308327, ""minimum_gap"": 0.019411596068322545, ""minimum_gap_s"": 0.98, ""omega_scale"": 1.4}]"
atlas,174,Fz`a?,7,9,4,0,3,1,D}_,5,6,4,4,2,1,0.5,True,1.0,0.009950493836022645,0.98,0.6999671351879921,0.54,70.34496445331995,"[{""gap_distortion"": 70.34496445331995, ""minimum_gap"": 0.6999671351879921, ""minimum_gap_s"": 0.54, ""omega_scale"": 1.0}, {""gap_distortion"": 83.27027281572643, ""minimum_gap"": 0.8285803363768098, ""minimum_gap_s"": 0.54, ""omega_scale"": 1.1832159566199232}, {""gap_distortion"": 98.53635117288839, ""minimum_gap"": 0.9804853549699886, ""minimum_gap_s"": 0.56, ""omega_scale"": 1.4}]"
atlas,174,Fz`a?,7,9,6,1,5,1,DkO,5,4,4,4,2,2,1.0,False,1.0,0.009950493836022645,0.98,0.009950493835974683,0.98,1.00000000000482,"[{""gap_distortion"": 1.00000000000482, ""minimum_gap"": 0.009950493835974683, ""minimum_gap_s"": 0.98, ""omega_scale"": 1.0}, {""gap_distortion"": 1.397252104146625, ""minimum_gap"": 0.013903348449680664, ""minimum_gap_s"": 0.98, ""omega_scale"": 1.1832159566199232}, {""gap_distortion"": 1.9508172461903013, ""minimum_gap"": 0.019411594983423264, ""minimum_gap_s"": 0.98, ""omega_scale"": 1.4}]"
atlas,175,FjsGO,7,9,5,4,5,2,Dj?,5,4,4,4,2,2,1.0,False,1.0,0.009950554578331605,0.98,0.009950554578282755,0.98,1.0000000000049092,"[{""gap_distortion"": 1.0000000000049092, ""minimum_gap"": 0.009950554578282755, ""minimum_gap_s"": 0.98, ""omega_scale"": 1.0}, {""gap_distortion"": 1.3972601372518008, ""minimum_gap"": 0.013903513255851152, ""minimum_gap_s"": 0.98, ""omega_scale"": 1.1832159566199232}, {""gap_distortion"": 1.9508500777845568, ""minimum_gap"": 0.01941204017313769, ""minimum_gap_s"": 0.98, ""omega_scale"": 1.4}]"
atlas,175,FjsGO,7,9,6,4,5,2,Dj?,5,4,4,4,2,2,1.0,False,1.0,0.009950554578331605,0.98,0.009950554578282755,0.98,1.0000000000049092,"[{""gap_distortion"": 1.0000000000049092, ""minimum_gap"": 0.009950554578282755, ""minimum_gap_s"": 0.98, ""omega_scale"": 1.0}, {""gap_distortion"": 1.3972601372518008, ""minimum_gap"": 0.013903513255851152, ""minimum_gap_s"": 0.98, ""omega_scale"": 1.1832159566199232}, {""gap_distortion"": 1.9508500777845568, ""minimum_gap"": 0.01941204017313769, ""minimum_gap_s"": 0.98, ""omega_scale"": 1.4}]"
atlas,176,FjsG_,7,9,5,4,4,1,DjC,5,5,4,4,1,1,1.0,False,1.0,0.7148685980569045,0.56,0.7031841094451778,0.56,1.0166165424599056,"[{""gap_distortion"": 1.0166165424599056, ""minimum_gap"": 0.7031841094451778, ""minimum_gap_s"": 0.56, ""omega_scale"": 1.0}, {""gap_distortion"": 1.1620634998163692, ""minimum_gap"": 0.8307227049668278, ""minimum_gap_s"": 0.56, ""omega_scale"": 1.1832159566199232}, {""gap_distortion"": 1.3757262563223824, ""minimum_gap"": 0.9834635001672551, ""minimum_gap_s"": 0.5800000000000001, ""omega_scale"": 1.4}]"
atlas,176,FjsG_,7,9,6,3,4,1,DmC,5,5,4,4,1,1,1.0,False,1.0,0.7148685980569045,0.56,0.7031841094451778,0.56,1.0166165424599056,"[{""gap_distortion"": 1.0166165424599056, ""minimum_gap"": 0.7031841094451778, ""minimum_gap_s"": 0.56, ""omega_scale"": 1.0}, {""gap_distortion"": 1.1620634998163692, ""minimum_gap"": 0.8307227049668278, ""minimum_gap_s"": 0.56, ""omega_scale"": 1.1832159566199232}, {""gap_distortion"": 1.3757262563223824, ""minimum_gap"": 0.9834635001672551, ""minimum_gap_s"": 0.5800000000000001, ""omega_scale"": 1.4}]"
atlas,177,Fz`c?,7,9,4,0,4,2,D}?,5,5,4,4,1,1,1.0,False,1.0,0.6392384071788584,0.56,0.6319949108691676,0.56,1.011461320629511,"[{""gap_distortion"": 1.011461320629511, ""minimum_gap"": 0.6319949108691676, ""minimum_gap_s"": 0.56, ""omega_scale"": 1.0}, {""gap_distortion"": 1.1706334214186236, ""minimum_gap"": 0.7483138436979782, ""minimum_gap_s"": 0.5800000000000001, ""omega_scale"": 1.1832159566199232}, {""gap_distortion"": 1.385158060355382, ""minimum_gap"": 0.8854462321925314, ""minimum_gap_s"": 0.5800000000000001, ""omega_scale"": 1.4}]"
atlas,177,Fz`c?,7,9,6,0,4,2,Dwo,5,5,4,4,1,1,1.0,False,1.0,0.6392384071788584,0.56,0.6319949108691685,0.56,1.0114613206295096,"[{""gap_distortion"": 1.0114613206295096, ""minimum_gap"": 0.6319949108691685, ""minimum_gap_s"": 0.56, ""omega_scale"": 1.0}, {""gap_distortion"": 1.1706334214186236, ""minimum_gap"": 0.7483138436979782, ""minimum_gap_s"": 0.5800000000000001, ""omega_scale"": 1.1832159566199232}, {""gap_distortion"": 1.3851580603553828, ""minimum_gap"": 0.8854462321925318, ""minimum_gap_s"": 0.5800000000000001, ""omega_scale"": 1.4}]"
atlas,178,FjuA?,7,9,5,0,3,1,D|_,5,6,4,4,1,1,1.0,False,1.0,0.563399165488744,0.56,0.6999671351879921,0.54,1.2424000212722655,"[{""gap_distortion"": 1.2424000212722655, ""minimum_gap"": 0.6999671351879921, ""minimum_gap_s"": 0.54, ""omega_scale"": 1.0}, {""gap_distortion"": 1.4706808016977153, ""minimum_gap"": 0.8285803363768098, ""minimum_gap_s"": 0.54, ""omega_scale"": 1.1832159566199232}, {""gap_distortion"": 1.7403031722977904, ""minimum_gap"": 0.980485354969989, ""minimum_gap_s"": 0.56, ""omega_scale"": 1.4}]"
atlas,178,FjuA?,7,9,6,1,5,1,DL_,5,4,4,4,1,1,1.0,False,1.0,0.563399165488744,0.56,0.5602245440237708,0.56,1.0056666947188209,"[{""gap_distortion"": 1.0056666947188209, ""minimum_gap"": 0.5602245440237708, ""minimum_gap_s"": 0.56, ""omega_scale"": 1.0}, {""gap_distortion"": 1.1782561121171873, ""minimum_gap"": 0.6638285102988353, ""minimum_gap_s"": 0.56, ""omega_scale"": 1.1832159566199232}, {""gap_distortion"": 1.3916823596299723, ""minimum_gap"": 0.7840726800409326, ""minimum_gap_s"": 0.5800000000000001, ""omega_scale"": 1.4}]"
atlas,179,FXSx?,7,9,0,2,5,2,DZ?,5,4,4,4,2,2,1.0,False,1.0,0.009950554578406212,0.98,0.009950554578278314,0.98,1.0000000000128533,"[{""gap_distortion"": 1.0000000000128533, ""minimum_gap"": 0.009950554578278314, ""minimum_gap_s"": 0.98, ""omega_scale"": 1.0}, {""gap_distortion"": 1.3972601372415028, ""minimum_gap"": 0.013903513255852928, ""minimum_gap_s"": 0.98, ""omega_scale"": 1.1832159566199232}, {""gap_distortion"": 1.9508500777699298, ""minimum_gap"": 0.01941204017313769, ""minimum_gap_s"": 0.98, ""omega_scale"": 1.4}]"
atlas,179,FXSx?,7,9,6,2,5,2,DBK,5,4,4,4,2,2,1.0,False,1.0,0.009950554578406212,0.98,0.009950554578278314,0.98,1.0000000000128533,"[{""gap_distortion"": 1.0000000000128533, ""minimum_gap"": 0.009950554578278314, ""minimum_gap_s"": 0.98, ""omega_scale"": 1.0}, {""gap_distortion"": 1.3972601372415028, ""minimum_gap"": 0.013903513255852928, ""minimum_gap_s"": 0.98, ""omega_scale"": 1.1832159566199232}, {""gap_distortion"": 1.9508500777698405, ""minimum_gap"": 0.019412040173136802, ""minimum_gap_s"": 0.98, ""omega_scale"": 1.4}]"
atlas,180,Fv`c?,7,9,4,0,5,2,D]?,5,4,4,4,2,2,1.0,False,1.0,4.9382099302164306e-05,0.98,4.938209891847123e-05,0.98,1.0000000077698818,"[{""gap_distortion"": 1.0000000077698818, ""minimum_gap"": 4.938209891847123e-05, ""minimum_gap_s"": 0.98, ""omega_scale"": 1.0}, {""gap_distortion"": 1.9503451475981437, ""minimum_gap"": 9.631213775218583e-05, ""minimum_gap_s"": 0.98, ""omega_scale"": 1.1832159566199232}, {""gap_distortion"": 3.7964684934225006, ""minimum_gap"": 0.00018747758413972804, ""minimum_gap_s"": 0.98, ""omega_scale"": 1.4}]"
atlas,180,Fv`c?,7,9,6,0,5,2,DWo,5,4,4,4,2,2,1.0,False,1.0,4.9382099302164306e-05,0.98,4.938209891847123e-05,0.98,1.0000000077698818,"[{""gap_distortion"": 1.0000000077698818, ""minimum_gap"": 4.938209891847123e-05, ""minimum_gap_s"": 0.98, ""omega_scale"": 1.0}, {""gap_distortion"": 1.950345147562172, ""minimum_gap"": 9.631213775040948e-05, ""minimum_gap_s"": 0.98, ""omega_scale"": 1.1832159566199232}, {""gap_distortion"": 3.7964684934225006, ""minimum_gap"": 0.00018747758413972804, ""minimum_gap_s"": 0.98, ""omega_scale"": 1.4}]"
atlas,181,F~a?G,7,9,4,0,5,1,DwC,5,4,3,3,6,6,1.0,False,1.0,0.009950493836884178,0.98,0.00995049383620561,0.98,1.0000000000681943,"[{""gap_distortion"": 1.0000000000681943, ""minimum_gap"": 0.00995049383620561, ""minimum_gap_s"": 0.98, ""omega_scale"": 1.0}, {""gap_distortion"": 1.3972521041507904, ""minimum_gap"": 0.01390334845092589, ""minimum_gap_s"": 0.98, ""omega_scale"": 1.1832159566199232}, {""gap_distortion"": 1.9508172466798648, ""minimum_gap"": 0.019411594989975356, ""minimum_gap_s"": 0.98, ""omega_scale"": 1.4}]"
atlas,181,F~a?G,7,9,6,5,2,1,D~_,5,7,3,3,6,3,0.5,True,1.0,0.009950493836884178,0.98,0.014889246735288353,0.98,1.4963324413203856,"[{""gap_distortion"": 1.4963324413203856, ""minimum_gap"": 0.014889246735288353, ""minimum_gap_s"": 0.98, ""omega_scale"": 1.0}, {""gap_distortion"": 2.088766309279877, ""minimum_gap"": 0.020784256287180725, ""minimum_gap_s"": 0.98, ""omega_scale"": 1.1832159566199232}, {""gap_distortion"": 2.9124919199755657, ""minimum_gap"": 0.02898073289969183, ""minimum_gap_s"": 0.98, ""omega_scale"": 1.4}]"
atlas,182,Fju?O,7,9,5,0,3,1,D|C,5,6,3,3,6,4,0.6666666666666666,True,1.0,0.00911845707529313,0.98,0.009236515021294522,0.98,1.012947140621112,"[{""gap_distortion"": 1.012947140621112, ""minimum_gap"": 0.009236515021294522, ""minimum_gap_s"": 0.98, ""omega_scale"": 1.0}, {""gap_distortion"": 1.4146246180208613, ""minimum_gap"": 0.012899193857076163, ""minimum_gap_s"": 0.98, ""omega_scale"": 1.1832159566199232}, {""gap_distortion"": 1.9737197047515058, ""minimum_gap"": 0.017997278406436834, ""minimum_gap_s"": 0.98, ""omega_scale"": 1.4}]"
atlas,182,Fju?O,7,9,6,4,4,1,Dj_,5,5,3,3,6,5,0.8333333333333334,True,1.0,0.00911845707529313,0.98,0.008920767321670908,0.98,1.022160622118456,"[{""gap_distortion"": 1.022160622118456, ""minimum_gap"": 0.008920767321670908, ""minimum_gap_s"": 0.98, ""omega_scale"": 1.0}, {""gap_distortion"": 1.367187100714793, ""minimum_gap"": 0.012466636891762306, ""minimum_gap_s"": 0.98, ""omega_scale"": 1.1832159566199232}, {""gap_distortion"": 1.909292799473901, ""minimum_gap"": 0.01740980443616902, ""minimum_gap_s"": 0.98, ""omega_scale"": 1.4}]"
atlas,183,FjsH?,7,9,5,4,4,1,DjG,5,5,4,4,1,1,1.0,False,1.0,0.6807778379823164,0.56,0.7031841094451783,0.56,1.0329127509927019,"[{""gap_distortion"": 1.0329127509927019, ""minimum_gap"": 0.7031841094451783, ""minimum_gap_s"": 0.56, ""omega_scale"": 1.0}, {""gap_distortion"": 1.2202552119336267, ""minimum_gap"": 0.8307227049668278, ""minimum_gap_s"": 0.56, ""omega_scale"": 1.1832159566199232}, {""gap_distortion"": 1.44461738513997, ""minimum_gap"": 0.983463500167256, ""minimum_gap_s"": 0.5800000000000001, ""omega_scale"": 1.4}]"
atlas,183,FjsH?,7,9,6,2,3,1,DnC,5,6,4,4,1,1,1.0,False,1.0,0.6807778379823164,0.56,0.6999671351879917,0.54,1.0281873118292868,"[{""gap_distortion"": 1.0281873118292868, ""minimum_gap"": 0.6999671351879917, ""minimum_gap_s"": 0.54, ""omega_scale"": 1.0}, {""gap_distortion"": 1.2171082696119335, ""minimum_gap"": 0.8285803363768103, ""minimum_gap_s"": 0.54, ""omega_scale"": 1.1832159566199232}, {""gap_distortion"": 1.4402427638889432, ""minimum_gap"": 0.9804853549699906, ""minimum_gap_s"": 0.56, ""omega_scale"": 1.4}]"
atlas,184,FXSwG,7,9,0,2,4,1,DZC,5,5,4,4,1,1,1.0,False,1.0,0.5946672091407121,0.56,0.7031841094451778,0.56,1.182483410277946,"[{""gap_distortion"": 1.182483410277946, ""minimum_gap"": 0.7031841094451778, ""minimum_gap_s"": 0.56, ""omega_scale"": 1.0}, {""gap_distortion"": 1.3969539470104857, ""minimum_gap"": 0.8307227049668278, ""minimum_gap_s"": 0.56, ""omega_scale"": 1.1832159566199232}, {""gap_distortion"": 1.6538048257080622, ""minimum_gap"": 0.9834635001672551, ""minimum_gap_s"": 0.5800000000000001, ""omega_scale"": 1.4}]"
atlas,184,FXSwG,7,9,6,5,4,1,DXS,5,5,4,4,1,1,1.0,False,1.0,0.5946672091407121,0.56,0.5638397561332846,0.54,1.054674138657474,"[{""gap_distortion"": 1.054674138657474, ""minimum_gap"": 0.5638397561332846, ""minimum_gap_s"": 0.54, ""omega_scale"": 1.0}, {""gap_distortion"": 1.1248629782624056, ""minimum_gap"": 0.6689191279490143, ""minimum_gap_s"": 0.54, ""omega_scale"": 1.1832159566199232}, {""gap_distortion"": 1.3272176435914744, ""minimum_gap"": 0.7892528120368545, ""minimum_gap_s"": 0.56, ""omega_scale"": 1.4}]"
atlas,185,F~_?g,7,9,4,0,4,1,DwK,5,5,3,3,5,5,1.0,False,1.0,0.008920785914641627,0.98,0.008920767321672685,0.98,1.0000020842342672,"[{""gap_distortion"": 1.0000020842342672, ""minimum_gap"": 0.008920767321672685, ""minimum_gap_s"": 0.98, ""omega_scale"": 1.0}, {""gap_distortion"": 1.3974819047392084, ""minimum_gap"": 0.012466636891764082, ""minimum_gap_s"": 0.98, ""omega_scale"": 1.1832159566199232}, {""gap_distortion"": 1.9515998481250625, ""minimum_gap"": 0.017409804436170795, ""minimum_gap_s"": 0.98, ""omega_scale"": 1.4}]"
atlas,185,F~_?g,7,9,5,6,2,1,D~_,5,7,3,3,5,3,0.6,True,1.0,0.008920785914641627,0.98,0.014889246735288353,0.98,1.6690510093791995,"[{""gap_distortion"": 1.6690510093791995, ""minimum_gap"": 0.014889246735288353, ""minimum_gap_s"": 0.98, ""omega_scale"": 1.0}, {""gap_distortion"": 2.329868297037334, ""minimum_gap"": 0.020784256287180725, ""minimum_gap_s"": 0.98, ""omega_scale"": 1.1832159566199232}, {""gap_distortion"": 3.2486748563403975, ""minimum_gap"": 0.02898073289969183, ""minimum_gap_s"": 0.98, ""omega_scale"": 1.4}]"
atlas,186,FjuC?,7,9,5,0,4,2,D|?,5,5,4,4,1,1,1.0,False,1.0,0.6274006495937066,0.56,0.6319949108691685,0.56,1.0073226912953264,"[{""gap_distortion"": 1.0073226912953264, ""minimum_gap"": 0.6319949108691685, ""minimum_gap_s"": 0.56, ""omega_scale"": 1.0}, {""gap_distortion"": 1.192720862151756, ""minimum_gap"": 0.7483138436979775, ""minimum_gap_s"": 0.5800000000000001, ""omega_scale"": 1.1832159566199232}, {""gap_distortion"": 1.4112931390267607, ""minimum_gap"": 0.8854462321925309, ""minimum_gap_s"": 0.5800000000000001, ""omega_scale"": 1.4}]"
atlas,186,FjuC?,7,9,6,0,4,2,D|?,5,5,4,4,1,1,1.0,False,1.0,0.6274006495937066,0.56,0.6319949108691685,0.56,1.0073226912953264,"[{""gap_distortion"": 1.0073226912953264, ""minimum_gap"": 0.6319949108691685, ""minimum_gap_s"": 0.56, ""omega_scale"": 1.0}, {""gap_distortion"": 1.192720862151756, ""minimum_gap"": 0.7483138436979775, ""minimum_gap_s"": 0.5800000000000001, ""omega_scale"": 1.1832159566199232}, {""gap_distortion"": 1.4112931390267607, ""minimum_gap"": 0.8854462321925309, ""minimum_gap_s"": 0.5800000000000001, ""omega_scale"": 1.4}]"
atlas,187,FlkG_,7,9,5,4,4,1,DlC,5,5,4,4,1,1,1.0,False,1.0,0.5020416503110647,0.56,0.5638397561332842,0.54,1.1230935835381972,"[{""gap_distortion"": 1.1230935835381972, ""minimum_gap"": 0.5638397561332842, ""minimum_gap_s"": 0.54, ""omega_scale"": 1.0}, {""gap_distortion"": 1.3323976756401614, ""minimum_gap"": 0.6689191279490134, ""minimum_gap_s"": 0.54, ""omega_scale"": 1.1832159566199232}, {""gap_distortion"": 1.5720863230129092, ""minimum_gap"": 0.7892528120368545, ""minimum_gap_s"": 0.56, ""omega_scale"": 1.4}]"
atlas,187,FlkG_,7,9,6,3,4,1,DlC,5,5,4,4,1,1,1.0,False,1.0,0.5020416503110647,0.56,0.5638397561332842,0.54,1.1230935835381972,"[{""gap_distortion"": 1.1230935835381972, ""minimum_gap"": 0.5638397561332842, ""minimum_gap_s"": 0.54, ""omega_scale"": 1.0}, {""gap_distortion"": 1.3323976756401614, ""minimum_gap"": 0.6689191279490134, ""minimum_gap_s"": 0.54, ""omega_scale"": 1.1832159566199232}, {""gap_distortion"": 1.5720863230129092, ""minimum_gap"": 0.7892528120368545, ""minimum_gap_s"": 0.56, ""omega_scale"": 1.4}]"
atlas,188,Fz`_G,7,9,4,0,3,1,D}C,5,6,3,3,6,4,0.6666666666666666,True,1.0,0.006177837467586045,0.98,0.009236515021292746,0.98,1.4951048922466816,"[{""gap_distortion"": 1.4951048922466816, ""minimum_gap"": 0.009236515021292746, ""minimum_gap_s"": 0.98, ""omega_scale"": 1.0}, {""gap_distortion"": 2.0879788315498633, ""minimum_gap"": 0.012899193857075275, ""minimum_gap_s"": 0.98, ""omega_scale"": 1.1832159566199232}, {""gap_distortion"": 2.913200371629404, ""minimum_gap"": 0.017997278406437722, ""minimum_gap_s"": 0.98, ""omega_scale"": 1.4}]"
atlas,188,Fz`_G,7,9,6,5,3,1,Dz_,5,6,3,3,6,4,0.6666666666666666,True,1.0,0.006177837467586045,0.98,0.009236515021294522,0.98,1.4951048922469692,"[{""gap_distortion"": 1.4951048922469692, ""minimum_gap"": 0.009236515021294522, ""minimum_gap_s"": 0.98, ""omega_scale"": 1.0}, {""gap_distortion"": 2.0879788315498633, ""minimum_gap"": 0.012899193857075275, ""minimum_gap_s"": 0.98, ""omega_scale"": 1.1832159566199232}, {""gap_distortion"": 2.9132003716289727, ""minimum_gap"": 0.017997278406435058, ""minimum_gap_s"": 0.98, ""omega_scale"": 1.4}]"
atlas,189,FXSwO,7,9,0,2,4,1,DZG,5,5,4,4,2,2,1.0,False,1.0,0.009950493987183506,0.98,0.009950493911696334,0.98,1.0000000075862738,"[{""gap_distortion"": 1.0000000075862738, ""minimum_gap"": 0.009950493911696334, ""minimum_gap_s"": 0.98, ""omega_scale"": 1.0}, {""gap_distortion"": 1.3972521117954584, ""minimum_gap"": 0.013903348737000165, ""minimum_gap_s"": 0.98, ""omega_scale"": 1.1832159566199232}, {""gap_distortion"": 1.9508173255846466, ""minimum_gap"": 0.019411596068323433, ""minimum_gap_s"": 0.98, ""omega_scale"": 1.4}]"
atlas,189,FXSwO,7,9,6,4,4,1,DXK,5,5,4,4,2,2,1.0,False,1.0,0.009950493987183506,0.98,0.009950493911694558,0.98,1.0000000075864524,"[{""gap_distortion"": 1.0000000075864524, ""minimum_gap"": 0.009950493911694558, ""minimum_gap_s"": 0.98, ""omega_scale"": 1.0}, {""gap_distortion"": 1.3972521117951906, ""minimum_gap"": 0.0139033487369975, ""minimum_gap_s"": 0.98, ""omega_scale"": 1.1832159566199232}, {""gap_distortion"": 1.950817325585182, ""minimum_gap"": 0.019411596068328762, ""minimum_gap_s"": 0.98, ""omega_scale"": 1.4}]"
atlas,190,Fju@?,7,9,5,0,3,1,D|O,5,6,3,3,5,4,0.8,True,1.0,0.008369386095967712,0.98,0.00923651502129097,0.98,1.1036072318065278,"[{""gap_distortion"": 1.1036072318065278, ""minimum_gap"": 0.00923651502129097, ""minimum_gap_s"": 0.98, ""omega_scale"": 1.0}, {""gap_distortion"": 1.541235367703968, ""minimum_gap"": 0.012899193857075275, ""minimum_gap_s"": 0.98, ""omega_scale"": 1.1832159566199232}, {""gap_distortion"": 2.1503701944287132, ""minimum_gap"": 0.017997278406435058, ""minimum_gap_s"": 0.98, ""omega_scale"": 1.4}]"
atlas,190,Fju@?,7,9,6,2,3,1,Dn_,5,6,3,3,5,4,0.8,True,1.0,0.008369386095967712,0.98,0.009236515021292746,0.98,1.10360723180674,"[{""gap_distortion"": 1.10360723180674, ""minimum_gap"": 0.009236515021292746, ""minimum_gap_s"": 0.98, ""omega_scale"": 1.0}, {""gap_distortion"": 1.5412353677040742, ""minimum_gap"": 0.012899193857076163, ""minimum_gap_s"": 0.98, ""omega_scale"": 1.1832159566199232}, {""gap_distortion"": 2.150370194429138, ""minimum_gap"": 0.01799727840643861, ""minimum_gap_s"": 0.98, ""omega_scale"": 1.4}]"
atlas,191,Fv`_G,7,9,4,0,4,1,D]C,5,5,4,4,1,1,1.0,False,1.0,0.5546273251854268,0.54,0.5638397561332851,0.54,1.0166101281518691,"[{""gap_distortion"": 1.0166101281518691, ""minimum_gap"": 0.5638397561332851, ""minimum_gap_s"": 0.54, ""omega_scale"": 1.0}, {""gap_distortion"": 1.206069548999188, ""minimum_gap"": 0.6689191279490136, ""minimum_gap_s"": 0.54, ""omega_scale"": 1.1832159566199232}, {""gap_distortion"": 1.4230326855478788, ""minimum_gap"": 0.7892528120368545, ""minimum_gap_s"": 0.56, ""omega_scale"": 1.4}]"
atlas,191,Fv`_G,7,9,6,5,3,1,Dv_,5,6,4,4,1,1,1.0,False,1.0,0.5546273251854268,0.54,0.6999671351879919,0.54,1.2620494941427094,"[{""gap_distortion"": 1.2620494941427094, ""minimum_gap"": 0.6999671351879919, ""minimum_gap_s"": 0.54, ""omega_scale"": 1.0}, {""gap_distortion"": 1.4939407035161731, ""minimum_gap"": 0.8285803363768098, ""minimum_gap_s"": 0.54, ""omega_scale"": 1.1832159566199232}, {""gap_distortion"": 1.767827350811081, ""minimum_gap"": 0.980485354969989, ""minimum_gap_s"": 0.56, ""omega_scale"": 1.4}]"
atlas,192,Fv@h?,7,9,4,5,3,1,DvG,5,6,3,3,6,4,0.6666666666666666,True,1.0,0.007766711107112023,0.98,0.009236515021292746,0.98,1.1892440563206754,"[{""gap_distortion"": 1.1892440563206754, ""minimum_gap"": 0.009236515021292746, ""minimum_gap_s"": 0.98, ""omega_scale"": 1.0}, {""gap_distortion"": 1.6608309075978642, ""minimum_gap"": 0.012899193857075275, ""minimum_gap_s"": 0.98, ""omega_scale"": 1.1832159566199232}, {""gap_distortion"": 2.3172328876706407, ""minimum_gap"": 0.017997278406436834, ""minimum_gap_s"": 0.98, ""omega_scale"": 1.4}]"
atlas,192,Fv@h?,7,9,6,2,4,1,DwS,5,5,3,3,6,5,0.8333333333333334,True,1.0,0.007766711107112023,0.98,0.008920767321670908,0.98,1.1485900786887913,"[{""gap_distortion"": 1.1485900786887913, ""minimum_gap"": 0.008920767321670908, ""minimum_gap_s"": 0.98, ""omega_scale"": 1.0}, {""gap_distortion"": 1.605137196405979, ""minimum_gap"": 0.01246663689176497, ""minimum_gap_s"": 0.98, ""omega_scale"": 1.1832159566199232}, {""gap_distortion"": 2.241592895122204, ""minimum_gap"": 0.01740980443616902, ""minimum_gap_s"": 0.98, ""omega_scale"": 1.4}]"
atlas,193,Fr`s?,7,9,4,0,4,2,D^?,5,5,4,4,1,1,1.0,False,1.0,0.612224738573838,0.56,0.6319949108691676,0.56,1.032292344705612,"[{""gap_distortion"": 1.032292344705612, ""minimum_gap"": 0.6319949108691676, ""minimum_gap_s"": 0.56, ""omega_scale"": 1.0}, {""gap_distortion"": 1.2222861909192955, ""minimum_gap"": 0.7483138436979779, ""minimum_gap_s"": 0.5800000000000001, ""omega_scale"": 1.1832159566199232}, {""gap_distortion"": 1.4462764674540203, ""minimum_gap"": 0.8854462321925314, ""minimum_gap_s"": 0.5800000000000001, ""omega_scale"": 1.4}]"
atlas,193,Fr`s?,7,9,6,0,4,2,DWw,5,5,4,4,1,1,1.0,False,1.0,0.612224738573838,0.56,0.6319949108691676,0.56,1.032292344705612,"[{""gap_distortion"": 1.032292344705612, ""minimum_gap"": 0.6319949108691676, ""minimum_gap_s"": 0.56, ""omega_scale"": 1.0}, {""gap_distortion"": 1.2222861909192966, ""minimum_gap"": 0.7483138436979786, ""minimum_gap_s"": 0.5800000000000001, ""omega_scale"": 1.1832159566199232}, {""gap_distortion"": 1.4462764674540194, ""minimum_gap"": 0.8854462321925309, ""minimum_gap_s"": 0.5800000000000001, ""omega_scale"": 1.4}]"
atlas,194,F~AGG,7,9,4,5,3,2,D~?,5,6,3,3,4,4,1.0,False,1.0,0.019803895059444798,0.98,0.01980390271855459,0.98,1.0000003867476457,"[{""gap_distortion"": 1.0000003867476457, ""minimum_gap"": 0.01980390271855459, ""minimum_gap_s"": 0.98, ""omega_scale"": 1.0}, {""gap_distortion"": 1.3946047588267867, ""minimum_gap"": 0.027618606293208003, ""minimum_gap_s"": 0.98, ""omega_scale"": 1.1832159566199232}, {""gap_distortion"": 1.9420623440149571, ""minimum_gap"": 0.038460398859771594, ""minimum_gap_s"": 0.98, ""omega_scale"": 1.4}]"
atlas,194,F~AGG,7,9,6,5,3,2,D~?,5,6,3,3,4,4,1.0,False,1.0,0.019803895059444798,0.98,0.01980390271855459,0.98,1.0000003867476457,"[{""gap_distortion"": 1.0000003867476457, ""minimum_gap"": 0.01980390271855459, ""minimum_gap_s"": 0.98, ""omega_scale"": 1.0}, {""gap_distortion"": 1.3946047588267867, ""minimum_gap"": 0.027618606293208003, ""minimum_gap_s"": 0.98, ""omega_scale"": 1.1832159566199232}, {""gap_distortion"": 1.9420623440149571, ""minimum_gap"": 0.038460398859771594, ""minimum_gap_s"": 0.98, ""omega_scale"": 1.4}]"
atlas,195,FB}GO,7,9,6,4,6,1,DB_,5,3,4,4,2,2,1.0,False,1.0,0.009950493836338836,0.98,0.009950493836204721,0.98,1.0000000000134783,"[{""gap_distortion"": 1.0000000000134783, ""minimum_gap"": 0.009950493836204721, ""minimum_gap_s"": 0.98, ""omega_scale"": 1.0}, {""gap_distortion"": 1.3972521042272783, ""minimum_gap"": 0.013903348450925002, ""minimum_gap_s"": 0.98, ""omega_scale"": 1.1832159566199232}, {""gap_distortion"": 1.9508172467864233, ""minimum_gap"": 0.019411594989971803, ""minimum_gap_s"": 0.98, ""omega_scale"": 1.4}]"
atlas,196,Fxec?,7,9,6,0,5,1,DhO,5,4,4,4,2,2,1.0,False,1.0,0.009950493836019092,0.98,0.00995049383597113,0.98,1.00000000000482,"[{""gap_distortion"": 1.00000000000482, ""minimum_gap"": 0.00995049383597113, ""minimum_gap_s"": 0.98, ""omega_scale"": 1.0}, {""gap_distortion"": 1.3972521041472132, ""minimum_gap"": 0.013903348449681552, ""minimum_gap_s"": 0.98, ""omega_scale"": 1.1832159566199232}, {""gap_distortion"": 1.9508172461909086, ""minimum_gap"": 0.019411594983422376, ""minimum_gap_s"": 0.98, ""omega_scale"": 1.4}]"
atlas,197,FB}G_,7,9,6,3,4,1,DFc,5,5,4,4,2,2,1.0,False,1.0,0.00995049391168834,0.98,0.009950493911699887,0.98,1.0000000000011604,"[{""gap_distortion"": 1.0000000000011604, ""minimum_gap"": 0.009950493911699887, ""minimum_gap_s"": 0.98, ""omega_scale"": 1.0}, {""gap_distortion"": 1.3972521223964287, ""minimum_gap"": 0.013903348736999277, ""minimum_gap_s"": 0.98, ""omega_scale"": 1.1832159566199232}, {""gap_distortion"": 1.9508173403856481, ""minimum_gap"": 0.019411596068323433, ""minimum_gap_s"": 0.98, ""omega_scale"": 1.4}]"
atlas,198,FzW_G,7,9,6,5,2,1,DzW,5,7,4,4,2,1,0.5,True,1.0,0.009950493836253571,0.98,0.7759408729688366,0.5,77.98013704021183,"[{""gap_distortion"": 77.98013704021183, ""minimum_gap"": 0.7759408729688366, ""minimum_gap_s"": 0.5, ""omega_scale"": 1.0}, {""gap_distortion"": 92.26734244538693, ""minimum_gap"": 0.9181056222903201, ""minimum_gap_s"": 0.5, ""omega_scale"": 1.1832159566199232}, {""gap_distortion"": 109.1721918562966, ""minimum_gap"": 1.0863172221563717, ""minimum_gap_s"": 0.5, ""omega_scale"": 1.4}]"
atlas,199,F?~oO,7,9,6,4,5,1,D?{,5,4,5,5,1,1,1.0,False,1.0,0.8695238272995842,0.46,0.9347560842189921,0.48000000000000004,1.0750206663364188,"[{""gap_distortion"": 1.0750206663364188, ""minimum_gap"": 0.9347560842189921, ""minimum_gap_s"": 0.48000000000000004, ""omega_scale"": 1.0}, {""gap_distortion"": 1.2727509109355786, ""minimum_gap"": 1.1066872432757364, ""minimum_gap_s"": 0.48000000000000004, ""omega_scale"": 1.1832159566199232}, {""gap_distortion"": 1.5049083383219286, ""minimum_gap"": 1.3085536580727408, ""minimum_gap_s"": 0.46, ""omega_scale"": 1.4}]"
atlas,200,FhMh?,7,9,6,2,5,1,D`c,5,4,4,4,1,1,1.0,False,1.0,0.5459382654283287,0.56,0.5602245440237708,0.56,1.0261683041840517,"[{""gap_distortion"": 1.0261683041840517, ""minimum_gap"": 0.5602245440237708, ""minimum_gap_s"": 0.56, ""omega_scale"": 1.0}, {""gap_distortion"": 1.2159406151499792, ""minimum_gap"": 0.6638285102988346, ""minimum_gap_s"": 0.56, ""omega_scale"": 1.1832159566199232}, {""gap_distortion"": 1.43619293552499, ""minimum_gap"": 0.7840726800409326, ""minimum_gap_s"": 0.5800000000000001, ""omega_scale"": 1.4}]"
atlas,201,FjsAG,7,9,5,6,2,1,Djs,5,7,3,3,6,3,0.5,True,1.0,0.007048440395194255,0.98,0.007048484490313811,0.98,1.0000062560108454,"[{""gap_distortion"": 1.0000062560108454, ""minimum_gap"": 0.007048484490313811, ""minimum_gap_s"": 0.98, ""omega_scale"": 1.0}, {""gap_distortion"": 1.3982439628389474, ""minimum_gap"": 0.009855439230010532, ""minimum_gap_s"": 0.98, ""omega_scale"": 1.1832159566199232}, {""gap_distortion"": 1.9541206838768668, ""minimum_gap"": 0.013773503165322332, ""minimum_gap_s"": 0.98, ""omega_scale"": 1.4}]"
atlas,202,FB}H?,7,9,6,2,3,1,DNc,5,6,3,3,6,4,0.6666666666666666,True,1.0,0.00704845371368279,0.98,0.0099506141282113,0.98,1.4117442679512386,"[{""gap_distortion"": 1.4117442679512386, ""minimum_gap"": 0.0099506141282113, ""minimum_gap_s"": 0.98, ""omega_scale"": 1.0}, {""gap_distortion"": 1.9725849286653003, ""minimum_gap"": 0.013903673566005637, ""minimum_gap_s"": 0.98, ""omega_scale"": 1.1832159566199232}, {""gap_distortion"": 2.7541457064109185, ""minimum_gap"": 0.01941246853237555, ""minimum_gap_s"": 0.98, ""omega_scale"": 1.4}]"
atlas,203,FB}K?,7,9,6,0,3,1,D^C,5,6,4,4,1,1,1.0,False,1.0,0.6973072064089811,0.54,0.6999671351879921,0.54,1.0038145723356413,"[{""gap_distortion"": 1.0038145723356413, ""minimum_gap"": 0.6999671351879921, ""minimum_gap_s"": 0.54, ""omega_scale"": 1.0}, {""gap_distortion"": 1.18825723979516, ""minimum_gap"": 0.8285803363768098, ""minimum_gap_s"": 0.54, ""omega_scale"": 1.1832159566199232}, {""gap_distortion"": 1.406102426532101, ""minimum_gap"": 0.980485354969989, ""minimum_gap_s"": 0.56, ""omega_scale"": 1.4}]"
atlas,204,FyQAg,7,9,4,1,5,1,DcK,5,4,4,4,1,1,1.0,False,1.0,0.5637786382150942,0.56,0.5602245440237708,0.56,1.0063440529859624,"[{""gap_distortion"": 1.0063440529859624, ""minimum_gap"": 0.5602245440237708, ""minimum_gap_s"": 0.56, ""omega_scale"": 1.0}, {""gap_distortion"": 1.1774630418784484, ""minimum_gap"": 0.6638285102988342, ""minimum_gap_s"": 0.56, ""omega_scale"": 1.1832159566199232}, {""gap_distortion"": 1.3907456347109612, ""minimum_gap"": 0.7840726800409326, ""minimum_gap_s"": 0.5800000000000001, ""omega_scale"": 1.4}]"
atlas,205,Flec?,7,9,6,0,5,1,DhO,5,4,4,4,2,2,1.0,False,1.0,0.009950493836095475,0.98,0.00995049383597113,0.98,1.0000000000124964,"[{""gap_distortion"": 1.0000000000124964, ""minimum_gap"": 0.00995049383597113, ""minimum_gap_s"": 0.98, ""omega_scale"": 1.0}, {""gap_distortion"": 1.3972521041364874, ""minimum_gap"": 0.013903348449681552, ""minimum_gap_s"": 0.98, ""omega_scale"": 1.1832159566199232}, {""gap_distortion"": 1.9508172461759334, ""minimum_gap"": 0.019411594983422376, ""minimum_gap_s"": 0.98, ""omega_scale"": 1.4}]"
atlas,206,FJyGO,7,9,6,4,5,1,DJ_,5,4,3,3,6,6,1.0,False,1.0,0.00995051418249382,0.98,0.009950493836208274,0.98,1.000002044751334,"[{""gap_distortion"": 1.000002044751334, ""minimum_gap"": 0.009950493836208274, ""minimum_gap_s"": 0.98, ""omega_scale"": 1.0}, {""gap_distortion"": 1.3972492472186175, ""minimum_gap"": 0.013903348450927666, ""minimum_gap_s"": 0.98, ""omega_scale"": 1.1832159566199232}, {""gap_distortion"": 1.950813257884009, ""minimum_gap"": 0.019411594989971803, ""minimum_gap_s"": 0.98, ""omega_scale"": 1.4}]"
atlas,207,FjsGG,7,9,6,5,2,1,Djs,5,7,3,3,5,3,0.6,True,1.0,0.007337692719474376,0.98,0.007048484490313811,0.98,1.0410312641757247,"[{""gap_distortion"": 1.0410312641757247, ""minimum_gap"": 0.007048484490313811, ""minimum_gap_s"": 0.98, ""omega_scale"": 1.0}, {""gap_distortion"": 1.3431250948753972, ""minimum_gap"": 0.009855439230010532, ""minimum_gap_s"": 0.98, ""omega_scale"": 1.1832159566199232}, {""gap_distortion"": 1.8770891194131356, ""minimum_gap"": 0.013773503165322332, ""minimum_gap_s"": 0.98, ""omega_scale"": 1.4}]"
atlas,208,FhMgO,7,9,6,4,4,1,Dhg,5,5,4,4,1,1,1.0,False,1.0,0.548530024894341,0.54,0.5638397561332846,0.54,1.0279104707930848,"[{""gap_distortion"": 1.0279104707930848, ""minimum_gap"": 0.5638397561332846, ""minimum_gap_s"": 0.54, ""omega_scale"": 1.0}, {""gap_distortion"": 1.2194758674839394, ""minimum_gap"": 0.6689191279490134, ""minimum_gap_s"": 0.54, ""omega_scale"": 1.1832159566199232}, {""gap_distortion"": 1.438850703184173, ""minimum_gap"": 0.7892528120368545, ""minimum_gap_s"": 0.56, ""omega_scale"": 1.4}]"
atlas,209,FhMgG,7,9,6,5,4,1,DhK,5,5,3,3,6,5,0.8333333333333334,True,1.0,0.007251556088233357,0.98,0.008920767321670908,0.98,1.2301866265843375,"[{""gap_distortion"": 1.2301866265843375, ""minimum_gap"": 0.008920767321670908, ""minimum_gap_s"": 0.98, ""omega_scale"": 1.0}, {""gap_distortion"": 1.7191671332439509, ""minimum_gap"": 0.012466636891765859, ""minimum_gap_s"": 0.98, ""omega_scale"": 1.1832159566199232}, {""gap_distortion"": 2.400837037504226, ""minimum_gap"": 0.017409804436169907, ""minimum_gap_s"": 0.98, ""omega_scale"": 1.4}]"
atlas,210,FyaAg,7,9,4,0,4,1,Dok,5,5,4,4,1,1,1.0,False,1.0,0.6867278701542918,0.54,0.7031841094451774,0.56,1.023963261149119,"[{""gap_distortion"": 1.023963261149119, ""minimum_gap"": 0.7031841094451774, ""minimum_gap_s"": 0.56, ""omega_scale"": 1.0}, {""gap_distortion"": 1.2096825264717794, ""minimum_gap"": 0.8307227049668278, ""minimum_gap_s"": 0.56, ""omega_scale"": 1.1832159566199232}, {""gap_distortion"": 1.4321007533104688, ""minimum_gap"": 0.9834635001672551, ""minimum_gap_s"": 0.5800000000000001, ""omega_scale"": 1.4}]"
atlas,211,Fxea?,7,9,6,1,3,1,Dlo,5,6,3,3,6,4,0.6666666666666666,True,1.0,0.00721310439365741,0.98,0.005016257142206548,0.98,1.4379455018297793,"[{""gap_distortion"": 1.4379455018297793, ""minimum_gap"": 0.005016257142206548, ""minimum_gap_s"": 0.98, ""omega_scale"": 1.0}, {""gap_distortion"": 1.0258313090883648, ""minimum_gap"": 0.007031472260353944, ""minimum_gap_s"": 0.98, ""omega_scale"": 1.1832159566199232}, {""gap_distortion"": 1.3670438760251997, ""minimum_gap"": 0.009860630188479824, ""minimum_gap_s"": 0.98, ""omega_scale"": 1.4}]"
atlas,212,Fxe_O,7,9,6,4,3,1,Dxg,5,6,4,4,1,1,1.0,False,1.0,0.7142464175818353,0.54,0.6999671351879921,0.54,1.0203999326197053,"[{""gap_distortion"": 1.0203999326197053, ""minimum_gap"": 0.6999671351879921, ""minimum_gap_s"": 0.54, ""omega_scale"": 1.0}, {""gap_distortion"": 1.1600762929719213, ""minimum_gap"": 0.8285803363768103, ""minimum_gap_s"": 0.54, ""omega_scale"": 1.1832159566199232}, {""gap_distortion"": 1.3727550196044906, ""minimum_gap"": 0.9804853549699895, ""minimum_gap_s"": 0.56, ""omega_scale"": 1.4}]"
atlas,213,FJyH?,7,9,6,2,4,1,DMc,5,5,3,3,5,5,1.0,False,1.0,0.00892080572272036,0.98,0.008920767321669132,0.98,1.0000043046802862,"[{""gap_distortion"": 1.0000043046802862, ""minimum_gap"": 0.008920767321669132, ""minimum_gap_s"": 0.98, ""omega_scale"": 1.0}, {""gap_distortion"": 1.3974788017199906, ""minimum_gap"": 0.012466636891764082, ""minimum_gap_s"": 0.98, ""omega_scale"": 1.1832159566199232}, {""gap_distortion"": 1.951595514721982, ""minimum_gap"": 0.017409804436167242, ""minimum_gap_s"": 0.98, ""omega_scale"": 1.4}]"
atlas,214,Fle__,7,9,6,3,4,1,Dkg,5,5,4,4,1,1,1.0,False,1.0,0.5903184133103283,0.54,0.5638397561332846,0.54,1.0469613163829201,"[{""gap_distortion"": 1.0469613163829201, ""minimum_gap"": 0.5638397561332846, ""minimum_gap_s"": 0.54, ""omega_scale"": 1.0}, {""gap_distortion"": 1.1331496915332782, ""minimum_gap"": 0.6689191279490128, ""minimum_gap_s"": 0.54, ""omega_scale"": 1.1832159566199232}, {""gap_distortion"": 1.3369950762859688, ""minimum_gap"": 0.7892528120368545, ""minimum_gap_s"": 0.56, ""omega_scale"": 1.4}]"
atlas,215,Fle`?,7,9,6,2,4,1,Dt_,5,5,4,4,2,2,1.0,False,1.0,0.009950493911741631,0.98,0.009950493911694558,0.98,1.0000000000047307,"[{""gap_distortion"": 1.0000000000047307, ""minimum_gap"": 0.009950493911694558, ""minimum_gap_s"": 0.98, ""omega_scale"": 1.0}, {""gap_distortion"": 1.397252122388678, ""minimum_gap"": 0.013903348736996612, ""minimum_gap_s"": 0.98, ""omega_scale"": 1.1832159566199232}, {""gap_distortion"": 1.950817340375736, ""minimum_gap"": 0.019411596068328762, ""minimum_gap_s"": 0.98, ""omega_scale"": 1.4}]"
atlas,216,Fz@cO,7,9,4,6,2,1,DzW,5,7,4,4,1,1,1.0,False,1.0,0.646998558936611,0.52,0.7759408729688366,0.5,1.199293046717371,"[{""gap_distortion"": 1.199293046717371, ""minimum_gap"": 0.7759408729688366, ""minimum_gap_s"": 0.5, ""omega_scale"": 1.0}, {""gap_distortion"": 1.419022669539316, ""minimum_gap"": 0.9181056222903201, ""minimum_gap_s"": 0.5, ""omega_scale"": 1.1832159566199232}, {""gap_distortion"": 1.67901026540432, ""minimum_gap"": 1.0863172221563717, ""minimum_gap_s"": 0.5, ""omega_scale"": 1.4}]"
atlas,217,F?~q?,7,9,6,1,3,1,DFw,5,6,4,4,2,1,0.5,True,1.0,0.009950493836306862,0.98,0.5957518879526613,0.52,59.87159006911916,"[{""gap_distortion"": 59.87159006911916, ""minimum_gap"": 0.5957518879526613, ""minimum_gap_s"": 0.52, ""omega_scale"": 1.0}, {""gap_distortion"": 70.80628936012396, ""minimum_gap"": 0.7045575458496736, ""minimum_gap_s"": 0.52, ""omega_scale"": 1.1832159566199232}, {""gap_distortion"": 83.80079515853767, ""minimum_gap"": 0.8338592957026429, ""minimum_gap_s"": 0.52, ""omega_scale"": 1.4}]"
atlas,218,Fju?G,7,9,6,5,2,1,Djs,5,7,3,3,4,3,0.75,True,1.0,0.004991898065112466,0.98,0.007048484490313811,0.98,1.4119848599422495,"[{""gap_distortion"": 1.4119848599422495, ""minimum_gap"": 0.007048484490313811, ""minimum_gap_s"": 0.98, ""omega_scale"": 1.0}, {""gap_distortion"": 1.9742869548736455, ""minimum_gap"": 0.009855439230010532, ""minimum_gap_s"": 0.98, ""omega_scale"": 1.1832159566199232}, {""gap_distortion"": 2.7591715587269348, ""minimum_gap"": 0.013773503165322332, ""minimum_gap_s"": 0.98, ""omega_scale"": 1.4}]"
atlas,219,FhMi?,7,9,6,1,3,1,DJs,5,6,3,3,5,4,0.8,True,1.0,0.0060349696797468155,0.98,0.00923651502129097,0.98,1.5304989936052948,"[{""gap_distortion"": 1.5304989936052948, ""minimum_gap"": 0.00923651502129097, ""minimum_gap_s"": 0.98, ""omega_scale"": 1.0}, {""gap_distortion"": 2.137408229301694, ""minimum_gap"": 0.012899193857077051, ""minimum_gap_s"": 0.98, ""omega_scale"": 1.1832159566199232}, {""gap_distortion"": 2.982165505625518, ""minimum_gap"": 0.017997278406436834, ""minimum_gap_s"": 0.98, ""omega_scale"": 1.4}]"
atlas,220,FhMk?,7,9,6,0,3,1,DjS,5,6,4,4,1,1,1.0,False,1.0,0.6561106252414648,0.52,0.6999671351879921,0.54,1.0668431637277433,"[{""gap_distortion"": 1.0668431637277433, ""minimum_gap"": 0.6999671351879921, ""minimum_gap_s"": 0.54, ""omega_scale"": 1.0}, {""gap_distortion"": 1.262866816204771, ""minimum_gap"": 0.8285803363768103, ""minimum_gap_s"": 0.54, ""omega_scale"": 1.1832159566199232}, {""gap_distortion"": 1.4943903013446038, ""minimum_gap"": 0.980485354969989, ""minimum_gap_s"": 0.56, ""omega_scale"": 1.4}]"
atlas,221,FhMg_,7,9,6,3,3,1,Dhk,5,6,3,3,5,4,0.8,True,1.0,0.0036779569232425757,0.98,0.00501625714220566,0.98,1.363870552834862,"[{""gap_distortion"": 1.363870552834862, ""minimum_gap"": 0.00501625714220566, ""minimum_gap_s"": 0.98, ""omega_scale"": 1.0}, {""gap_distortion"": 1.9117875513764386, ""minimum_gap"": 0.007031472260353944, ""minimum_gap_s"": 0.98, ""omega_scale"": 1.1832159566199232}, {""gap_distortion"": 2.6810075251753887, ""minimum_gap"": 0.009860630188484265, ""minimum_gap_s"": 0.98, ""omega_scale"": 1.4}]"
atlas,222,FyIAg,7,9,4,2,3,1,Dk[,5,6,3,3,5,4,0.8,True,1.0,0.005418584254911707,0.98,0.0050162571422074365,0.98,1.0802046428838423,"[{""gap_distortion"": 1.0802046428838423, ""minimum_gap"": 0.0050162571422074365, ""minimum_gap_s"": 0.98, ""omega_scale"": 1.0}, {""gap_distortion"": 1.297658563485349, ""minimum_gap"": 0.0070314722603530555, ""minimum_gap_s"": 0.98, ""omega_scale"": 1.1832159566199232}, {""gap_distortion"": 1.8197798031002155, ""minimum_gap"": 0.009860630188485153, ""minimum_gap_s"": 0.98, ""omega_scale"": 1.4}]"
atlas,223,FhdW_,7,9,6,3,4,1,DkS,5,5,4,4,1,1,1.0,False,1.0,0.5572591332677372,0.54,0.5638397561332846,0.54,1.0118089098458718,"[{""gap_distortion"": 1.0118089098458718, ""minimum_gap"": 0.5638397561332846, ""minimum_gap_s"": 0.54, ""omega_scale"": 1.0}, {""gap_distortion"": 1.2003735569599516, ""minimum_gap"": 0.6689191279490134, ""minimum_gap_s"": 0.54, ""omega_scale"": 1.1832159566199232}, {""gap_distortion"": 1.416312025984606, ""minimum_gap"": 0.7892528120368545, ""minimum_gap_s"": 0.56, ""omega_scale"": 1.4}]"
atlas,224,Flea?,7,9,6,1,3,1,D\o,5,6,3,3,6,4,0.6666666666666666,True,1.0,0.005237252205893661,0.98,0.0050162571422074365,0.98,1.0440557685583427,"[{""gap_distortion"": 1.0440557685583427, ""minimum_gap"": 0.0050162571422074365, ""minimum_gap_s"": 0.98, ""omega_scale"": 1.0}, {""gap_distortion"": 1.3425880564701607, ""minimum_gap"": 0.007031472260354832, ""minimum_gap_s"": 0.98, ""omega_scale"": 1.1832159566199232}, {""gap_distortion"": 1.8827869655367455, ""minimum_gap"": 0.009860630188485153, ""minimum_gap_s"": 0.98, ""omega_scale"": 1.4}]"
atlas,225,FhNGO,7,9,6,4,4,1,Dho,5,5,3,3,5,5,1.0,False,1.0,0.008920784074851085,0.98,0.008920767321670908,0.98,1.0000018779976623,"[{""gap_distortion"": 1.0000018779976623, ""minimum_gap"": 0.008920767321670908, ""minimum_gap_s"": 0.98, ""omega_scale"": 1.0}, {""gap_distortion"": 1.3974821929509684, ""minimum_gap"": 0.01246663689176497, ""minimum_gap_s"": 0.98, ""omega_scale"": 1.1832159566199232}, {""gap_distortion"": 1.951600250616022, ""minimum_gap"": 0.017409804436170795, ""minimum_gap_s"": 0.98, ""omega_scale"": 1.4}]"
atlas,226,Fv@cO,7,9,4,6,2,1,DvW,5,7,3,3,5,3,0.6,True,1.0,0.002061731462823957,0.98,0.0049634494419033,0.98,2.4074180034604775,"[{""gap_distortion"": 2.4074180034604775, ""minimum_gap"": 0.0049634494419033, ""minimum_gap_s"": 0.98, ""omega_scale"": 1.0}, {""gap_distortion"": 3.360808481309056, ""minimum_gap"": 0.0069290845864404815, ""minimum_gap_s"": 0.98, ""omega_scale"": 1.1832159566199232}, {""gap_distortion"": 4.686815003228755, ""minimum_gap"": 0.00966295395259209, ""minimum_gap_s"": 0.98, ""omega_scale"": 1.4}]"
atlas,227,Fhfa?,7,9,6,1,4,1,DLo,5,5,3,3,5,5,1.0,False,1.0,0.0069198001041304025,0.98,0.006919808453939247,0.98,1.0000012066546315,"[{""gap_distortion"": 1.0000012066546315, ""minimum_gap"": 0.006919808453939247, ""minimum_gap_s"": 0.98, ""omega_scale"": 1.0}, {""gap_distortion"": 1.400732822357839, ""minimum_gap"": 0.009692791130010647, ""minimum_gap_s"": 0.98, ""omega_scale"": 1.1832159566199232}, {""gap_distortion"": 1.9623611359037654, ""minimum_gap"": 0.01357914679256833, ""minimum_gap_s"": 0.98, ""omega_scale"": 1.4}]"
atlas,228,FJyK?,7,9,6,0,3,1,D}C,5,6,3,3,4,4,1.0,False,1.0,0.009236513418866998,0.98,0.009236515021292746,0.98,1.0000001734881632,"[{""gap_distortion"": 1.0000001734881632, ""minimum_gap"": 0.009236515021292746, ""minimum_gap_s"": 0.98, ""omega_scale"": 1.0}, {""gap_distortion"": 1.3965436168507792, ""minimum_gap"": 0.012899193857075275, ""minimum_gap_s"": 0.98, ""omega_scale"": 1.1832159566199232}, {""gap_distortion"": 1.9484926389730042, ""minimum_gap"": 0.017997278406437722, ""minimum_gap_s"": 0.98, ""omega_scale"": 1.4}]"
atlas,229,FHS|?,7,9,0,6,2,1,Dl[,5,7,3,3,5,3,0.6,True,1.0,0.009910806504745295,0.98,0.0049634494419033,0.98,1.9967578235157495,"[{""gap_distortion"": 1.9967578235157495, ""minimum_gap"": 0.0049634494419033, ""minimum_gap_s"": 0.98, ""omega_scale"": 1.0}, {""gap_distortion"": 1.430319745863835, ""minimum_gap"": 0.006929084586439593, ""minimum_gap_s"": 0.98, ""omega_scale"": 1.1832159566199232}, {""gap_distortion"": 1.0256497705950083, ""minimum_gap"": 0.009662953952591202, ""minimum_gap_s"": 0.98, ""omega_scale"": 1.4}]"
atlas,230,Fhfc?,7,9,6,0,4,1,Dho,5,5,3,3,5,5,1.0,False,1.0,0.008920740507635472,0.98,0.008920767321670908,0.98,1.0000030058082525,"[{""gap_distortion"": 1.0000030058082525, ""minimum_gap"": 0.008920767321670908, ""minimum_gap_s"": 0.98, ""omega_scale"": 1.0}, {""gap_distortion"": 1.397489017990657, ""minimum_gap"": 0.01246663689176497, ""minimum_gap_s"": 0.98, ""omega_scale"": 1.1832159566199232}, {""gap_distortion"": 1.951609781863886, ""minimum_gap"": 0.017409804436170795, ""minimum_gap_s"": 0.98, ""omega_scale"": 1.4}]"
atlas,231,FhdWG,7,9,6,5,4,1,Dhc,5,5,3,3,6,5,0.8333333333333334,True,1.0,0.005584215820871208,0.98,0.006919808453941911,0.98,1.239172817798137,"[{""gap_distortion"": 1.239172817798137, ""minimum_gap"": 0.006919808453941911, ""minimum_gap_s"": 0.98, ""omega_scale"": 1.0}, {""gap_distortion"": 1.7357479440151729, ""minimum_gap"": 0.0096927911300142, ""minimum_gap_s"": 0.98, ""omega_scale"": 1.1832159566199232}, {""gap_distortion"": 2.4317016440907526, ""minimum_gap"": 0.013579146792570107, ""minimum_gap_s"": 0.98, ""omega_scale"": 1.4}]"
atlas,232,Fle_O,7,9,6,4,3,1,Dlg,5,6,4,4,1,1,1.0,False,1.0,0.6039635366862137,0.52,0.5957518879526613,0.52,1.0137836721957731,"[{""gap_distortion"": 1.0137836721957731, ""minimum_gap"": 0.5957518879526613, ""minimum_gap_s"": 0.52, ""omega_scale"": 1.0}, {""gap_distortion"": 1.1665564277528941, ""minimum_gap"": 0.7045575458496736, ""minimum_gap_s"": 0.52, ""omega_scale"": 1.1832159566199232}, {""gap_distortion"": 1.3806450970166273, ""minimum_gap"": 0.8338592957026429, ""minimum_gap_s"": 0.52, ""omega_scale"": 1.4}]"
atlas,233,FyAIg,7,9,4,5,3,1,DyS,5,6,3,3,5,4,0.8,True,1.0,0.007337752471258341,0.98,0.009950614128209523,0.98,1.3560847367345312,"[{""gap_distortion"": 1.3560847367345312, ""minimum_gap"": 0.009950614128209523, ""minimum_gap_s"": 0.98, ""omega_scale"": 1.0}, {""gap_distortion"": 1.8948136531541129, ""minimum_gap"": 0.013903673566005637, ""minimum_gap_s"": 0.98, ""omega_scale"": 1.1832159566199232}, {""gap_distortion"": 2.6455605593694034, ""minimum_gap"": 0.019412468532376437, ""minimum_gap_s"": 0.98, ""omega_scale"": 1.4}]"
atlas,234,FhUgG,7,9,6,5,4,1,DhS,5,5,4,4,1,1,1.0,False,1.0,0.45951933539332135,0.54,0.5638397561332846,0.54,1.227020742556287,"[{""gap_distortion"": 1.227020742556287, ""minimum_gap"": 0.5638397561332846, ""minimum_gap_s"": 0.54, ""omega_scale"": 1.0}, {""gap_distortion"": 1.4556931045707993, ""minimum_gap"": 0.6689191279490143, ""minimum_gap_s"": 0.54, ""omega_scale"": 1.1832159566199232}, {""gap_distortion"": 1.717561702515304, ""minimum_gap"": 0.789252812036854, ""minimum_gap_s"": 0.56, ""omega_scale"": 1.4}]"
atlas,235,FhdY?,7,9,6,1,4,1,DLK,5,5,4,4,1,1,1.0,False,1.0,0.6609776975793566,0.54,0.7031841094451778,0.56,1.0638545173617662,"[{""gap_distortion"": 1.0638545173617662, ""minimum_gap"": 0.7031841094451778, ""minimum_gap_s"": 0.56, ""omega_scale"": 1.0}, {""gap_distortion"": 1.2568089785920373, ""minimum_gap"": 0.8307227049668278, ""minimum_gap_s"": 0.56, ""omega_scale"": 1.1832159566199232}, {""gap_distortion"": 1.4878921085672199, ""minimum_gap"": 0.9834635001672551, ""minimum_gap_s"": 0.5800000000000001, ""omega_scale"": 1.4}]"
atlas,236,FJyG_,7,9,6,3,3,1,DNc,5,6,3,3,4,4,1.0,False,1.0,0.009950614132606006,0.98,0.0099506141282113,0.98,1.0000000004416518,"[{""gap_distortion"": 1.0000000004416518, ""minimum_gap"": 0.0099506141282113, ""minimum_gap_s"": 0.98, ""omega_scale"": 1.0}, {""gap_distortion"": 1.3972678852500482, ""minimum_gap"": 0.013903673566005637, ""minimum_gap_s"": 0.98, ""omega_scale"": 1.1832159566199232}, {""gap_distortion"": 1.95088145049913, ""minimum_gap"": 0.01941246853237555, ""minimum_gap_s"": 0.98, ""omega_scale"": 1.4}]"
atlas,237,F~AGO,7,9,6,4,2,1,D~_,5,7,3,3,3,3,1.0,False,1.0,0.014889246738604811,0.98,0.014889246735288353,0.98,1.0000000002227418,"[{""gap_distortion"": 1.0000000002227418, ""minimum_gap"": 0.014889246735288353, ""minimum_gap_s"": 0.98, ""omega_scale"": 1.0}, {""gap_distortion"": 1.3959239612364904, ""minimum_gap"": 0.020784256287180725, ""minimum_gap_s"": 0.98, ""omega_scale"": 1.1832159566199232}, {""gap_distortion"": 1.946420353458892, ""minimum_gap"": 0.02898073289969183, ""minimum_gap_s"": 0.98, ""omega_scale"": 1.4}]"
atlas,238,Fhd[?,7,9,6,0,3,1,Dhk,5,6,3,3,5,4,0.8,True,1.0,0.0036779392727641635,0.98,0.00501625714220566,0.98,1.3638770980673862,"[{""gap_distortion"": 1.3638770980673862, ""minimum_gap"": 0.00501625714220566, ""minimum_gap_s"": 0.98, ""omega_scale"": 1.0}, {""gap_distortion"": 1.911796726069766, ""minimum_gap"": 0.007031472260353944, ""minimum_gap_s"": 0.98, ""omega_scale"": 1.1832159566199232}, {""gap_distortion"": 2.6810203913653763, ""minimum_gap"": 0.009860630188484265, ""minimum_gap_s"": 0.98, ""omega_scale"": 1.4}]"
atlas,239,Fhf_O,7,9,6,4,3,1,Dhw,5,6,3,3,4,4,1.0,False,1.0,0.009236506060751104,0.98,0.009236515021291858,0.98,1.0000009701223271,"[{""gap_distortion"": 1.0000009701223271, ""minimum_gap"": 0.009236515021291858, ""minimum_gap_s"": 0.98, ""omega_scale"": 1.0}, {""gap_distortion"": 1.3965447293853657, ""minimum_gap"": 0.01289919385707794, ""minimum_gap_s"": 0.98, ""omega_scale"": 1.1832159566199232}, {""gap_distortion"": 1.9484941912088225, ""minimum_gap"": 0.01799727840643861, ""minimum_gap_s"": 0.98, ""omega_scale"": 1.4}]"
atlas,240,FhNK?,7,9,6,0,3,1,Djc,5,6,3,3,4,4,1.0,False,1.0,0.005016287896191685,0.98,0.00501625714220566,0.98,1.000006130863142,"[{""gap_distortion"": 1.000006130863142, ""minimum_gap"": 0.00501625714220566, ""minimum_gap_s"": 0.98, ""omega_scale"": 1.0}, {""gap_distortion"": 1.4017282113518754, ""minimum_gap"": 0.007031472260354832, ""minimum_gap_s"": 0.98, ""omega_scale"": 1.1832159566199232}, {""gap_distortion"": 1.9657225407597432, ""minimum_gap"": 0.009860630188484265, ""minimum_gap_s"": 0.98, ""omega_scale"": 1.4}]"
atlas,241,Fr@sO,7,9,4,6,2,1,Dr[,5,7,3,3,4,3,0.75,True,1.0,4.9383254372870056e-05,0.98,0.004963449441905077,0.98,100.50875554754596,"[{""gap_distortion"": 100.50875554754596, ""minimum_gap"": 0.004963449441905077, ""minimum_gap_s"": 0.98, ""omega_scale"": 1.0}, {""gap_distortion"": 140.31243332248167, ""minimum_gap"": 0.0069290845864404815, ""minimum_gap_s"": 0.98, ""omega_scale"": 1.1832159566199232}, {""gap_distortion"": 195.67268450211543, ""minimum_gap"": 0.009662953952590314, ""minimum_gap_s"": 0.98, ""omega_scale"": 1.4}]"
atlas,242,FhUk?,7,9,6,0,3,1,DlS,5,6,4,4,1,1,1.0,False,1.0,0.4577008170933681,0.54,0.5957518879526611,0.52,1.3016185807488552,"[{""gap_distortion"": 1.3016185807488552, ""minimum_gap"": 0.5957518879526611, ""minimum_gap_s"": 0.52, ""omega_scale"": 1.0}, {""gap_distortion"": 1.5393408085307128, ""minimum_gap"": 0.7045575458496731, ""minimum_gap_s"": 0.52, ""omega_scale"": 1.1832159566199232}, {""gap_distortion"": 1.8218435811368465, ""minimum_gap"": 0.8338592957026425, ""minimum_gap_s"": 0.52, ""omega_scale"": 1.4}]"
atlas,243,F~H`?,7,10,4,2,6,2,Dy?,5,4,4,4,2,2,1.0,False,1.0,0.00995055457840266,0.98,0.009950554578281867,0.98,1.0000000000121392,"[{""gap_distortion"": 1.0000000000121392, ""minimum_gap"": 0.009950554578281867, ""minimum_gap_s"": 0.98, ""omega_scale"": 1.0}, {""gap_distortion"": 1.3972601372414661, ""minimum_gap"": 0.0139035132558476, ""minimum_gap_s"": 0.98, ""omega_scale"": 1.1832159566199232}, {""gap_distortion"": 1.9508500777703586, ""minimum_gap"": 0.019412040173135026, ""minimum_gap_s"": 0.98, ""omega_scale"": 1.4}]"
atlas,243,F~H`?,7,10,6,2,6,2,DwO,5,4,4,4,2,2,1.0,False,1.0,0.00995055457840266,0.98,0.009950554578281867,0.98,1.0000000000121392,"[{""gap_distortion"": 1.0000000000121392, ""minimum_gap"": 0.009950554578281867, ""minimum_gap_s"": 0.98, ""omega_scale"": 1.0}, {""gap_distortion"": 1.3972601372419124, ""minimum_gap"": 0.01390351325585204, ""minimum_gap_s"": 0.98, ""omega_scale"": 1.1832159566199232}, {""gap_distortion"": 1.9508500777706264, ""minimum_gap"": 0.01941204017313769, ""minimum_gap_s"": 0.98, ""omega_scale"": 1.4}]"
atlas,244,F~Ha?,7,10,4,2,5,1,DyO,5,5,4,4,2,2,1.0,False,1.0,0.009950493987183506,0.98,0.00995049391169811,0.98,1.0000000075860953,"[{""gap_distortion"": 1.0000000075860953, ""minimum_gap"": 0.00995049391169811, ""minimum_gap_s"": 0.98, ""omega_scale"": 1.0}, {""gap_distortion"": 1.397252111795012, ""minimum_gap"": 0.013903348736995724, ""minimum_gap_s"": 0.98, ""omega_scale"": 1.1832159566199232}, {""gap_distortion"": 1.950817325584825, ""minimum_gap"": 0.01941159606832521, ""minimum_gap_s"": 0.98, ""omega_scale"": 1.4}]"
atlas,244,F~Ha?,7,10,6,1,5,1,DyO,5,5,4,4,2,2,1.0,False,1.0,0.009950493987183506,0.98,0.00995049391169811,0.98,1.0000000075860953,"[{""gap_distortion"": 1.0000000075860953, ""minimum_gap"": 0.00995049391169811, ""minimum_gap_s"": 0.98, ""omega_scale"": 1.0}, {""gap_distortion"": 1.397252111795012, ""minimum_gap"": 0.013903348736995724, ""minimum_gap_s"": 0.98, ""omega_scale"": 1.1832159566199232}, {""gap_distortion"": 1.950817325584825, ""minimum_gap"": 0.01941159606832521, ""minimum_gap_s"": 0.98, ""omega_scale"": 1.4}]"
atlas,245,F~`a?,7,10,4,0,4,1,D}_,5,6,4,4,1,1,1.0,False,1.0,0.6964458487382856,0.56,0.6999671351879921,0.54,1.005056080750694,"[{""gap_distortion"": 1.005056080750694, ""minimum_gap"": 0.6999671351879921, ""minimum_gap_s"": 0.54, ""omega_scale"": 1.0}, {""gap_distortion"": 1.1897268651653323, ""minimum_gap"": 0.8285803363768098, ""minimum_gap_s"": 0.54, ""omega_scale"": 1.1832159566199232}, {""gap_distortion"": 1.4078414807788464, ""minimum_gap"": 0.9804853549699886, ""minimum_gap_s"": 0.56, ""omega_scale"": 1.4}]"
atlas,245,F~`a?,7,10,6,1,5,1,D{O,5,5,4,4,1,1,1.0,False,1.0,0.6964458487382856,0.56,0.7031841094451778,0.56,1.0096752112444918,"[{""gap_distortion"": 1.0096752112444918, ""minimum_gap"": 0.7031841094451778, ""minimum_gap_s"": 0.56, ""omega_scale"": 1.0}, {""gap_distortion"": 1.192803010416107, ""minimum_gap"": 0.8307227049668278, ""minimum_gap_s"": 0.56, ""omega_scale"": 1.1832159566199232}, {""gap_distortion"": 1.4121176857453372, ""minimum_gap"": 0.9834635001672551, ""minimum_gap_s"": 0.5800000000000001, ""omega_scale"": 1.4}]"
atlas,246,F~`c?,7,10,4,0,5,2,D}?,5,5,4,4,1,1,1.0,False,1.0,0.6357337388836122,0.56,0.6319949108691676,0.56,1.0059159147489063,"[{""gap_distortion"": 1.0059159147489063, ""minimum_gap"": 0.6319949108691676, ""minimum_gap_s"": 0.56, ""omega_scale"": 1.0}, {""gap_distortion"": 1.177086880762477, ""minimum_gap"": 0.7483138436979782, ""minimum_gap_s"": 0.5800000000000001, ""omega_scale"": 1.1832159566199232}, {""gap_distortion"": 1.3927941495561174, ""minimum_gap"": 0.8854462321925314, ""minimum_gap_s"": 0.5800000000000001, ""omega_scale"": 1.4}]"
atlas,246,F~`c?,7,10,6,0,5,2,Dwo,5,5,4,4,1,1,1.0,False,1.0,0.6357337388836122,0.56,0.6319949108691685,0.56,1.0059159147489047,"[{""gap_distortion"": 1.0059159147489047, ""minimum_gap"": 0.6319949108691685, ""minimum_gap_s"": 0.56, ""omega_scale"": 1.0}, {""gap_distortion"": 1.177086880762477, ""minimum_gap"": 0.7483138436979782, ""minimum_gap_s"": 0.5800000000000001, ""omega_scale"": 1.1832159566199232}, {""gap_distortion"": 1.392794149556118, ""minimum_gap"": 0.8854462321925318, ""minimum_gap_s"": 0.5800000000000001, ""omega_scale"": 1.4}]"
atlas,247,F~`__,7,10,4,0,4,1,D}G,5,6,3,3,5,4,0.8,True,1.0,0.009312356888658613,0.98,0.009236515021292746,0.98,1.0082110912168745,"[{""gap_distortion"": 1.0082110912168745, ""minimum_gap"": 0.009236515021292746, ""minimum_gap_s"": 0.98, ""omega_scale"": 1.0}, {""gap_distortion"": 1.3851696204625727, ""minimum_gap"": 0.012899193857075275, ""minimum_gap_s"": 0.98, ""omega_scale"": 1.1832159566199232}, {""gap_distortion"": 1.932623354282585, ""minimum_gap"": 0.017997278406435946, ""minimum_gap_s"": 0.98, ""omega_scale"": 1.4}]"
atlas,247,F~`__,7,10,6,3,4,1,D{W,5,6,3,3,5,4,0.8,True,1.0,0.009312356888658613,0.98,0.009236515021292746,0.98,1.0082110912168745,"[{""gap_distortion"": 1.0082110912168745, ""minimum_gap"": 0.009236515021292746, ""minimum_gap_s"": 0.98, ""omega_scale"": 1.0}, {""gap_distortion"": 1.3851696204625727, ""minimum_gap"": 0.012899193857075275, ""minimum_gap_s"": 0.98, ""omega_scale"": 1.1832159566199232}, {""gap_distortion"": 1.9326233542828712, ""minimum_gap"": 0.01799727840643861, ""minimum_gap_s"": 0.98, ""omega_scale"": 1.4}]"
atlas,248,Fl{GO,7,10,5,4,6,2,Dl?,5,4,4,4,2,2,1.0,False,1.0,4.938209904281621e-05,0.98,4.9382098920247586e-05,0.98,1.0000000024820457,"[{""gap_distortion"": 1.0000000024820457, ""minimum_gap"": 4.9382098920247586e-05, ""minimum_gap_s"": 0.98, ""omega_scale"": 1.0}, {""gap_distortion"": 1.9503451578051207, ""minimum_gap"": 9.631213775040948e-05, ""minimum_gap_s"": 0.98, ""omega_scale"": 1.1832159566199232}, {""gap_distortion"": 3.7964685134329823, ""minimum_gap"": 0.00018747758414328075, ""minimum_gap_s"": 0.98, ""omega_scale"": 1.4}]"
atlas,248,Fl{GO,7,10,6,4,6,2,Dl?,5,4,4,4,2,2,1.0,False,1.0,4.938209904281621e-05,0.98,4.9382098920247586e-05,0.98,1.0000000024820457,"[{""gap_distortion"": 1.0000000024820457, ""minimum_gap"": 4.9382098920247586e-05, ""minimum_gap_s"": 0.98, ""omega_scale"": 1.0}, {""gap_distortion"": 1.9503451578051207, ""minimum_gap"": 9.631213775040948e-05, ""minimum_gap_s"": 0.98, ""omega_scale"": 1.1832159566199232}, {""gap_distortion"": 3.7964685134329823, ""minimum_gap"": 0.00018747758414328075, ""minimum_gap_s"": 0.98, ""omega_scale"": 1.4}]"
atlas,249,FZSw_,7,10,0,2,4,1,DzO,5,6,4,4,1,1,1.0,False,1.0,0.5678957243672869,0.54,0.6999671351879921,0.54,1.2325627842467926,"[{""gap_distortion"": 1.2325627842467926, ""minimum_gap"": 0.6999671351879921, ""minimum_gap_s"": 0.54, ""omega_scale"": 1.0}, {""gap_distortion"": 1.459036053317643, ""minimum_gap"": 0.8285803363768103, ""minimum_gap_s"": 0.54, ""omega_scale"": 1.1832159566199232}, {""gap_distortion"": 1.7265235727252273, ""minimum_gap"": 0.980485354969989, ""minimum_gap_s"": 0.56, ""omega_scale"": 1.4}]"
atlas,249,FZSw_,7,10,6,3,5,1,DYK,5,5,4,4,1,1,1.0,False,1.0,0.5678957243672869,0.54,0.5638397561332846,0.54,1.0071934768520356,"[{""gap_distortion"": 1.0071934768520356, ""minimum_gap"": 0.5638397561332846, ""minimum_gap_s"": 0.54, ""omega_scale"": 1.0}, {""gap_distortion"": 1.1778907627703683, ""minimum_gap"": 0.6689191279490143, ""minimum_gap_s"": 0.54, ""omega_scale"": 1.1832159566199232}, {""gap_distortion"": 1.389784740704272, ""minimum_gap"": 0.7892528120368545, ""minimum_gap_s"": 0.56, ""omega_scale"": 1.4}]"
atlas,250,F~@h?,7,10,4,5,3,1,D~G,5,7,3,3,5,3,0.6,True,1.0,0.008920810263274959,0.98,0.014889246735287465,0.98,1.6690464538387577,"[{""gap_distortion"": 1.6690464538387577, ""minimum_gap"": 0.014889246735287465, ""minimum_gap_s"": 0.98, ""omega_scale"": 1.0}, {""gap_distortion"": 2.329861937849612, ""minimum_gap"": 0.0207842562871825, ""minimum_gap_s"": 0.98, ""omega_scale"": 1.1832159566199232}, {""gap_distortion"": 3.2486659893439525, ""minimum_gap"": 0.02898073289969183, ""minimum_gap_s"": 0.98, ""omega_scale"": 1.4}]"
atlas,250,F~@h?,7,10,6,2,5,1,DwS,5,5,3,3,5,5,1.0,False,1.0,0.008920810263274959,0.98,0.008920767321670908,0.98,1.0000048136670874,"[{""gap_distortion"": 1.0000048136670874, ""minimum_gap"": 0.008920767321670908, ""minimum_gap_s"": 0.98, ""omega_scale"": 1.0}, {""gap_distortion"": 1.3974780904249708, ""minimum_gap"": 0.01246663689176497, ""minimum_gap_s"": 0.98, ""omega_scale"": 1.1832159566199232}, {""gap_distortion"": 1.951594521390216, ""minimum_gap"": 0.01740980443616902, ""minimum_gap_s"": 0.98, ""omega_scale"": 1.4}]"
atlas,251,FZSx?,7,10,0,2,5,2,Dz?,5,5,4,4,1,1,1.0,False,1.0,0.6225859866409333,0.56,0.631994910869168,0.56,1.0151126501882881,"[{""gap_distortion"": 1.0151126501882881, ""minimum_gap"": 0.631994910869168, ""minimum_gap_s"": 0.56, ""omega_scale"": 1.0}, {""gap_distortion"": 1.2019445663006167, ""minimum_gap"": 0.7483138436979782, ""minimum_gap_s"": 0.5800000000000001, ""omega_scale"": 1.1832159566199232}, {""gap_distortion"": 1.422207134744263, ""minimum_gap"": 0.8854462321925318, ""minimum_gap_s"": 0.5800000000000001, ""omega_scale"": 1.4}]"
atlas,251,FZSx?,7,10,6,2,5,2,DJK,5,5,4,4,1,1,1.0,False,1.0,0.6225859866409333,0.56,0.6319949108691676,0.56,1.0151126501882874,"[{""gap_distortion"": 1.0151126501882874, ""minimum_gap"": 0.6319949108691676, ""minimum_gap_s"": 0.56, ""omega_scale"": 1.0}, {""gap_distortion"": 1.2019445663006159, ""minimum_gap"": 0.7483138436979777, ""minimum_gap_s"": 0.5800000000000001, ""omega_scale"": 1.1832159566199232}, {""gap_distortion"": 1.422207134744263, ""minimum_gap"": 0.8854462321925318, ""minimum_gap_s"": 0.5800000000000001, ""omega_scale"": 1.4}]"
atlas,252,FxqgG,7,10,3,2,4,1,D|C,5,6,3,3,5,4,0.8,True,1.0,0.008369378554622386,0.98,0.009236515021294522,0.98,1.1036082262276472,"[{""gap_distortion"": 1.1036082262276472, ""minimum_gap"": 0.009236515021294522, ""minimum_gap_s"": 0.98, ""omega_scale"": 1.0}, {""gap_distortion"": 1.5412367564557075, ""minimum_gap"": 0.012899193857076163, ""minimum_gap_s"": 0.98, ""omega_scale"": 1.1832159566199232}, {""gap_distortion"": 2.1503721320499936, ""minimum_gap"": 0.017997278406436834, ""minimum_gap_s"": 0.98, ""omega_scale"": 1.4}]"
atlas,252,FxqgG,7,10,6,5,4,1,Dxo,5,6,3,3,5,4,0.8,True,1.0,0.008369378554622386,0.98,0.009236515021294522,0.98,1.1036082262276472,"[{""gap_distortion"": 1.1036082262276472, ""minimum_gap"": 0.009236515021294522, ""minimum_gap_s"": 0.98, ""omega_scale"": 1.0}, {""gap_distortion"": 1.5412367564558136, ""minimum_gap"": 0.012899193857077051, ""minimum_gap_s"": 0.98, ""omega_scale"": 1.1832159566199232}, {""gap_distortion"": 2.1503721320498874, ""minimum_gap"": 0.017997278406435946, ""minimum_gap_s"": 0.98, ""omega_scale"": 1.4}]"
atlas,253,F~`_G,7,10,4,0,4,1,D}C,5,6,3,3,4,4,1.0,False,1.0,0.009236572788212882,0.98,0.009236515021292746,0.98,1.0000062541900276,"[{""gap_distortion"": 1.0000062541900276, ""minimum_gap"": 0.009236515021292746, ""minimum_gap_s"": 0.98, ""omega_scale"": 1.0}, {""gap_distortion"": 1.3965346403740133, ""minimum_gap"": 0.012899193857075275, ""minimum_gap_s"": 0.98, ""omega_scale"": 1.1832159566199232}, {""gap_distortion"": 1.9484801147677508, ""minimum_gap"": 0.017997278406437722, ""minimum_gap_s"": 0.98, ""omega_scale"": 1.4}]"
atlas,253,F~`_G,7,10,6,5,3,1,D~_,5,7,3,3,4,3,0.75,True,1.0,0.009236572788212882,0.98,0.014889246735288353,0.98,1.611988242466843,"[{""gap_distortion"": 1.611988242466843, ""minimum_gap"": 0.014889246735288353, ""minimum_gap_s"": 0.98, ""omega_scale"": 1.0}, {""gap_distortion"": 2.2502130133921807, ""minimum_gap"": 0.020784256287180725, ""minimum_gap_s"": 0.98, ""omega_scale"": 1.1832159566199232}, {""gap_distortion"": 3.137606725372767, ""minimum_gap"": 0.02898073289969183, ""minimum_gap_s"": 0.98, ""omega_scale"": 1.4}]"
atlas,254,FZSwO,7,10,0,2,4,1,DzG,5,6,4,4,1,1,1.0,False,1.0,0.67469043515975,0.54,0.6999671351879921,0.54,1.037464144607678,"[{""gap_distortion"": 1.037464144607678, ""minimum_gap"": 0.6999671351879921, ""minimum_gap_s"": 0.54, ""omega_scale"": 1.0}, {""gap_distortion"": 1.2280896440759872, ""minimum_gap"": 0.8285803363768103, ""minimum_gap_s"": 0.54, ""omega_scale"": 1.1832159566199232}, {""gap_distortion"": 1.4532373720961886, ""minimum_gap"": 0.980485354969989, ""minimum_gap_s"": 0.56, ""omega_scale"": 1.4}]"
atlas,254,FZSwO,7,10,6,4,4,1,DZK,5,6,4,4,1,1,1.0,False,1.0,0.67469043515975,0.54,0.6999671351879921,0.54,1.037464144607678,"[{""gap_distortion"": 1.037464144607678, ""minimum_gap"": 0.6999671351879921, ""minimum_gap_s"": 0.54, ""omega_scale"": 1.0}, {""gap_distortion"": 1.2280896440759872, ""minimum_gap"": 0.8285803363768103, ""minimum_gap_s"": 0.54, ""omega_scale"": 1.1832159566199232}, {""gap_distortion"": 1.4532373720961889, ""minimum_gap"": 0.9804853549699892, ""minimum_gap_s"": 0.56, ""omega_scale"": 1.4}]"
atlas,255,F~@gG,7,10,4,5,4,2,D~?,5,6,3,3,4,4,1.0,False,1.0,0.019803887419155508,0.98,0.01980390271855459,0.98,1.0000007725452462,"[{""gap_distortion"": 1.0000007725452462, ""minimum_gap"": 0.01980390271855459, ""minimum_gap_s"": 0.98, ""omega_scale"": 1.0}, {""gap_distortion"": 1.394605296861748, ""minimum_gap"": 0.027618606293208003, ""minimum_gap_s"": 0.98, ""omega_scale"": 1.1832159566199232}, {""gap_distortion"": 1.9420630932576595, ""minimum_gap"": 0.038460398859771594, ""minimum_gap_s"": 0.98, ""omega_scale"": 1.4}]"
atlas,255,F~@gG,7,10,6,5,4,2,D~?,5,6,3,3,4,4,1.0,False,1.0,0.019803887419155508,0.98,0.01980390271855459,0.98,1.0000007725452462,"[{""gap_distortion"": 1.0000007725452462, ""minimum_gap"": 0.01980390271855459, ""minimum_gap_s"": 0.98, ""omega_scale"": 1.0}, {""gap_distortion"": 1.394605296861748, ""minimum_gap"": 0.027618606293208003, ""minimum_gap_s"": 0.98, ""omega_scale"": 1.1832159566199232}, {""gap_distortion"": 1.9420630932576595, ""minimum_gap"": 0.038460398859771594, ""minimum_gap_s"": 0.98, ""omega_scale"": 1.4}]"
atlas,256,F?~wG,7,10,6,5,6,1,D?{,5,4,5,5,1,1,1.0,False,1.0,0.9040559731128976,0.46,0.9347560842189921,0.48000000000000004,1.033958197300977,"[{""gap_distortion"": 1.033958197300977, ""minimum_gap"": 0.9347560842189921, ""minimum_gap_s"": 0.48000000000000004, ""omega_scale"": 1.0}, {""gap_distortion"": 1.224135757286274, ""minimum_gap"": 1.1066872432757364, ""minimum_gap_s"": 0.48000000000000004, ""omega_scale"": 1.1832159566199232}, {""gap_distortion"": 1.4474254880116033, ""minimum_gap"": 1.3085536580727408, ""minimum_gap_s"": 0.46, ""omega_scale"": 1.4}]"
atlas,257,F|ec?,7,10,6,0,6,1,DhO,5,4,4,4,2,2,1.0,False,1.0,0.00995049383610258,0.98,0.00995049383597113,0.98,1.0000000000132105,"[{""gap_distortion"": 1.0000000000132105, ""minimum_gap"": 0.00995049383597113, ""minimum_gap_s"": 0.98, ""omega_scale"": 1.0}, {""gap_distortion"": 1.3972521041354897, ""minimum_gap"": 0.013903348449681552, ""minimum_gap_s"": 0.98, ""omega_scale"": 1.1832159566199232}, {""gap_distortion"": 1.9508172461745403, ""minimum_gap"": 0.019411594983422376, ""minimum_gap_s"": 0.98, ""omega_scale"": 1.4}]"
atlas,258,F|e`?,7,10,6,2,5,1,Dt_,5,5,4,4,2,2,1.0,False,1.0,0.009950493911741631,0.98,0.009950493911694558,0.98,1.0000000000047307,"[{""gap_distortion"": 1.0000000000047307, ""minimum_gap"": 0.009950493911694558, ""minimum_gap_s"": 0.98, ""omega_scale"": 1.0}, {""gap_distortion"": 1.397252122388678, ""minimum_gap"": 0.013903348736996612, ""minimum_gap_s"": 0.98, ""omega_scale"": 1.1832159566199232}, {""gap_distortion"": 1.950817340375736, ""minimum_gap"": 0.019411596068328762, ""minimum_gap_s"": 0.98, ""omega_scale"": 1.4}]"
atlas,259,F?~y?,7,10,6,1,3,1,DF{,5,7,4,4,2,1,0.5,True,1.0,0.009950493836299756,0.98,0.7759408729688366,0.5,77.9801370398499,"[{""gap_distortion"": 77.9801370398499, ""minimum_gap"": 0.7759408729688366, ""minimum_gap_s"": 0.5, ""omega_scale"": 1.0}, {""gap_distortion"": 92.26734244495869, ""minimum_gap"": 0.9181056222903203, ""minimum_gap_s"": 0.5, ""omega_scale"": 1.1832159566199232}, {""gap_distortion"": 109.17219185578985, ""minimum_gap"": 1.0863172221563713, ""minimum_gap_s"": 0.5, ""omega_scale"": 1.4}]"
atlas,260,F|e__,7,10,6,3,4,1,D{g,5,6,4,4,1,1,1.0,False,1.0,0.713201623034329,0.54,0.6999671351879921,0.54,1.0189072989016583,"[{""gap_distortion"": 1.0189072989016583, ""minimum_gap"": 0.6999671351879921, ""minimum_gap_s"": 0.54, ""omega_scale"": 1.0}, {""gap_distortion"": 1.1617757301947806, ""minimum_gap"": 0.8285803363768103, ""minimum_gap_s"": 0.54, ""omega_scale"": 1.1832159566199232}, {""gap_distortion"": 1.3747660174951608, ""minimum_gap"": 0.9804853549699895, ""minimum_gap_s"": 0.56, ""omega_scale"": 1.4}]"
atlas,261,FyuK?,7,10,6,0,5,1,DtC,5,5,4,4,1,1,1.0,False,1.0,0.7025838971890881,0.56,0.7031841094451774,0.56,1.0008542926453206,"[{""gap_distortion"": 1.0008542926453206, ""minimum_gap"": 0.7031841094451774, ""minimum_gap_s"": 0.56, ""omega_scale"": 1.0}, {""gap_distortion"": 1.1823822155480648, ""minimum_gap"": 0.8307227049668278, ""minimum_gap_s"": 0.56, ""omega_scale"": 1.1832159566199232}, {""gap_distortion"": 1.3997808718672828, ""minimum_gap"": 0.9834635001672551, ""minimum_gap_s"": 0.5800000000000001, ""omega_scale"": 1.4}]"
atlas,262,FyVI?,7,10,6,1,6,1,D`c,5,4,4,4,1,1,1.0,False,1.0,0.5589245937946536,0.56,0.5602245440237708,0.56,1.0023258060989793,"[{""gap_distortion"": 1.0023258060989793, ""minimum_gap"": 0.5602245440237708, ""minimum_gap_s"": 0.56, ""omega_scale"": 1.0}, {""gap_distortion"": 1.187688854040161, ""minimum_gap"": 0.6638285102988346, ""minimum_gap_s"": 0.56, ""omega_scale"": 1.1832159566199232}, {""gap_distortion"": 1.4028237238903773, ""minimum_gap"": 0.7840726800409326, ""minimum_gap_s"": 0.5800000000000001, ""omega_scale"": 1.4}]"
atlas,263,F~aK?,7,10,6,0,6,1,DwC,5,4,3,3,6,6,1.0,False,1.0,0.009950494058806214,0.98,0.00995049383620561,0.98,1.0000000223708096,"[{""gap_distortion"": 1.0000000223708096, ""minimum_gap"": 0.00995049383620561, ""minimum_gap_s"": 0.98, ""omega_scale"": 1.0}, {""gap_distortion"": 1.397252072988415, ""minimum_gap"": 0.01390334845092589, ""minimum_gap_s"": 0.98, ""omega_scale"": 1.1832159566199232}, {""gap_distortion"": 1.9508172031715392, ""minimum_gap"": 0.019411594989975356, ""minimum_gap_s"": 0.98, ""omega_scale"": 1.4}]"
atlas,264,FlfO_,7,10,6,3,5,1,Dko,5,5,4,4,1,1,1.0,False,1.0,0.6819327094641039,0.54,0.7031841094451778,0.56,1.0311634853206768,"[{""gap_distortion"": 1.0311634853206768, ""minimum_gap"": 0.7031841094451778, ""minimum_gap_s"": 0.56, ""omega_scale"": 1.0}, {""gap_distortion"": 1.2181886767385748, ""minimum_gap"": 0.8307227049668278, ""minimum_gap_s"": 0.56, ""omega_scale"": 1.1832159566199232}, {""gap_distortion"": 1.442170886538217, ""minimum_gap"": 0.9834635001672551, ""minimum_gap_s"": 0.5800000000000001, ""omega_scale"": 1.4}]"
atlas,265,F|e_G,7,10,6,5,3,1,D|c,5,7,3,3,5,3,0.6,True,1.0,0.007337684673220934,0.98,0.007048484490313811,0.98,1.0410301226177838,"[{""gap_distortion"": 1.0410301226177838, ""minimum_gap"": 0.007048484490313811, ""minimum_gap_s"": 0.98, ""omega_scale"": 1.0}, {""gap_distortion"": 1.3431265677005695, ""minimum_gap"": 0.009855439230012308, ""minimum_gap_s"": 0.98, ""omega_scale"": 1.1832159566199232}, {""gap_distortion"": 1.8770911777639818, ""minimum_gap"": 0.013773503165317003, ""minimum_gap_s"": 0.98, ""omega_scale"": 1.4}]"
atlas,266,F^eG_,7,10,6,3,5,1,D[c,5,5,3,3,5,5,1.0,False,1.0,0.008920786587882645,0.98,0.008920767321670908,0.98,1.0000021597034248,"[{""gap_distortion"": 1.0000021597034248, ""minimum_gap"": 0.008920767321670908, ""minimum_gap_s"": 0.98, ""omega_scale"": 1.0}, {""gap_distortion"": 1.3974817992731314, ""minimum_gap"": 0.012466636891765859, ""minimum_gap_s"": 0.98, ""omega_scale"": 1.1832159566199232}, {""gap_distortion"": 1.9515997008396748, ""minimum_gap"": 0.017409804436166354, ""minimum_gap_s"": 0.98, ""omega_scale"": 1.4}]"
atlas,267,FyVK?,7,10,6,0,4,1,Dtc,5,6,4,4,1,1,1.0,False,1.0,0.6739975714252053,0.54,0.6999671351879928,0.54,1.038530648868472,"[{""gap_distortion"": 1.038530648868472, ""minimum_gap"": 0.6999671351879928, ""minimum_gap_s"": 0.54, ""omega_scale"": 1.0}, {""gap_distortion"": 1.229352109718631, ""minimum_gap"": 0.8285803363768098, ""minimum_gap_s"": 0.54, ""omega_scale"": 1.1832159566199232}, {""gap_distortion"": 1.454731287676152, ""minimum_gap"": 0.9804853549699881, ""minimum_gap_s"": 0.56, ""omega_scale"": 1.4}]"
atlas,268,FPzp?,7,10,6,2,5,1,DEw,5,5,4,4,1,1,1.0,False,1.0,0.569767933224224,0.54,0.5638397561332846,0.54,1.0105139395128748,"[{""gap_distortion"": 1.0105139395128748, ""minimum_gap"": 0.5638397561332846, ""minimum_gap_s"": 0.54, ""omega_scale"": 1.0}, {""gap_distortion"": 1.1740203141368604, ""minimum_gap"": 0.6689191279490132, ""minimum_gap_s"": 0.54, ""omega_scale"": 1.1832159566199232}, {""gap_distortion"": 1.3852180265228358, ""minimum_gap"": 0.7892528120368545, ""minimum_gap_s"": 0.56, ""omega_scale"": 1.4}]"
atlas,269,F~@`O,7,10,4,6,2,1,D~W,5,8,3,3,4,2,0.5,True,1.0,0.009950493836203833,0.98,0.009950615471440827,0.98,1.0000122240402332,"[{""gap_distortion"": 1.0000122240402332, ""minimum_gap"": 0.009950615471440827, ""minimum_gap_s"": 0.98, ""omega_scale"": 1.0}, {""gap_distortion"": 1.3972852867774128, ""minimum_gap"": 0.013903678633496952, ""minimum_gap_s"": 0.98, ""omega_scale"": 1.1832159566199232}, {""gap_distortion"": 1.950906943458201, ""minimum_gap"": 0.01941248751588809, ""minimum_gap_s"": 0.98, ""omega_scale"": 1.4}]"
atlas,270,Fxf`?,7,10,6,2,5,1,Ddo,5,5,3,3,5,5,1.0,False,1.0,0.008920742996710196,0.98,0.008920767321672685,0.98,1.0000027267866025,"[{""gap_distortion"": 1.0000027267866025, ""minimum_gap"": 0.008920767321672685, ""minimum_gap_s"": 0.98, ""omega_scale"": 1.0}, {""gap_distortion"": 1.3974886280619587, ""minimum_gap"": 0.012466636891765859, ""minimum_gap_s"": 0.98, ""omega_scale"": 1.1832159566199232}, {""gap_distortion"": 1.9516092373235536, ""minimum_gap"": 0.01740980443616902, ""minimum_gap_s"": 0.98, ""omega_scale"": 1.4}]"
atlas,271,FyVGG,7,10,6,5,4,1,DyS,5,6,3,3,5,4,0.8,True,1.0,0.007337763350200532,0.98,0.009950614128209523,0.98,1.3560827262080597,"[{""gap_distortion"": 1.3560827262080597, ""minimum_gap"": 0.009950614128209523, ""minimum_gap_s"": 0.98, ""omega_scale"": 1.0}, {""gap_distortion"": 1.8948108439100404, ""minimum_gap"": 0.013903673566005637, ""minimum_gap_s"": 0.98, ""omega_scale"": 1.1832159566199232}, {""gap_distortion"": 2.6455566370706025, ""minimum_gap"": 0.019412468532376437, ""minimum_gap_s"": 0.98, ""omega_scale"": 1.4}]"
atlas,272,F|e_O,7,10,6,4,3,1,D|g,5,7,4,4,1,1,1.0,False,1.0,0.6885733991158669,0.54,0.7759408729688364,0.5,1.126881860329124,"[{""gap_distortion"": 1.126881860329124, ""minimum_gap"": 0.7759408729688364, ""minimum_gap_s"": 0.5, ""omega_scale"": 1.0}, {""gap_distortion"": 1.3333445983669634, ""minimum_gap"": 0.9181056222903203, ""minimum_gap_s"": 0.5, ""omega_scale"": 1.1832159566199232}, {""gap_distortion"": 1.5776346044607736, ""minimum_gap"": 1.086317222156371, ""minimum_gap_s"": 0.5, ""omega_scale"": 1.4}]"
atlas,273,F^MG_,7,10,6,3,5,1,DXc,5,5,4,4,1,1,1.0,False,1.0,0.5416854899505246,0.54,0.5638397561332846,0.54,1.040898762462298,"[{""gap_distortion"": 1.040898762462298, ""minimum_gap"": 0.5638397561332846, ""minimum_gap_s"": 0.54, ""omega_scale"": 1.0}, {""gap_distortion"": 1.2348847077482374, ""minimum_gap"": 0.6689191279490143, ""minimum_gap_s"": 0.54, ""omega_scale"": 1.1832159566199232}, {""gap_distortion"": 1.4570314816978793, ""minimum_gap"": 0.7892528120368545, ""minimum_gap_s"": 0.56, ""omega_scale"": 1.4}]"
atlas,274,F~aH?,7,10,6,2,4,1,D{c,5,6,3,3,4,4,1.0,False,1.0,0.009950614129666135,0.98,0.0099506141282113,0.98,1.0000000001462057,"[{""gap_distortion"": 1.0000000001462057, ""minimum_gap"": 0.0099506141282113, ""minimum_gap_s"": 0.98, ""omega_scale"": 1.0}, {""gap_distortion"": 1.3972678856628655, ""minimum_gap"": 0.013903673566005637, ""minimum_gap_s"": 0.98, ""omega_scale"": 1.1832159566199232}, {""gap_distortion"": 1.9508814510755998, ""minimum_gap"": 0.019412468532376437, ""minimum_gap_s"": 0.98, ""omega_scale"": 1.4}]"
atlas,275,FO~oG,7,10,6,5,5,1,DO{,5,5,4,4,2,2,1.0,False,1.0,0.009950493911818015,0.98,0.009950493911691893,0.98,1.000000000012675,"[{""gap_distortion"": 1.000000000012675, ""minimum_gap"": 0.009950493911691893, ""minimum_gap_s"": 0.98, ""omega_scale"": 1.0}, {""gap_distortion"": 1.397252122377595, ""minimum_gap"": 0.01390334873699306, ""minimum_gap_s"": 0.98, ""omega_scale"": 1.1832159566199232}, {""gap_distortion"": 1.9508173403605824, ""minimum_gap"": 0.019411596068326986, ""minimum_gap_s"": 0.98, ""omega_scale"": 1.4}]"
atlas,276,F^eH?,7,10,6,2,4,1,D\c,5,6,3,3,4,4,1.0,False,1.0,0.00923650909475171,0.98,0.009236515021292746,0.98,1.00000064164296,"[{""gap_distortion"": 1.00000064164296, ""minimum_gap"": 0.009236515021292746, ""minimum_gap_s"": 0.98, ""omega_scale"": 1.0}, {""gap_distortion"": 1.3965442706494513, ""minimum_gap"": 0.012899193857077051, ""minimum_gap_s"": 0.98, ""omega_scale"": 1.1832159566199232}, {""gap_distortion"": 1.9484935511691175, ""minimum_gap"": 0.01799727840643861, ""minimum_gap_s"": 0.98, ""omega_scale"": 1.4}]"
atlas,277,FPzs?,7,10,6,0,4,1,DMw,5,6,3,3,5,4,0.8,True,1.0,0.00541857486242403,0.98,0.005016257142202996,0.98,1.0802027704752688,"[{""gap_distortion"": 1.0802027704752688, ""minimum_gap"": 0.005016257142202996, ""minimum_gap_s"": 0.98, ""omega_scale"": 1.0}, {""gap_distortion"": 1.2976608128301053, ""minimum_gap"": 0.007031472260353944, ""minimum_gap_s"": 0.98, ""omega_scale"": 1.1832159566199232}, {""gap_distortion"": 1.8197829574828566, ""minimum_gap"": 0.009860630188484265, ""minimum_gap_s"": 0.98, ""omega_scale"": 1.4}]"
atlas,278,FlfQ?,7,10,6,1,4,1,D\g,5,6,4,4,1,1,1.0,False,1.0,0.6908585788507007,0.54,0.6999671351879924,0.54,1.0131844007096857,"[{""gap_distortion"": 1.0131844007096857, ""minimum_gap"": 0.6999671351879924, ""minimum_gap_s"": 0.54, ""omega_scale"": 1.0}, {""gap_distortion"": 1.1993486970303255, ""minimum_gap"": 0.8285803363768103, ""minimum_gap_s"": 0.54, ""omega_scale"": 1.1832159566199232}, {""gap_distortion"": 1.4192272991689645, ""minimum_gap"": 0.980485354969989, ""minimum_gap_s"": 0.56, ""omega_scale"": 1.4}]"
atlas,279,F^MGO,7,10,6,4,4,1,D^_,5,6,3,3,5,4,0.8,True,1.0,0.006034959689030117,0.98,0.009236515021292746,0.98,1.530501527306333,"[{""gap_distortion"": 1.530501527306333, ""minimum_gap"": 0.009236515021292746, ""minimum_gap_s"": 0.98, ""omega_scale"": 1.0}, {""gap_distortion"": 2.1374117677246804, ""minimum_gap"": 0.012899193857077051, ""minimum_gap_s"": 0.98, ""omega_scale"": 1.1832159566199232}, {""gap_distortion"": 2.982170442522057, ""minimum_gap"": 0.017997278406437722, ""minimum_gap_s"": 0.98, ""omega_scale"": 1.4}]"
atlas,280,F~@cO,7,10,4,6,2,1,D~W,5,8,3,3,3,2,0.6666666666666666,True,1.0,0.007048439497809866,0.98,0.009950615471440827,0.98,1.4117473058444698,"[{""gap_distortion"": 1.4117473058444698, ""minimum_gap"": 0.009950615471440827, ""minimum_gap_s"": 0.98, ""omega_scale"": 1.0}, {""gap_distortion"": 1.972589626089177, ""minimum_gap"": 0.013903678633496952, ""minimum_gap_s"": 0.98, ""omega_scale"": 1.1832159566199232}, {""gap_distortion"": 2.7541539544916365, ""minimum_gap"": 0.01941248751588809, ""minimum_gap_s"": 0.98, ""omega_scale"": 1.4}]"
atlas,281,Fxf_G,7,10,6,5,4,1,Dxc,5,6,3,3,4,4,1.0,False,1.0,0.005016257759663745,0.98,0.005016257142206548,0.98,1.000000123091217,"[{""gap_distortion"": 1.000000123091217, ""minimum_gap"": 0.005016257142206548, ""minimum_gap_s"": 0.98, ""omega_scale"": 1.0}, {""gap_distortion"": 1.4017366326139853, ""minimum_gap"": 0.007031472260354832, ""minimum_gap_s"": 0.98, ""omega_scale"": 1.1832159566199232}, {""gap_distortion"": 1.9657343503706344, ""minimum_gap"": 0.009860630188484265, ""minimum_gap_s"": 0.98, ""omega_scale"": 1.4}]"
atlas,282,FyuGG,7,10,6,5,3,1,Dys,5,7,3,3,4,3,0.75,True,1.0,0.008629742773527127,0.98,0.007048484490312035,0.98,1.2243401805577485,"[{""gap_distortion"": 1.2243401805577485, ""minimum_gap"": 0.007048484490312035, ""minimum_gap_s"": 0.98, ""omega_scale"": 1.0}, {""gap_distortion"": 1.1420316327674265, ""minimum_gap"": 0.009855439230014085, ""minimum_gap_s"": 0.98, ""omega_scale"": 1.1832159566199232}, {""gap_distortion"": 1.5960502562798324, ""minimum_gap"": 0.013773503165317003, ""minimum_gap_s"": 0.98, ""omega_scale"": 1.4}]"
atlas,283,FO~s?,7,10,6,0,4,1,DFw,5,6,4,4,1,1,1.0,False,1.0,0.6333990435493648,0.52,0.5957518879526613,0.52,1.0631926752697005,"[{""gap_distortion"": 1.0631926752697005, ""minimum_gap"": 0.5957518879526613, ""minimum_gap_s"": 0.52, ""omega_scale"": 1.0}, {""gap_distortion"": 1.1123438739369724, ""minimum_gap"": 0.7045575458496736, ""minimum_gap_s"": 0.52, ""omega_scale"": 1.1832159566199232}, {""gap_distortion"": 1.3164833515219145, ""minimum_gap"": 0.8338592957026429, ""minimum_gap_s"": 0.52, ""omega_scale"": 1.4}]"
atlas,284,FyVH?,7,10,6,2,3,1,Djs,5,7,3,3,4,3,0.75,True,1.0,0.004991904646072243,0.98,0.007048484490313811,0.98,1.4119829984853052,"[{""gap_distortion"": 1.4119829984853052, ""minimum_gap"": 0.007048484490313811, ""minimum_gap_s"": 0.98, ""omega_scale"": 1.0}, {""gap_distortion"": 1.9742843521189937, ""minimum_gap"": 0.009855439230010532, ""minimum_gap_s"": 0.98, ""omega_scale"": 1.1832159566199232}, {""gap_distortion"": 2.759167921238174, ""minimum_gap"": 0.013773503165322332, ""minimum_gap_s"": 0.98, ""omega_scale"": 1.4}]"
atlas,285,FlMh?,7,10,6,2,5,1,Dpc,5,5,4,4,1,1,1.0,False,1.0,0.5504124409896292,0.54,0.5638397561332846,0.54,1.024395006623603,"[{""gap_distortion"": 1.024395006623603, ""minimum_gap"": 0.5638397561332846, ""minimum_gap_s"": 0.54, ""omega_scale"": 1.0}, {""gap_distortion"": 1.2153052477271624, ""minimum_gap"": 0.6689191279490134, ""minimum_gap_s"": 0.54, ""omega_scale"": 1.1832159566199232}, {""gap_distortion"": 1.433929819278423, ""minimum_gap"": 0.7892528120368545, ""minimum_gap_s"": 0.56, ""omega_scale"": 1.4}]"
atlas,286,FhewG,7,10,6,5,5,1,Dhc,5,5,3,3,5,5,1.0,False,1.0,0.006919801285116378,0.98,0.006919808453941911,0.98,1.0000010359871965,"[{""gap_distortion"": 1.0000010359871965, ""minimum_gap"": 0.006919808453941911, ""minimum_gap_s"": 0.98, ""omega_scale"": 1.0}, {""gap_distortion"": 1.4007325832986237, ""minimum_gap"": 0.0096927911300142, ""minimum_gap_s"": 0.98, ""omega_scale"": 1.1832159566199232}, {""gap_distortion"": 1.9623608009925289, ""minimum_gap"": 0.013579146792570107, ""minimum_gap_s"": 0.98, ""omega_scale"": 1.4}]"
atlas,287,Flfc?,7,10,6,0,5,1,Dho,5,5,3,3,5,5,1.0,False,1.0,0.008920764943091797,0.98,0.008920767321670908,0.98,1.0000002666339856,"[{""gap_distortion"": 1.0000002666339856, ""minimum_gap"": 0.008920767321670908, ""minimum_gap_s"": 0.98, ""omega_scale"": 1.0}, {""gap_distortion"": 1.3974851900362066, ""minimum_gap"": 0.01246663689176497, ""minimum_gap_s"": 0.98, ""omega_scale"": 1.1832159566199232}, {""gap_distortion"": 1.9516044360806608, ""minimum_gap"": 0.017409804436170795, ""minimum_gap_s"": 0.98, ""omega_scale"": 1.4}]"
atlas,288,F~aGG,7,10,6,5,3,1,D~_,5,7,3,3,3,3,1.0,False,1.0,0.014889246736389694,0.98,0.014889246735288353,0.98,1.0000000000739688,"[{""gap_distortion"": 1.0000000000739688, ""minimum_gap"": 0.014889246735288353, ""minimum_gap_s"": 0.98, ""omega_scale"": 1.0}, {""gap_distortion"": 1.395923961444166, ""minimum_gap"": 0.020784256287180725, ""minimum_gap_s"": 0.98, ""omega_scale"": 1.1832159566199232}, {""gap_distortion"": 1.9464203537484666, ""minimum_gap"": 0.02898073289969183, ""minimum_gap_s"": 0.98, ""omega_scale"": 1.4}]"
atlas,289,Fl{?W,7,10,5,6,2,1,Dl{,5,8,3,3,4,2,0.5,True,1.0,4.941295985183558e-05,0.98,4.944374491877568e-05,0.98,1.000623016047458,"[{""gap_distortion"": 1.000623016047458, ""minimum_gap"": 4.944374491877568e-05, ""minimum_gap_s"": 0.98, ""omega_scale"": 1.0}, {""gap_distortion"": 1.9525315941148116, ""minimum_gap"": 9.648036526943571e-05, ""minimum_gap_s"": 0.98, ""omega_scale"": 1.1832159566199232}, {""gap_distortion"": 3.803367649510685, ""minimum_gap"": 0.00018793565296704173, ""minimum_gap_s"": 0.98, ""omega_scale"": 1.4}]"
atlas,290,F^eI?,7,10,6,1,3,1,D|c,5,7,3,3,3,3,1.0,False,1.0,0.007048506120266751,0.98,0.007048484490313811,0.98,1.0000030687381052,"[{""gap_distortion"": 1.0000030687381052, ""minimum_gap"": 0.007048484490313811, ""minimum_gap_s"": 0.98, ""omega_scale"": 1.0}, {""gap_distortion"": 1.3982309246600084, ""minimum_gap"": 0.009855439230012308, ""minimum_gap_s"": 0.98, ""omega_scale"": 1.1832159566199232}, {""gap_distortion"": 1.9541024623237107, ""minimum_gap"": 0.013773503165317003, ""minimum_gap_s"": 0.98, ""omega_scale"": 1.4}]"
atlas,291,FlfOO,7,10,6,4,3,1,Dls,5,7,3,3,4,3,0.75,True,1.0,0.007015015955826875,0.98,0.004963449441904189,0.98,1.4133348265023566,"[{""gap_distortion"": 1.4133348265023566, ""minimum_gap"": 0.004963449441904189, ""minimum_gap_s"": 0.98, ""omega_scale"": 1.0}, {""gap_distortion"": 1.0124015471760373, ""minimum_gap"": 0.00692908458644137, ""minimum_gap_s"": 0.98, ""omega_scale"": 1.1832159566199232}, {""gap_distortion"": 1.3774671381275707, ""minimum_gap"": 0.00966295395259209, ""minimum_gap_s"": 0.98, ""omega_scale"": 1.4}]"
atlas,292,FhewO,7,10,6,4,4,1,Dhk,5,6,3,3,4,4,1.0,False,1.0,0.005016250912914799,0.98,0.00501625714220566,0.98,1.0000012418220239,"[{""gap_distortion"": 1.0000012418220239, ""minimum_gap"": 0.00501625714220566, ""minimum_gap_s"": 0.98, ""omega_scale"": 1.0}, {""gap_distortion"": 1.4017385458631608, ""minimum_gap"": 0.007031472260353944, ""minimum_gap_s"": 0.98, ""omega_scale"": 1.1832159566199232}, {""gap_distortion"": 1.965737033428126, ""minimum_gap"": 0.009860630188484265, ""minimum_gap_s"": 0.98, ""omega_scale"": 1.4}]"
atlas,293,FlfP?,7,10,6,2,3,1,Dtw,5,7,3,3,4,3,0.75,True,1.0,0.004991881056266578,0.98,0.007048484490308482,0.98,1.4119896709999005,"[{""gap_distortion"": 1.4119896709999005, ""minimum_gap"": 0.007048484490308482, ""minimum_gap_s"": 0.98, ""omega_scale"": 1.0}, {""gap_distortion"": 1.9742936818653694, ""minimum_gap"": 0.009855439230010532, ""minimum_gap_s"": 0.98, ""omega_scale"": 1.1832159566199232}, {""gap_distortion"": 2.7591809600569395, ""minimum_gap"": 0.013773503165319667, ""minimum_gap_s"": 0.98, ""omega_scale"": 1.4}]"
atlas,294,Fhe{?,7,10,6,0,4,1,Dh[,5,6,3,3,4,4,1.0,False,1.0,0.009236501767354355,0.98,0.009236515021292746,0.98,1.0000014349521849,"[{""gap_distortion"": 1.0000014349521849, ""minimum_gap"": 0.009236515021292746, ""minimum_gap_s"": 0.98, ""omega_scale"": 1.0}, {""gap_distortion"": 1.396545378540001, ""minimum_gap"": 0.012899193857075275, ""minimum_gap_s"": 0.98, ""omega_scale"": 1.1832159566199232}, {""gap_distortion"": 1.9484950969260342, ""minimum_gap"": 0.01799727840643861, ""minimum_gap_s"": 0.98, ""omega_scale"": 1.4}]"
atlas,295,FlMgG,7,10,6,5,4,1,DlK,5,6,3,3,5,4,0.8,True,1.0,0.0036779289067556675,0.98,0.00501625714220566,0.98,1.3638809420681661,"[{""gap_distortion"": 1.3638809420681661, ""minimum_gap"": 0.00501625714220566, ""minimum_gap_s"": 0.98, ""omega_scale"": 1.0}, {""gap_distortion"": 1.9118021143473798, ""minimum_gap"": 0.007031472260354832, ""minimum_gap_s"": 0.98, ""omega_scale"": 1.1832159566199232}, {""gap_distortion"": 2.681027947651648, ""minimum_gap"": 0.009860630188487818, ""minimum_gap_s"": 0.98, ""omega_scale"": 1.4}]"
atlas,296,Flfa?,7,10,6,1,4,1,D\o,5,6,3,3,4,4,1.0,False,1.0,0.005016294434396329,0.98,0.0050162571422074365,0.98,1.0000074342657952,"[{""gap_distortion"": 1.0000074342657952, ""minimum_gap"": 0.0050162571422074365, ""minimum_gap_s"": 0.98, ""omega_scale"": 1.0}, {""gap_distortion"": 1.4017263843486918, ""minimum_gap"": 0.007031472260354832, ""minimum_gap_s"": 0.98, ""omega_scale"": 1.1832159566199232}, {""gap_distortion"": 1.9657199786502966, ""minimum_gap"": 0.009860630188485153, ""minimum_gap_s"": 0.98, ""omega_scale"": 1.4}]"
atlas,297,Fxf__,7,10,6,3,3,1,D{w,5,7,3,3,3,3,1.0,False,1.0,0.014889236526208549,0.98,0.01488924673529013,0.98,1.0000006856685741,"[{""gap_distortion"": 1.0000006856685741, ""minimum_gap"": 0.01488924673529013, ""minimum_gap_s"": 0.98, ""omega_scale"": 1.0}, {""gap_distortion"": 1.395924918688447, ""minimum_gap"": 0.020784256287180725, ""minimum_gap_s"": 0.98, ""omega_scale"": 1.1832159566199232}, {""gap_distortion"": 1.9464216884912393, ""minimum_gap"": 0.028980732899688277, ""minimum_gap_s"": 0.98, ""omega_scale"": 1.4}]"
atlas,298,FJS|?,7,10,0,6,2,1,D|[,5,8,3,3,3,2,0.6666666666666666,True,1.0,0.004962949059797772,0.98,4.944374491877568e-05,0.98,100.37567073349152,"[{""gap_distortion"": 100.37567073349152, ""minimum_gap"": 4.944374491877568e-05, ""minimum_gap_s"": 0.98, ""omega_scale"": 1.0}, {""gap_distortion"": 51.43999036470986, ""minimum_gap"": 9.648036526854753e-05, ""minimum_gap_s"": 0.98, ""omega_scale"": 1.1832159566199232}, {""gap_distortion"": 26.407703815066075, ""minimum_gap"": 0.00018793565296526538, ""minimum_gap_s"": 0.98, ""omega_scale"": 1.4}]"
atlas,299,FhDjO,7,10,0,1,4,1,Dlg,5,6,4,4,1,1,1.0,False,1.0,0.5723120623177471,0.52,0.5957518879526613,0.52,1.0409563718436892,"[{""gap_distortion"": 1.0409563718436892, ""minimum_gap"": 0.5957518879526613, ""minimum_gap_s"": 0.52, ""omega_scale"": 1.0}, {""gap_distortion"": 1.2310723331539777, ""minimum_gap"": 0.7045575458496736, ""minimum_gap_s"": 0.52, ""omega_scale"": 1.1832159566199232}, {""gap_distortion"": 1.457001084907564, ""minimum_gap"": 0.8338592957026429, ""minimum_gap_s"": 0.52, ""omega_scale"": 1.4}]"
atlas,300,FlMk?,7,10,6,0,4,1,DjS,5,6,4,4,1,1,1.0,False,1.0,0.6537671742680962,0.52,0.6999671351879921,0.54,1.0706672998252285,"[{""gap_distortion"": 1.0706672998252285, ""minimum_gap"": 0.6999671351879921, ""minimum_gap_s"": 0.54, ""omega_scale"": 1.0}, {""gap_distortion"": 1.26739360584205, ""minimum_gap"": 0.8285803363768103, ""minimum_gap_s"": 0.54, ""omega_scale"": 1.1832159566199232}, {""gap_distortion"": 1.4997469948956363, ""minimum_gap"": 0.980485354969989, ""minimum_gap_s"": 0.56, ""omega_scale"": 1.4}]"
atlas,301,Flf__,7,10,6,3,4,1,Dkw,5,6,3,3,4,4,1.0,False,1.0,0.00923652366656924,0.98,0.009236515021292746,0.98,1.0000009359890039,"[{""gap_distortion"": 1.0000009359890039, ""minimum_gap"": 0.009236515021292746, ""minimum_gap_s"": 0.98, ""omega_scale"": 1.0}, {""gap_distortion"": 1.3965420674190157, ""minimum_gap"": 0.012899193857075275, ""minimum_gap_s"": 0.98, ""omega_scale"": 1.1832159566199232}, {""gap_distortion"": 1.9484904771668006, ""minimum_gap"": 0.017997278406435946, ""minimum_gap_s"": 0.98, ""omega_scale"": 1.4}]"
atlas,302,Flf`?,7,10,6,2,4,1,Dto,5,6,3,3,4,4,1.0,False,1.0,0.009950614131325253,0.98,0.009950614128209523,0.98,1.0000000003131193,"[{""gap_distortion"": 1.0000000003131193, ""minimum_gap"": 0.009950614128209523, ""minimum_gap_s"": 0.98, ""omega_scale"": 1.0}, {""gap_distortion"": 1.3972678854298919, ""minimum_gap"": 0.013903673566005637, ""minimum_gap_s"": 0.98, ""omega_scale"": 1.1832159566199232}, {""gap_distortion"": 1.9508814507503192, ""minimum_gap"": 0.019412468532376437, ""minimum_gap_s"": 0.98, ""omega_scale"": 1.4}]"
atlas,303,F~@_W,7,10,4,6,2,1,D~W,5,8,3,3,2,2,1.0,False,1.0,0.009950615475927016,0.98,0.009950615471440827,0.98,1.0000000004508454,"[{""gap_distortion"": 1.0000000004508454, ""minimum_gap"": 0.009950615471440827, ""minimum_gap_s"": 0.98, ""omega_scale"": 1.0}, {""gap_distortion"": 1.397268205884688, ""minimum_gap"": 0.013903678633496952, ""minimum_gap_s"": 0.98, ""omega_scale"": 1.1832159566199232}, {""gap_distortion"": 1.9508830949052012, ""minimum_gap"": 0.01941248751588809, ""minimum_gap_s"": 0.98, ""omega_scale"": 1.4}]"
atlas,304,F^MI?,7,10,6,1,3,1,Dzc,5,7,3,3,4,3,0.75,True,1.0,4.938317024461014e-05,0.98,0.004963449441904189,0.98,100.50892677239403,"[{""gap_distortion"": 100.50892677239403, ""minimum_gap"": 0.004963449441904189, ""minimum_gap_s"": 0.98, ""omega_scale"": 1.0}, {""gap_distortion"": 140.3126723561246, ""minimum_gap"": 0.006929084586438705, ""minimum_gap_s"": 0.98, ""omega_scale"": 1.1832159566199232}, {""gap_distortion"": 195.6730178464993, ""minimum_gap"": 0.009662953952590314, ""minimum_gap_s"": 0.98, ""omega_scale"": 1.4}]"
atlas,305,F^MGG,7,10,6,5,3,1,D^K,5,7,4,4,1,1,1.0,False,1.0,0.6587130821492151,0.5,0.7759408729688366,0.5,1.1779648742319444,"[{""gap_distortion"": 1.1779648742319444, ""minimum_gap"": 0.7759408729688366, ""minimum_gap_s"": 0.5, ""omega_scale"": 1.0}, {""gap_distortion"": 1.3937868355290177, ""minimum_gap"": 0.9181056222903203, ""minimum_gap_s"": 0.5, ""omega_scale"": 1.1832159566199232}, {""gap_distortion"": 1.6491508239247221, ""minimum_gap"": 1.0863172221563713, ""minimum_gap_s"": 0.5, ""omega_scale"": 1.4}]"
atlas,306,FO~q?,7,10,6,1,3,1,Dfw,5,7,3,3,5,3,0.6,True,1.0,0.009910779275740467,0.98,0.004963449441902412,0.98,1.9967523376125738,"[{""gap_distortion"": 1.9967523376125738, ""minimum_gap"": 0.004963449441902412, ""minimum_gap_s"": 0.98, ""omega_scale"": 1.0}, {""gap_distortion"": 1.430315816195239, ""minimum_gap"": 0.0069290845864404815, ""minimum_gap_s"": 0.98, ""omega_scale"": 1.1832159566199232}, {""gap_distortion"": 1.0256469527192271, ""minimum_gap"": 0.009662953952590314, ""minimum_gap_s"": 0.98, ""omega_scale"": 1.4}]"
atlas,307,Fhey?,7,10,6,1,3,1,DL{,5,7,3,3,3,3,1.0,False,1.0,0.007048469653877731,0.98,0.007048484490316476,0.98,1.0000021049163113,"[{""gap_distortion"": 1.0000021049163113, ""minimum_gap"": 0.007048484490316476, ""minimum_gap_s"": 0.98, ""omega_scale"": 1.0}, {""gap_distortion"": 1.3982381586319845, ""minimum_gap"": 0.00985543923001142, ""minimum_gap_s"": 0.98, ""omega_scale"": 1.1832159566199232}, {""gap_distortion"": 1.954112572186681, ""minimum_gap"": 0.013773503165318779, ""minimum_gap_s"": 0.98, ""omega_scale"": 1.4}]"
atlas,308,FlMi?,7,10,6,1,3,1,DZs,5,7,3,3,4,3,0.75,True,1.0,4.935265735106498e-05,0.98,0.004963449441904189,0.98,100.57106766505416,"[{""gap_distortion"": 100.57106766505416, ""minimum_gap"": 0.004963449441904189, ""minimum_gap_s"": 0.98, ""omega_scale"": 1.0}, {""gap_distortion"": 140.39942240901587, ""minimum_gap"": 0.006929084586439593, ""minimum_gap_s"": 0.98, ""omega_scale"": 1.1832159566199232}, {""gap_distortion"": 195.793995120801, ""minimum_gap"": 0.009662953952592979, ""minimum_gap_s"": 0.98, ""omega_scale"": 1.4}]"
atlas,309,Flf_O,7,10,6,4,3,1,Dlw,5,7,3,3,3,3,1.0,False,1.0,0.004963449454217894,0.98,0.0049634494419033,0.98,1.0000000024810556,"[{""gap_distortion"": 1.0000000024810556, ""minimum_gap"": 0.0049634494419033, ""minimum_gap_s"": 0.98, ""omega_scale"": 1.0}, {""gap_distortion"": 1.3960219904228517, ""minimum_gap"": 0.0069290845864404815, ""minimum_gap_s"": 0.98, ""omega_scale"": 1.1832159566199232}, {""gap_distortion"": 1.946822273848223, ""minimum_gap"": 0.009662953952591202, ""minimum_gap_s"": 0.98, ""omega_scale"": 1.4}]"
atlas,310,FtTgO,7,10,6,4,4,1,DtW,5,6,3,3,4,4,1.0,False,1.0,0.005016244102748146,0.98,0.0050162571422074365,0.98,1.000002599446722,"[{""gap_distortion"": 1.000002599446722, ""minimum_gap"": 0.0050162571422074365, ""minimum_gap_s"": 0.98, ""omega_scale"": 1.0}, {""gap_distortion"": 1.4017404488949945, ""minimum_gap"": 0.0070314722603530555, ""minimum_gap_s"": 0.98, ""omega_scale"": 1.1832159566199232}, {""gap_distortion"": 1.9657397021572625, ""minimum_gap"": 0.009860630188484265, ""minimum_gap_s"": 0.98, ""omega_scale"": 1.4}]"
atlas,311,FlUk?,7,10,6,0,4,1,DlS,5,6,4,4,1,1,1.0,False,1.0,0.4513282404175851,0.52,0.5957518879526611,0.52,1.3199969215342031,"[{""gap_distortion"": 1.3199969215342031, ""minimum_gap"": 0.5957518879526611, ""minimum_gap_s"": 0.52, ""omega_scale"": 1.0}, {""gap_distortion"": 1.561075693375161, ""minimum_gap"": 0.7045575458496731, ""minimum_gap_s"": 0.52, ""omega_scale"": 1.1832159566199232}, {""gap_distortion"": 1.84756729366442, ""minimum_gap"": 0.8338592957026425, ""minimum_gap_s"": 0.52, ""omega_scale"": 1.4}]"
atlas,312,Fn{GO,7,11,5,4,6,2,Dn?,5,5,4,4,1,1,1.0,False,1.0,0.6308507293528494,0.56,0.6319949108691676,0.56,1.001813711965574,"[{""gap_distortion"": 1.001813711965574, ""minimum_gap"": 0.6319949108691676, ""minimum_gap_s"": 0.56, ""omega_scale"": 1.0}, {""gap_distortion"": 1.1861979528273314, ""minimum_gap"": 0.7483138436979788, ""minimum_gap_s"": 0.5800000000000001, ""omega_scale"": 1.1832159566199232}, {""gap_distortion"": 1.403574872776727, ""minimum_gap"": 0.8854462321925309, ""minimum_gap_s"": 0.5800000000000001, ""omega_scale"": 1.4}]"
atlas,312,Fn{GO,7,11,6,4,6,2,Dn?,5,5,4,4,1,1,1.0,False,1.0,0.6308507293528494,0.56,0.6319949108691676,0.56,1.001813711965574,"[{""gap_distortion"": 1.001813711965574, ""minimum_gap"": 0.6319949108691676, ""minimum_gap_s"": 0.56, ""omega_scale"": 1.0}, {""gap_distortion"": 1.1861979528273314, ""minimum_gap"": 0.7483138436979788, ""minimum_gap_s"": 0.5800000000000001, ""omega_scale"": 1.1832159566199232}, {""gap_distortion"": 1.403574872776727, ""minimum_gap"": 0.8854462321925309, ""minimum_gap_s"": 0.5800000000000001, ""omega_scale"": 1.4}]"
atlas,313,Fn{OO,7,11,5,3,5,1,DnC,5,6,4,4,1,1,1.0,False,1.0,0.6867094169535528,0.54,0.6999671351879917,0.54,1.0193061546953208,"[{""gap_distortion"": 1.0193061546953208, ""minimum_gap"": 0.6999671351879917, ""minimum_gap_s"": 0.54, ""omega_scale"": 1.0}, {""gap_distortion"": 1.2065952729360245, ""minimum_gap"": 0.8285803363768103, ""minimum_gap_s"": 0.54, ""omega_scale"": 1.1832159566199232}, {""gap_distortion"": 1.4278024019529472, ""minimum_gap"": 0.9804853549699906, ""minimum_gap_s"": 0.56, ""omega_scale"": 1.4}]"
atlas,313,Fn{OO,7,11,6,4,5,1,DnC,5,6,4,4,1,1,1.0,False,1.0,0.6867094169535528,0.54,0.6999671351879917,0.54,1.0193061546953208,"[{""gap_distortion"": 1.0193061546953208, ""minimum_gap"": 0.6999671351879917, ""minimum_gap_s"": 0.54, ""omega_scale"": 1.0}, {""gap_distortion"": 1.2065952729360245, ""minimum_gap"": 0.8285803363768103, ""minimum_gap_s"": 0.54, ""omega_scale"": 1.1832159566199232}, {""gap_distortion"": 1.4278024019529472, ""minimum_gap"": 0.9804853549699906, ""minimum_gap_s"": 0.56, ""omega_scale"": 1.4}]"
atlas,314,Fn{_O,7,11,5,2,4,1,D~C,5,7,3,3,4,3,0.75,True,1.0,0.009236590396589861,0.98,0.014889246735288353,0.98,1.6119851694176508,"[{""gap_distortion"": 1.6119851694176508, ""minimum_gap"": 0.014889246735288353, ""minimum_gap_s"": 0.98, ""omega_scale"": 1.0}, {""gap_distortion"": 2.2502087236494663, ""minimum_gap"": 0.02078425628718339, ""minimum_gap_s"": 0.98, ""omega_scale"": 1.1832159566199232}, {""gap_distortion"": 3.1376007439271745, ""minimum_gap"": 0.028980732899690942, ""minimum_gap_s"": 0.98, ""omega_scale"": 1.4}]"
atlas,314,Fn{_O,7,11,6,4,5,1,DnG,5,6,3,3,4,4,1.0,False,1.0,0.009236590396589861,0.98,0.009236515021294522,0.98,1.0000081605773568,"[{""gap_distortion"": 1.0000081605773568, ""minimum_gap"": 0.009236515021294522, ""minimum_gap_s"": 0.98, ""omega_scale"": 1.0}, {""gap_distortion"": 1.3965319780596237, ""minimum_gap"": 0.012899193857076163, ""minimum_gap_s"": 0.98, ""omega_scale"": 1.1832159566199232}, {""gap_distortion"": 1.9484764002398869, ""minimum_gap"": 0.017997278406437722, ""minimum_gap_s"": 0.98, ""omega_scale"": 1.4}]"
atlas,315,Fn{`?,7,11,5,2,5,2,D~?,5,6,3,3,4,4,1.0,False,1.0,0.019803887437022105,0.98,0.01980390271855459,0.98,1.0000007716430692,"[{""gap_distortion"": 1.0000007716430692, ""minimum_gap"": 0.01980390271855459, ""minimum_gap_s"": 0.98, ""omega_scale"": 1.0}, {""gap_distortion"": 1.3946052956035682, ""minimum_gap"": 0.027618606293208003, ""minimum_gap_s"": 0.98, ""omega_scale"": 1.1832159566199232}, {""gap_distortion"": 1.9420630915055763, ""minimum_gap"": 0.038460398859771594, ""minimum_gap_s"": 0.98, ""omega_scale"": 1.4}]"
atlas,315,Fn{`?,7,11,6,2,5,2,D~?,5,6,3,3,4,4,1.0,False,1.0,0.019803887437022105,0.98,0.01980390271855459,0.98,1.0000007716430692,"[{""gap_distortion"": 1.0000007716430692, ""minimum_gap"": 0.01980390271855459, ""minimum_gap_s"": 0.98, ""omega_scale"": 1.0}, {""gap_distortion"": 1.3946052956035682, ""minimum_gap"": 0.027618606293208003, ""minimum_gap_s"": 0.98, ""omega_scale"": 1.1832159566199232}, {""gap_distortion"": 1.9420630915055763, ""minimum_gap"": 0.038460398859771594, ""minimum_gap_s"": 0.98, ""omega_scale"": 1.4}]"
atlas,316,Fn{c?,7,11,5,2,4,1,D~_,5,7,3,3,3,3,1.0,False,1.0,0.014889336964628797,0.98,0.014889246735288353,0.98,1.0000060600339324,"[{""gap_distortion"": 1.0000060600339324, ""minimum_gap"": 0.014889246735288353, ""minimum_gap_s"": 0.98, ""omega_scale"": 1.0}, {""gap_distortion"": 1.3959155022521108, ""minimum_gap"": 0.020784256287180725, ""minimum_gap_s"": 0.98, ""omega_scale"": 1.1832159566199232}, {""gap_distortion"": 1.9464085585905297, ""minimum_gap"": 0.02898073289969183, ""minimum_gap_s"": 0.98, ""omega_scale"": 1.4}]"
atlas,316,Fn{c?,7,11,6,0,4,1,D~O,5,7,3,3,3,3,1.0,False,1.0,0.014889336964628797,0.98,0.014889246735289241,0.98,1.0000060600338727,"[{""gap_distortion"": 1.0000060600338727, ""minimum_gap"": 0.014889246735289241, ""minimum_gap_s"": 0.98, ""omega_scale"": 1.0}, {""gap_distortion"": 1.3959155022521108, ""minimum_gap"": 0.020784256287180725, ""minimum_gap_s"": 0.98, ""omega_scale"": 1.1832159566199232}, {""gap_distortion"": 1.9464085585904702, ""minimum_gap"": 0.028980732899690942, ""minimum_gap_s"": 0.98, ""omega_scale"": 1.4}]"
atlas,317,F_~wO,7,11,6,4,6,1,D_{,5,5,4,4,2,2,1.0,False,1.0,0.009950493911826896,0.98,0.00995049391169367,0.98,1.000000000013389,"[{""gap_distortion"": 1.000000000013389, ""minimum_gap"": 0.00995049391169367, ""minimum_gap_s"": 0.98, ""omega_scale"": 1.0}, {""gap_distortion"": 1.3972521223763479, ""minimum_gap"": 0.01390334873699306, ""minimum_gap_s"": 0.98, ""omega_scale"": 1.1832159566199232}, {""gap_distortion"": 1.9508173403586626, ""minimum_gap"": 0.01941159606832521, ""minimum_gap_s"": 0.98, ""omega_scale"": 1.4}]"
atlas,318,FjtY?,7,11,6,1,6,1,DLK,5,5,4,4,1,1,1.0,False,1.0,0.6984233236640573,0.56,0.7031841094451778,0.56,1.0068164759391833,"[{""gap_distortion"": 1.0068164759391833, ""minimum_gap"": 0.7031841094451778, ""minimum_gap_s"": 0.56, ""omega_scale"": 1.0}, {""gap_distortion"": 1.189425777777156, ""minimum_gap"": 0.8307227049668278, ""minimum_gap_s"": 0.56, ""omega_scale"": 1.1832159566199232}, {""gap_distortion"": 1.408119498369305, ""minimum_gap"": 0.9834635001672551, ""minimum_gap_s"": 0.5800000000000001, ""omega_scale"": 1.4}]"
atlas,319,FjtWO,7,11,6,4,5,1,DjS,5,6,4,4,1,1,1.0,False,1.0,0.7014088688726567,0.54,0.6999671351879921,0.54,1.0020597162526457,"[{""gap_distortion"": 1.0020597162526457, ""minimum_gap"": 0.6999671351879921, ""minimum_gap_s"": 0.54, ""omega_scale"": 1.0}, {""gap_distortion"": 1.1813086106375452, ""minimum_gap"": 0.8285803363768103, ""minimum_gap_s"": 0.54, ""omega_scale"": 1.1832159566199232}, {""gap_distortion"": 1.3978798935717471, ""minimum_gap"": 0.980485354969989, ""minimum_gap_s"": 0.56, ""omega_scale"": 1.4}]"
atlas,320,F_~y?,7,11,6,1,4,1,DF{,5,7,4,4,1,1,1.0,False,1.0,0.7205190438271236,0.54,0.7759408729688366,0.5,1.0769193120105935,"[{""gap_distortion"": 1.0769193120105935, ""minimum_gap"": 0.7759408729688366, ""minimum_gap_s"": 0.5, ""omega_scale"": 1.0}, {""gap_distortion"": 1.274228113963084, ""minimum_gap"": 0.9181056222903203, ""minimum_gap_s"": 0.5, ""omega_scale"": 1.1832159566199232}, {""gap_distortion"": 1.507687036814831, ""minimum_gap"": 1.0863172221563713, ""minimum_gap_s"": 0.5, ""omega_scale"": 1.4}]"
atlas,321,F^mH?,7,11,6,2,5,1,D\c,5,6,3,3,4,4,1.0,False,1.0,0.009236504781229726,0.98,0.009236515021292746,0.98,1.0000011086512985,"[{""gap_distortion"": 1.0000011086512985, ""minimum_gap"": 0.009236515021292746, ""minimum_gap_s"": 0.98, ""omega_scale"": 1.0}, {""gap_distortion"": 1.3965449228468525, ""minimum_gap"": 0.012899193857077051, ""minimum_gap_s"": 0.98, ""omega_scale"": 1.1832159566199232}, {""gap_distortion"": 1.9484944611312696, ""minimum_gap"": 0.01799727840643861, ""minimum_gap_s"": 0.98, ""omega_scale"": 1.4}]"
atlas,322,FjtWG,7,11,6,5,4,1,Djs,5,7,3,3,4,3,0.75,True,1.0,0.008629757775111102,0.98,0.007048484490313811,0.98,1.2243423088992127,"[{""gap_distortion"": 1.2243423088992127, ""minimum_gap"": 0.007048484490313811, ""minimum_gap_s"": 0.98, ""omega_scale"": 1.0}, {""gap_distortion"": 1.1420296475104308, ""minimum_gap"": 0.009855439230010532, ""minimum_gap_s"": 0.98, ""omega_scale"": 1.1832159566199232}, {""gap_distortion"": 1.5960474817782482, ""minimum_gap"": 0.013773503165322332, ""minimum_gap_s"": 0.98, ""omega_scale"": 1.4}]"
atlas,323,F^Mh?,7,11,6,2,6,1,DXc,5,5,4,4,1,1,1.0,False,1.0,0.5626579680103896,0.54,0.5638397561332846,0.54,1.002100366812673,"[{""gap_distortion"": 1.002100366812673, ""minimum_gap"": 0.5638397561332846, ""minimum_gap_s"": 0.54, ""omega_scale"": 1.0}, {""gap_distortion"": 1.188855692054578, ""minimum_gap"": 0.6689191279490143, ""minimum_gap_s"": 0.54, ""omega_scale"": 1.1832159566199232}, {""gap_distortion"": 1.4027221809863017, ""minimum_gap"": 0.7892528120368545, ""minimum_gap_s"": 0.56, ""omega_scale"": 1.4}]"
atlas,324,FjvI?,7,11,6,1,6,1,DLc,5,5,3,3,5,5,1.0,False,1.0,0.008920767500001148,0.98,0.008920767321669132,0.98,1.000000019990659,"[{""gap_distortion"": 1.000000019990659, ""minimum_gap"": 0.008920767321669132, ""minimum_gap_s"": 0.98, ""omega_scale"": 1.0}, {""gap_distortion"": 1.397484789482797, ""minimum_gap"": 0.012466636891764082, ""minimum_gap_s"": 0.98, ""omega_scale"": 1.1832159566199232}, {""gap_distortion"": 1.9516038767030728, ""minimum_gap"": 0.01740980443616902, ""minimum_gap_s"": 0.98, ""omega_scale"": 1.4}]"
atlas,325,F^Mg_,7,11,6,3,5,1,DXk,5,6,4,4,1,1,1.0,False,1.0,0.6700353765495124,0.54,0.6999671351879928,0.54,1.0446719079112214,"[{""gap_distortion"": 1.0446719079112214, ""minimum_gap"": 0.6999671351879928, ""minimum_gap_s"": 0.54, ""omega_scale"": 1.0}, {""gap_distortion"": 1.2366217745751849, ""minimum_gap"": 0.8285803363768103, ""minimum_gap_s"": 0.54, ""omega_scale"": 1.1832159566199232}, {""gap_distortion"": 1.4633337123469567, ""minimum_gap"": 0.980485354969989, ""minimum_gap_s"": 0.56, ""omega_scale"": 1.4}]"
atlas,326,FjvGO,7,11,6,4,5,1,Djo,5,6,3,3,4,4,1.0,False,1.0,0.00995061412912257,0.98,0.0099506141282113,0.98,1.0000000000915794,"[{""gap_distortion"": 1.0000000000915794, ""minimum_gap"": 0.0099506141282113, ""minimum_gap_s"": 0.98, ""omega_scale"": 1.0}, {""gap_distortion"": 1.3972678857391931, ""minimum_gap"": 0.013903673566005637, ""minimum_gap_s"": 0.98, ""omega_scale"": 1.1832159566199232}, {""gap_distortion"": 1.9508814511822585, ""minimum_gap"": 0.019412468532377325, ""minimum_gap_s"": 0.98, ""omega_scale"": 1.4}]"
atlas,327,F@`zw,7,11,0,4,3,1,DN{,5,8,3,3,4,2,0.5,True,1.0,0.009950493836011098,0.98,0.009950615471442603,0.98,1.0000122240597813,"[{""gap_distortion"": 1.0000122240597813, ""minimum_gap"": 0.009950615471442603, ""minimum_gap_s"": 0.98, ""omega_scale"": 1.0}, {""gap_distortion"": 1.3972852868044774, ""minimum_gap"": 0.013903678633496952, ""minimum_gap_s"": 0.98, ""omega_scale"": 1.1832159566199232}, {""gap_distortion"": 1.9509069434961672, ""minimum_gap"": 0.019412487515889865, ""minimum_gap_s"": 0.98, ""omega_scale"": 1.4}]"
atlas,328,Flfs?,7,11,6,0,5,1,Dhw,5,6,3,3,4,4,1.0,False,1.0,0.009236519407087584,0.98,0.009236515021291858,0.98,1.000000474832306,"[{""gap_distortion"": 1.000000474832306, ""minimum_gap"": 0.009236515021291858, ""minimum_gap_s"": 0.98, ""omega_scale"": 1.0}, {""gap_distortion"": 1.396542711443861, ""minimum_gap"": 0.01289919385707794, ""minimum_gap_s"": 0.98, ""omega_scale"": 1.1832159566199232}, {""gap_distortion"": 1.9484913757262843, ""minimum_gap"": 0.01799727840643861, ""minimum_gap_s"": 0.98, ""omega_scale"": 1.4}]"
atlas,329,F^Mk?,7,11,6,0,4,1,DzS,5,7,3,3,4,3,0.75,True,1.0,0.004991887658530203,0.98,0.007048484490313811,0.98,1.4119878035054072,"[{""gap_distortion"": 1.4119878035054072, ""minimum_gap"": 0.007048484490313811, ""minimum_gap_s"": 0.98, ""omega_scale"": 1.0}, {""gap_distortion"": 1.9742910706673114, ""minimum_gap"": 0.009855439230010532, ""minimum_gap_s"": 0.98, ""omega_scale"": 1.1832159566199232}, {""gap_distortion"": 2.759177310767711, ""minimum_gap"": 0.01377350316531789, ""minimum_gap_s"": 0.98, ""omega_scale"": 1.4}]"
atlas,330,Fxva?,7,11,6,1,5,1,Dlo,5,6,3,3,4,4,1.0,False,1.0,0.005016257451702089,0.98,0.005016257142206548,0.98,1.0000000616984999,"[{""gap_distortion"": 1.0000000616984999, ""minimum_gap"": 0.005016257142206548, ""minimum_gap_s"": 0.98, ""omega_scale"": 1.0}, {""gap_distortion"": 1.4017367186702236, ""minimum_gap"": 0.007031472260353944, ""minimum_gap_s"": 0.98, ""omega_scale"": 1.1832159566199232}, {""gap_distortion"": 1.9657344710515148, ""minimum_gap"": 0.009860630188479824, ""minimum_gap_s"": 0.98, ""omega_scale"": 1.4}]"
atlas,331,FjvGG,7,11,6,5,4,1,Djs,5,7,3,3,3,3,1.0,False,1.0,0.007048506118104925,0.98,0.007048484490313811,0.98,1.0000030684313974,"[{""gap_distortion"": 1.0000030684313974, ""minimum_gap"": 0.007048484490313811, ""minimum_gap_s"": 0.98, ""omega_scale"": 1.0}, {""gap_distortion"": 1.3982309250886038, ""minimum_gap"": 0.009855439230010532, ""minimum_gap_s"": 0.98, ""omega_scale"": 1.1832159566199232}, {""gap_distortion"": 1.9541024629238037, ""minimum_gap"": 0.013773503165322332, ""minimum_gap_s"": 0.98, ""omega_scale"": 1.4}]"
atlas,332,Fjt[?,7,11,6,0,3,1,D|k,5,8,3,3,3,2,0.6666666666666666,True,1.0,0.007048446935847608,0.98,0.009950615471437274,0.98,1.411745816064751,"[{""gap_distortion"": 1.411745816064751, ""minimum_gap"": 0.009950615471437274, ""minimum_gap_s"": 0.98, ""omega_scale"": 1.0}, {""gap_distortion"": 1.9725875444680456, ""minimum_gap"": 0.013903678633496952, ""minimum_gap_s"": 0.98, ""omega_scale"": 1.1832159566199232}, {""gap_distortion"": 2.7541510481065496, ""minimum_gap"": 0.01941248751588809, ""minimum_gap_s"": 0.98, ""omega_scale"": 1.4}]"
atlas,333,FrXx?,7,11,6,2,5,1,Di[,5,6,4,4,1,1,1.0,False,1.0,0.6863949874212771,0.54,0.6999671351879921,0.54,1.0197730869476542,"[{""gap_distortion"": 1.0197730869476542, ""minimum_gap"": 0.6999671351879921, ""minimum_gap_s"": 0.54, ""omega_scale"": 1.0}, {""gap_distortion"": 1.207148000147423, ""minimum_gap"": 0.8285803363768103, ""minimum_gap_s"": 0.54, ""omega_scale"": 1.1832159566199232}, {""gap_distortion"": 1.4284564615682611, ""minimum_gap"": 0.9804853549699886, ""minimum_gap_s"": 0.56, ""omega_scale"": 1.4}]"
atlas,334,FjvG_,7,11,6,3,4,1,Dms,5,7,3,3,3,3,1.0,False,1.0,0.014889236524354033,0.98,0.014889246735289241,0.98,1.0000006857930688,"[{""gap_distortion"": 1.0000006857930688, ""minimum_gap"": 0.014889246735289241, ""minimum_gap_s"": 0.98, ""omega_scale"": 1.0}, {""gap_distortion"": 1.3959249188623153, ""minimum_gap"": 0.020784256287180725, ""minimum_gap_s"": 0.98, ""omega_scale"": 1.1832159566199232}, {""gap_distortion"": 1.9464216887337935, ""minimum_gap"": 0.028980732899690054, ""minimum_gap_s"": 0.98, ""omega_scale"": 1.4}]"
atlas,335,Fxv`?,7,11,6,2,5,1,Dfo,5,6,3,3,4,4,1.0,False,1.0,0.009236497484474526,0.98,0.009236515021294522,0.98,1.0000018986439423,"[{""gap_distortion"": 1.0000018986439423, ""minimum_gap"": 0.009236515021294522, ""minimum_gap_s"": 0.98, ""omega_scale"": 1.0}, {""gap_distortion"": 1.3965460261055762, ""minimum_gap"": 0.012899193857077051, ""minimum_gap_s"": 0.98, ""omega_scale"": 1.1832159566199232}, {""gap_distortion"": 1.9484960004251903, ""minimum_gap"": 0.017997278406435946, ""minimum_gap_s"": 0.98, ""omega_scale"": 1.4}]"
atlas,336,F^MgG,7,11,6,5,4,1,D^K,5,7,4,4,1,1,1.0,False,1.0,0.7078851888460564,0.5,0.7759408729688366,0.5,1.0961394378567515,"[{""gap_distortion"": 1.0961394378567515, ""minimum_gap"": 0.7759408729688366, ""minimum_gap_s"": 0.5, ""omega_scale"": 1.0}, {""gap_distortion"": 1.296969673552501, ""minimum_gap"": 0.9181056222903203, ""minimum_gap_s"": 0.5, ""omega_scale"": 1.1832159566199232}, {""gap_distortion"": 1.534595212999452, ""minimum_gap"": 1.0863172221563713, ""minimum_gap_s"": 0.5, ""omega_scale"": 1.4}]"
atlas,337,FlfoG,7,11,6,5,5,1,Dlc,5,6,3,3,4,4,1.0,False,1.0,0.0050163010104649075,0.98,0.0050162571422074365,0.98,1.0000087452170467,"[{""gap_distortion"": 1.0000087452170467, ""minimum_gap"": 0.0050162571422074365, ""minimum_gap_s"": 0.98, ""omega_scale"": 1.0}, {""gap_distortion"": 1.4017245467698038, ""minimum_gap"": 0.007031472260354832, ""minimum_gap_s"": 0.98, ""omega_scale"": 1.1832159566199232}, {""gap_distortion"": 1.9657174017097663, ""minimum_gap"": 0.009860630188485153, ""minimum_gap_s"": 0.98, ""omega_scale"": 1.4}]"
atlas,338,FrXwG,7,11,6,5,5,1,DrW,5,6,4,4,1,1,1.0,False,1.0,0.6001959234527183,0.52,0.5957518879526613,0.52,1.0074595407751525,"[{""gap_distortion"": 1.0074595407751525, ""minimum_gap"": 0.5957518879526613, ""minimum_gap_s"": 0.52, ""omega_scale"": 1.0}, {""gap_distortion"": 1.1738792589536409, ""minimum_gap"": 0.7045575458496731, ""minimum_gap_s"": 0.52, ""omega_scale"": 1.1832159566199232}, {""gap_distortion"": 1.3893118282205925, ""minimum_gap"": 0.8338592957026429, ""minimum_gap_s"": 0.52, ""omega_scale"": 1.4}]"
atlas,339,Fn{GG,7,11,6,5,2,1,Dn{,5,9,3,3,2,1,0.5,True,1.0,0.009950493835974683,0.98,0.5791163752953024,0.5800000000000001,58.19976222703484,"[{""gap_distortion"": 58.19976222703484, ""minimum_gap"": 0.5791163752953024, ""minimum_gap_s"": 0.5800000000000001, ""omega_scale"": 1.0}, {""gap_distortion"": 68.79499405695935, ""minimum_gap"": 0.684544164309689, ""minimum_gap_s"": 0.6, ""omega_scale"": 1.1832159566199232}, {""gap_distortion"": 81.40124170170236, ""minimum_gap"": 0.8099825537934746, ""minimum_gap_s"": 0.62, ""omega_scale"": 1.4}]"
atlas,340,Flfq?,7,11,6,1,4,1,D\w,5,7,3,3,3,3,1.0,False,1.0,0.0070485135392850395,0.98,0.007048484490313811,0.98,1.0000041213073914,"[{""gap_distortion"": 1.0000041213073914, ""minimum_gap"": 0.007048484490313811, ""minimum_gap_s"": 0.98, ""omega_scale"": 1.0}, {""gap_distortion"": 1.3982294529311476, ""minimum_gap"": 0.009855439230012308, ""minimum_gap_s"": 0.98, ""omega_scale"": 1.1832159566199232}, {""gap_distortion"": 1.9541004055043316, ""minimum_gap"": 0.013773503165319667, ""minimum_gap_s"": 0.98, ""omega_scale"": 1.4}]"
atlas,341,Fxv_O,7,11,6,4,4,1,Dxw,5,7,3,3,3,3,1.0,False,1.0,0.01488923653756924,0.98,0.014889246735286576,0.98,1.0000006849053216,"[{""gap_distortion"": 1.0000006849053216, ""minimum_gap"": 0.014889246735286576, ""minimum_gap_s"": 0.98, ""omega_scale"": 1.0}, {""gap_distortion"": 1.3959249176235162, ""minimum_gap"": 0.02078425628718339, ""minimum_gap_s"": 0.98, ""omega_scale"": 1.1832159566199232}, {""gap_distortion"": 1.9464216870064508, ""minimum_gap"": 0.028980732899693606, ""minimum_gap_s"": 0.98, ""omega_scale"": 1.4}]"
atlas,342,Fxv_G,7,11,6,5,4,1,Dxs,5,7,3,3,3,3,1.0,False,1.0,0.004963479521790326,0.98,0.004963449441904189,0.98,1.00000606027854,"[{""gap_distortion"": 1.00000606027854, ""minimum_gap"": 0.004963449441904189, ""minimum_gap_s"": 0.98, ""omega_scale"": 1.0}, {""gap_distortion"": 1.3960135336553503, ""minimum_gap"": 0.0069290845864404815, ""minimum_gap_s"": 0.98, ""omega_scale"": 1.1832159566199232}, {""gap_distortion"": 1.9468104804644515, ""minimum_gap"": 0.00966295395259209, ""minimum_gap_s"": 0.98, ""omega_scale"": 1.4}]"
atlas,343,FrXwO,7,11,6,4,4,1,Dr[,5,7,3,3,4,3,0.75,True,1.0,0.007015017776848431,0.98,0.004963449441905077,0.98,1.4133351933883946,"[{""gap_distortion"": 1.4133351933883946, ""minimum_gap"": 0.004963449441905077, ""minimum_gap_s"": 0.98, ""omega_scale"": 1.0}, {""gap_distortion"": 1.0124018099845558, ""minimum_gap"": 0.0069290845864404815, ""minimum_gap_s"": 0.98, ""omega_scale"": 1.1832159566199232}, {""gap_distortion"": 1.3774667805519796, ""minimum_gap"": 0.009662953952590314, ""minimum_gap_s"": 0.98, ""omega_scale"": 1.4}]"
atlas,344,F^mI?,7,11,6,1,3,1,D~c,5,8,3,3,2,2,1.0,False,1.0,0.009950676217969523,0.98,0.009950615471440827,0.98,1.0000061048011422,"[{""gap_distortion"": 1.0000061048011422, ""minimum_gap"": 0.009950615471440827, ""minimum_gap_s"": 0.98, ""omega_scale"": 1.0}, {""gap_distortion"": 1.3972596765221705, ""minimum_gap"": 0.013903678633496952, ""minimum_gap_s"": 0.98, ""omega_scale"": 1.1832159566199232}, {""gap_distortion"": 1.9508711861043704, ""minimum_gap"": 0.019412487515890753, ""minimum_gap_s"": 0.98, ""omega_scale"": 1.4}]"
atlas,345,Fn{@G,7,11,5,6,2,1,Dn{,5,9,3,3,1,1,1.0,False,1.0,0.4414691218425557,0.6,0.5791163752953024,0.5800000000000001,1.3117936150964524,"[{""gap_distortion"": 1.3117936150964524, ""minimum_gap"": 0.5791163752953024, ""minimum_gap_s"": 0.5800000000000001, ""omega_scale"": 1.0}, {""gap_distortion"": 1.550604856467907, ""minimum_gap"": 0.684544164309689, ""minimum_gap_s"": 0.6, ""omega_scale"": 1.1832159566199232}, {""gap_distortion"": 1.8347433913675721, ""minimum_gap"": 0.8099825537934746, ""minimum_gap_s"": 0.62, ""omega_scale"": 1.4}]"
atlas,346,FhfwG,7,11,6,5,6,1,Dhc,5,5,3,3,5,5,1.0,False,1.0,0.006919808641479008,0.98,0.006919808453941911,0.98,1.0000000271014868,"[{""gap_distortion"": 1.0000000271014868, ""minimum_gap"": 0.006919808453941911, ""minimum_gap_s"": 0.98, ""omega_scale"": 1.0}, {""gap_distortion"": 1.40073109419721, ""minimum_gap"": 0.0096927911300142, ""minimum_gap_s"": 0.98, ""omega_scale"": 1.1832159566199232}, {""gap_distortion"": 1.962358714831132, ""minimum_gap"": 0.013579146792570107, ""minimum_gap_s"": 0.98, ""omega_scale"": 1.4}]"
atlas,347,FzNI?,7,11,6,1,5,1,Djc,5,6,3,3,4,4,1.0,False,1.0,0.005016250675036638,0.98,0.00501625714220566,0.98,1.0000012892435888,"[{""gap_distortion"": 1.0000012892435888, ""minimum_gap"": 0.00501625714220566, ""minimum_gap_s"": 0.98, ""omega_scale"": 1.0}, {""gap_distortion"": 1.4017386123358908, ""minimum_gap"": 0.007031472260354832, ""minimum_gap_s"": 0.98, ""omega_scale"": 1.1832159566199232}, {""gap_distortion"": 1.9657371266463364, ""minimum_gap"": 0.009860630188484265, ""minimum_gap_s"": 0.98, ""omega_scale"": 1.4}]"
atlas,348,Fhfy?,7,11,6,1,4,1,DL{,5,7,3,3,3,3,1.0,False,1.0,0.007048469652138678,0.98,0.007048484490316476,0.98,1.0000021051630397,"[{""gap_distortion"": 1.0000021051630397, ""minimum_gap"": 0.007048484490316476, ""minimum_gap_s"": 0.98, ""omega_scale"": 1.0}, {""gap_distortion"": 1.3982381589769688, ""minimum_gap"": 0.00985543923001142, ""minimum_gap_s"": 0.98, ""omega_scale"": 1.1832159566199232}, {""gap_distortion"": 1.9541125726688149, ""minimum_gap"": 0.013773503165318779, ""minimum_gap_s"": 0.98, ""omega_scale"": 1.4}]"
atlas,349,FjvH?,7,11,6,2,3,1,Dns,5,8,3,3,2,2,1.0,False,1.0,0.009950615474424218,0.98,0.009950615471441715,0.98,1.0000000002997305,"[{""gap_distortion"": 1.0000000002997305, ""minimum_gap"": 0.009950615471441715, ""minimum_gap_s"": 0.98, ""omega_scale"": 1.0}, {""gap_distortion"": 1.3972682060957113, ""minimum_gap"": 0.013903678633496952, ""minimum_gap_s"": 0.98, ""omega_scale"": 1.1832159566199232}, {""gap_distortion"": 1.9508830951998346, ""minimum_gap"": 0.01941248751588809, ""minimum_gap_s"": 0.98, ""omega_scale"": 1.4}]"
atlas,350,F^Mi?,7,11,6,1,3,1,Dzs,5,8,3,3,3,2,0.6666666666666666,True,1.0,0.004962933703840378,0.98,4.9443744914334786e-05,0.98,100.3753601681882,"[{""gap_distortion"": 100.3753601681882, ""minimum_gap"": 4.9443744914334786e-05, ""minimum_gap_s"": 0.98, ""omega_scale"": 1.0}, {""gap_distortion"": 51.439831202286214, ""minimum_gap"": 9.648036527032389e-05, ""minimum_gap_s"": 0.98, ""omega_scale"": 1.1832159566199232}, {""gap_distortion"": 26.40762210672472, ""minimum_gap"": 0.00018793565296348902, ""minimum_gap_s"": 0.98, ""omega_scale"": 1.4}]"
atlas,351,F?\vg,7,11,0,6,5,1,DFw,5,6,4,4,1,1,1.0,False,1.0,0.5649070131240439,0.52,0.5957518879526613,0.52,1.0546016850774065,"[{""gap_distortion"": 1.0546016850774065, ""minimum_gap"": 0.5957518879526613, ""minimum_gap_s"": 0.52, ""omega_scale"": 1.0}, {""gap_distortion"": 1.2472097698935183, ""minimum_gap"": 0.7045575458496736, ""minimum_gap_s"": 0.52, ""omega_scale"": 1.1832159566199232}, {""gap_distortion"": 1.4761000949364063, ""minimum_gap"": 0.8338592957026429, ""minimum_gap_s"": 0.52, ""omega_scale"": 1.4}]"
atlas,352,FyUy?,7,11,6,1,5,1,D`{,5,6,3,3,4,4,1.0,False,1.0,0.009950614279912173,0.98,0.0099506141282113,0.98,1.000000015245378,"[{""gap_distortion"": 1.000000015245378, ""minimum_gap"": 0.0099506141282113, ""minimum_gap_s"": 0.98, ""omega_scale"": 1.0}, {""gap_distortion"": 1.3972678645650987, ""minimum_gap"": 0.01390367356600386, ""minimum_gap_s"": 0.98, ""omega_scale"": 1.1832159566199232}, {""gap_distortion"": 1.950881421618905, ""minimum_gap"": 0.019412468532376437, ""minimum_gap_s"": 0.98, ""omega_scale"": 1.4}]"
atlas,353,FzNGG,7,11,6,5,4,1,DzK,5,7,3,3,3,3,1.0,False,1.0,0.007048477099342421,0.98,0.007048484490312035,0.98,1.000001048590995,"[{""gap_distortion"": 1.000001048590995, ""minimum_gap"": 0.007048484490312035, ""minimum_gap_s"": 0.98, ""omega_scale"": 1.0}, {""gap_distortion"": 1.398236681641483, ""minimum_gap"": 0.009855439230010532, ""minimum_gap_s"": 0.98, ""omega_scale"": 1.1832159566199232}, {""gap_distortion"": 1.95411050801355, ""minimum_gap"": 0.01377350316531789, ""minimum_gap_s"": 0.98, ""omega_scale"": 1.4}]"
atlas,354,FzNG_,7,11,6,3,4,1,Dxs,5,7,3,3,3,3,1.0,False,1.0,0.0049634341353161915,0.98,0.004963449441904189,0.98,1.0000030838704774,"[{""gap_distortion"": 1.0000030838704774, ""minimum_gap"": 0.004963449441904189, ""minimum_gap_s"": 0.98, ""omega_scale"": 1.0}, {""gap_distortion"": 1.396026299037223, ""minimum_gap"": 0.0069290845864404815, ""minimum_gap_s"": 0.98, ""omega_scale"": 1.1832159566199232}, {""gap_distortion"": 1.946828282425978, ""minimum_gap"": 0.00966295395259209, ""minimum_gap_s"": 0.98, ""omega_scale"": 1.4}]"
atlas,355,FlfoO,7,11,6,4,3,1,Dl{,5,8,3,3,2,2,1.0,False,1.0,4.944435259801594e-05,0.98,4.944374491877568e-05,0.98,1.0000122903158177,"[{""gap_distortion"": 1.0000122903158177, ""minimum_gap"": 4.944374491877568e-05, ""minimum_gap_s"": 0.98, ""omega_scale"": 1.0}, {""gap_distortion"": 1.9512919110059739, ""minimum_gap"": 9.648036526943571e-05, ""minimum_gap_s"": 0.98, ""omega_scale"": 1.1832159566199232}, {""gap_distortion"": 3.800952850873874, ""minimum_gap"": 0.00018793565296704173, ""minimum_gap_s"": 0.98, ""omega_scale"": 1.4}]"
atlas,356,Fxv__,7,11,6,3,3,1,D}w,5,8,3,3,2,2,1.0,False,1.0,0.00995061547437981,0.98,0.009950615471442603,0.98,1.0000000002951783,"[{""gap_distortion"": 1.0000000002951783, ""minimum_gap"": 0.009950615471442603, ""minimum_gap_s"": 0.98, ""omega_scale"": 1.0}, {""gap_distortion"": 1.3972682061019472, ""minimum_gap"": 0.013903678633496952, ""minimum_gap_s"": 0.98, ""omega_scale"": 1.1832159566199232}, {""gap_distortion"": 1.9508830952085412, ""minimum_gap"": 0.01941248751588809, ""minimum_gap_s"": 0.98, ""omega_scale"": 1.4}]"
atlas,357,F^NI?,7,11,6,1,4,1,Dzc,5,7,3,3,4,3,0.75,True,1.0,4.932213608910274e-05,0.98,0.004963449441904189,0.98,100.63330251831522,"[{""gap_distortion"": 100.63330251831522, ""minimum_gap"": 0.004963449441904189, ""minimum_gap_s"": 0.98, ""omega_scale"": 1.0}, {""gap_distortion"": 140.48630363293654, ""minimum_gap"": 0.006929084586438705, ""minimum_gap_s"": 0.98, ""omega_scale"": 1.1832159566199232}, {""gap_distortion"": 195.91515531958584, ""minimum_gap"": 0.009662953952590314, ""minimum_gap_s"": 0.98, ""omega_scale"": 1.4}]"
atlas,358,FyUx?,7,11,6,2,4,1,Djk,5,7,3,3,3,3,1.0,False,1.0,0.004963480079380744,0.98,0.004963449441902412,0.98,1.0000061726181944,"[{""gap_distortion"": 1.0000061726181944, ""minimum_gap"": 0.004963449441902412, ""minimum_gap_s"": 0.98, ""omega_scale"": 1.0}, {""gap_distortion"": 1.39601337682914, ""minimum_gap"": 0.0069290845864404815, ""minimum_gap_s"": 0.98, ""omega_scale"": 1.1832159566199232}, {""gap_distortion"": 1.9468102617624818, ""minimum_gap"": 0.00966295395259209, ""minimum_gap_s"": 0.98, ""omega_scale"": 1.4}]"
atlas,359,FrX{?,7,11,6,0,3,1,D]{,5,8,3,3,3,2,0.6666666666666666,True,1.0,0.00496296388310391,0.98,4.9443744921440214e-05,0.98,100.37597052952654,"[{""gap_distortion"": 100.37597052952654, ""minimum_gap"": 4.9443744921440214e-05, ""minimum_gap_s"": 0.98, ""omega_scale"": 1.0}, {""gap_distortion"": 51.44014400536095, ""minimum_gap"": 9.648036526854753e-05, ""minimum_gap_s"": 0.98, ""omega_scale"": 1.1832159566199232}, {""gap_distortion"": 26.40778268918599, ""minimum_gap"": 0.00018793565296704173, ""minimum_gap_s"": 0.98, ""omega_scale"": 1.4}]"
atlas,360,F?\~_,7,11,0,6,4,1,DF{,5,7,4,4,1,1,1.0,False,1.0,0.6668261654540204,0.5,0.7759408729688366,0.5,1.1636329123955769,"[{""gap_distortion"": 1.1636329123955769, ""minimum_gap"": 0.7759408729688366, ""minimum_gap_s"": 0.5, ""omega_scale"": 1.0}, {""gap_distortion"": 1.3768290295945598, ""minimum_gap"": 0.9181056222903203, ""minimum_gap_s"": 0.5, ""omega_scale"": 1.1832159566199232}, {""gap_distortion"": 1.6290860773538078, ""minimum_gap"": 1.0863172221563713, ""minimum_gap_s"": 0.5, ""omega_scale"": 1.4}]"
atlas,361,F~|A?,7,12,5,1,6,2,D~?,5,6,3,3,4,4,1.0,False,1.0,0.01980390286698075,0.98,0.01980390271855459,0.98,1.0000000074947935,"[{""gap_distortion"": 1.0000000074947935, ""minimum_gap"": 0.01980390271855459, ""minimum_gap_s"": 0.98, ""omega_scale"": 1.0}, {""gap_distortion"": 1.3946042090146176, ""minimum_gap"": 0.027618606293208003, ""minimum_gap_s"": 0.98, ""omega_scale"": 1.1832159566199232}, {""gap_distortion"": 1.9420615783718578, ""minimum_gap"": 0.038460398859771594, ""minimum_gap_s"": 0.98, ""omega_scale"": 1.4}]"
atlas,361,F~|A?,7,12,6,1,6,2,D~?,5,6,3,3,4,4,1.0,False,1.0,0.01980390286698075,0.98,0.01980390271855459,0.98,1.0000000074947935,"[{""gap_distortion"": 1.0000000074947935, ""minimum_gap"": 0.01980390271855459, ""minimum_gap_s"": 0.98, ""omega_scale"": 1.0}, {""gap_distortion"": 1.3946042090146176, ""minimum_gap"": 0.027618606293208003, ""minimum_gap_s"": 0.98, ""omega_scale"": 1.1832159566199232}, {""gap_distortion"": 1.9420615783718578, ""minimum_gap"": 0.038460398859771594, ""minimum_gap_s"": 0.98, ""omega_scale"": 1.4}]"
atlas,362,F~{OO,7,12,5,3,5,1,D~C,5,7,3,3,3,3,1.0,False,1.0,0.014889336962434996,0.98,0.014889246735288353,0.98,1.0000060598865912,"[{""gap_distortion"": 1.0000060598865912, ""minimum_gap"": 0.014889246735288353, ""minimum_gap_s"": 0.98, ""omega_scale"": 1.0}, {""gap_distortion"": 1.3959155024579644, ""minimum_gap"": 0.02078425628718339, ""minimum_gap_s"": 0.98, ""omega_scale"": 1.1832159566199232}, {""gap_distortion"": 1.9464085588772548, ""minimum_gap"": 0.028980732899690942, ""minimum_gap_s"": 0.98, ""omega_scale"": 1.4}]"
atlas,362,F~{OO,7,12,6,4,5,1,D~C,5,7,3,3,3,3,1.0,False,1.0,0.014889336962434996,0.98,0.014889246735288353,0.98,1.0000060598865912,"[{""gap_distortion"": 1.0000060598865912, ""minimum_gap"": 0.014889246735288353, ""minimum_gap_s"": 0.98, ""omega_scale"": 1.0}, {""gap_distortion"": 1.3959155024579644, ""minimum_gap"": 0.02078425628718339, ""minimum_gap_s"": 0.98, ""omega_scale"": 1.1832159566199232}, {""gap_distortion"": 1.9464085588772548, ""minimum_gap"": 0.028980732899690942, ""minimum_gap_s"": 0.98, ""omega_scale"": 1.4}]"
atlas,363,F~Xq?,7,12,6,1,6,1,DyW,5,6,4,4,1,1,1.0,False,1.0,0.6951973712728476,0.54,0.6999671351879921,0.54,1.0068610212182068,"[{""gap_distortion"": 1.0068610212182068, ""minimum_gap"": 0.6999671351879921, ""minimum_gap_s"": 0.54, ""omega_scale"": 1.0}, {""gap_distortion"": 1.1918634485912243, ""minimum_gap"": 0.8285803363768098, ""minimum_gap_s"": 0.54, ""omega_scale"": 1.1832159566199232}, {""gap_distortion"": 1.4103697676169333, ""minimum_gap"": 0.980485354969989, ""minimum_gap_s"": 0.56, ""omega_scale"": 1.4}]"
atlas,364,F~Xo_,7,12,6,3,5,1,DzW,5,7,4,4,1,1,1.0,False,1.0,0.7540257344024763,0.5,0.7759408729688366,0.5,1.0290641785372576,"[{""gap_distortion"": 1.0290641785372576, ""minimum_gap"": 0.7759408729688366, ""minimum_gap_s"": 0.5, ""omega_scale"": 1.0}, {""gap_distortion"": 1.2176051564312562, ""minimum_gap"": 0.9181056222903201, ""minimum_gap_s"": 0.5, ""omega_scale"": 1.1832159566199232}, {""gap_distortion"": 1.4406898499521612, ""minimum_gap"": 1.0863172221563717, ""minimum_gap_s"": 0.5, ""omega_scale"": 1.4}]"
atlas,365,Fn}GO,7,12,6,4,6,1,Dn_,5,6,3,3,4,4,1.0,False,1.0,0.009236515158043801,0.98,0.009236515021292746,0.98,1.0000000148054817,"[{""gap_distortion"": 1.0000000148054817, ""minimum_gap"": 0.009236515021292746, ""minimum_gap_s"": 0.98, ""omega_scale"": 1.0}, {""gap_distortion"": 1.3965433538906333, ""minimum_gap"": 0.012899193857076163, ""minimum_gap_s"": 0.98, ""omega_scale"": 1.1832159566199232}, {""gap_distortion"": 1.9484922720843831, ""minimum_gap"": 0.01799727840643861, ""minimum_gap_s"": 0.98, ""omega_scale"": 1.4}]"
atlas,366,Fn}I?,7,12,6,1,5,1,D^c,5,7,3,3,3,3,1.0,False,1.0,0.007048513537459833,0.98,0.007048484490312035,0.98,1.0000041210486932,"[{""gap_distortion"": 1.0000041210486932, ""minimum_gap"": 0.007048484490312035, ""minimum_gap_s"": 0.98, ""omega_scale"": 1.0}, {""gap_distortion"": 1.39822945329347, ""minimum_gap"": 0.009855439230014085, ""minimum_gap_s"": 0.98, ""omega_scale"": 1.1832159566199232}, {""gap_distortion"": 1.9541004060102183, ""minimum_gap"": 0.013773503165318779, ""minimum_gap_s"": 0.98, ""omega_scale"": 1.4}]"
atlas,367,F~Xs?,7,12,6,0,4,1,D}w,5,8,3,3,3,2,0.6666666666666666,True,1.0,0.007048454355341072,0.98,0.009950615471442603,0.98,1.4117443300036945,"[{""gap_distortion"": 1.4117443300036945, ""minimum_gap"": 0.009950615471442603, ""minimum_gap_s"": 0.98, ""omega_scale"": 1.0}, {""gap_distortion"": 1.972585468041122, ""minimum_gap"": 0.013903678633496952, ""minimum_gap_s"": 0.98, ""omega_scale"": 1.1832159566199232}, {""gap_distortion"": 2.7541481489736803, ""minimum_gap"": 0.01941248751588809, ""minimum_gap_s"": 0.98, ""omega_scale"": 1.4}]"
atlas,368,Fn}K?,7,12,6,0,5,1,D~C,5,7,3,3,3,3,1.0,False,1.0,0.014889236536063777,0.98,0.014889246735288353,0.98,1.0000006850065517,"[{""gap_distortion"": 1.0000006850065517, ""minimum_gap"": 0.014889246735288353, ""minimum_gap_s"": 0.98, ""omega_scale"": 1.0}, {""gap_distortion"": 1.3959249177646593, ""minimum_gap"": 0.02078425628718339, ""minimum_gap_s"": 0.98, ""omega_scale"": 1.1832159566199232}, {""gap_distortion"": 1.9464216872030762, ""minimum_gap"": 0.028980732899690942, ""minimum_gap_s"": 0.98, ""omega_scale"": 1.4}]"
atlas,369,Fn}H?,7,12,6,2,4,1,D~c,5,8,3,3,2,2,1.0,False,1.0,0.009950676216478271,0.98,0.009950615471440827,0.98,1.000006104651277,"[{""gap_distortion"": 1.000006104651277, ""minimum_gap"": 0.009950615471440827, ""minimum_gap_s"": 0.98, ""omega_scale"": 1.0}, {""gap_distortion"": 1.3972596767315701, ""minimum_gap"": 0.013903678633496952, ""minimum_gap_s"": 0.98, ""omega_scale"": 1.1832159566199232}, {""gap_distortion"": 1.9508711863967363, ""minimum_gap"": 0.019412487515890753, ""minimum_gap_s"": 0.98, ""omega_scale"": 1.4}]"
atlas,370,F~wY?,7,12,6,1,5,1,D}K,5,7,3,3,3,3,1.0,False,1.0,0.004963510146631656,0.98,0.004963449441904189,0.98,1.0000122303507224,"[{""gap_distortion"": 1.0000122303507224, ""minimum_gap"": 0.004963449441904189, ""minimum_gap_s"": 0.98, ""omega_scale"": 1.0}, {""gap_distortion"": 1.3960049202562461, ""minimum_gap"": 0.006929084586439593, ""minimum_gap_s"": 0.98, ""omega_scale"": 1.1832159566199232}, {""gap_distortion"": 1.9467984686496338, ""minimum_gap"": 0.009662953952589426, ""minimum_gap_s"": 0.98, ""omega_scale"": 1.4}]"
atlas,371,F~wWO,7,12,6,4,5,1,D~C,5,7,3,3,3,3,1.0,False,1.0,0.014889246849070226,0.98,0.014889246735288353,0.98,1.0000000076418825,"[{""gap_distortion"": 1.0000000076418825, ""minimum_gap"": 0.014889246735288353, ""minimum_gap_s"": 0.98, ""omega_scale"": 1.0}, {""gap_distortion"": 1.3959239508801133, ""minimum_gap"": 0.02078425628718339, ""minimum_gap_s"": 0.98, ""omega_scale"": 1.1832159566199232}, {""gap_distortion"": 1.946420339018066, ""minimum_gap"": 0.028980732899690942, ""minimum_gap_s"": 0.98, ""omega_scale"": 1.4}]"
atlas,372,F~{AG,7,12,5,6,2,1,D~{,5,10,2,2,9,5,0.5555555555555556,True,1.0,0.010015728693430148,0.98,0.024695076595958376,0.98,2.465629546470962,"[{""gap_distortion"": 2.465629546470962, ""minimum_gap"": 0.024695076595958376, ""minimum_gap_s"": 0.98, ""omega_scale"": 1.0}, {""gap_distortion"": 3.4354008911432263, ""minimum_gap"": 0.03440804327885871, ""minimum_gap_s"": 0.98, ""omega_scale"": 1.1832159566199232}, {""gap_distortion"": 4.777980041109606, ""minimum_gap"": 0.04785495179437804, ""minimum_gap_s"": 0.98, ""omega_scale"": 1.4}]"
atlas,373,FyVy?,7,12,6,1,6,1,D`{,5,6,3,3,4,4,1.0,False,1.0,0.009950614278257497,0.98,0.0099506141282113,0.98,1.000000015079089,"[{""gap_distortion"": 1.000000015079089, ""minimum_gap"": 0.0099506141282113, ""minimum_gap_s"": 0.98, ""omega_scale"": 1.0}, {""gap_distortion"": 1.3972678647974488, ""minimum_gap"": 0.01390367356600386, ""minimum_gap_s"": 0.98, ""omega_scale"": 1.1832159566199232}, {""gap_distortion"": 1.9508814219433148, ""minimum_gap"": 0.019412468532376437, ""minimum_gap_s"": 0.98, ""omega_scale"": 1.4}]"
atlas,374,FlNwG,7,12,6,5,6,1,DlK,5,6,3,3,4,4,1.0,False,1.0,0.005016257285062942,0.98,0.00501625714220566,0.98,1.0000000284788593,"[{""gap_distortion"": 1.0000000284788593, ""minimum_gap"": 0.00501625714220566, ""minimum_gap_s"": 0.98, ""omega_scale"": 1.0}, {""gap_distortion"": 1.4017367652358375, ""minimum_gap"": 0.007031472260354832, ""minimum_gap_s"": 0.98, ""omega_scale"": 1.1832159566199232}, {""gap_distortion"": 1.9657345363544467, ""minimum_gap"": 0.009860630188487818, ""minimum_gap_s"": 0.98, ""omega_scale"": 1.4}]"
atlas,375,F}RBg,7,12,4,1,6,1,Ds[,5,6,4,4,1,1,1.0,False,1.0,0.5913272933402751,0.52,0.5957518879526611,0.52,1.0074824799433701,"[{""gap_distortion"": 1.0074824799433701, ""minimum_gap"": 0.5957518879526611, ""minimum_gap_s"": 0.52, ""omega_scale"": 1.0}, {""gap_distortion"": 1.1914849082473196, ""minimum_gap"": 0.7045575458496736, ""minimum_gap_s"": 0.52, ""omega_scale"": 1.1832159566199232}, {""gap_distortion"": 1.4101484999827405, ""minimum_gap"": 0.8338592957026429, ""minimum_gap_s"": 0.52, ""omega_scale"": 1.4}]"
atlas,376,FlNw_,7,12,6,3,5,1,Dh{,5,7,3,3,3,3,1.0,False,1.0,0.0070484770978982425,0.98,0.007048484490313811,0.98,1.0000010487961393,"[{""gap_distortion"": 1.0000010487961393, ""minimum_gap"": 0.007048484490313811, ""minimum_gap_s"": 0.98, ""omega_scale"": 1.0}, {""gap_distortion"": 1.3982366819279708, ""minimum_gap"": 0.009855439230010532, ""minimum_gap_s"": 0.98, ""omega_scale"": 1.1832159566199232}, {""gap_distortion"": 1.954110508413932, ""minimum_gap"": 0.01377350316531789, ""minimum_gap_s"": 0.98, ""omega_scale"": 1.4}]"
atlas,377,F~XoO,7,12,6,4,3,1,D~[,5,9,3,3,2,1,0.5,True,1.0,0.00995049383554214,0.98,0.5791163752953026,0.5800000000000001,58.199762229564776,"[{""gap_distortion"": 58.199762229564776, ""minimum_gap"": 0.5791163752953026, ""minimum_gap_s"": 0.5800000000000001, ""omega_scale"": 1.0}, {""gap_distortion"": 68.79499405994981, ""minimum_gap"": 0.6845441643096888, ""minimum_gap_s"": 0.6, ""omega_scale"": 1.1832159566199232}, {""gap_distortion"": 81.40124170524082, ""minimum_gap"": 0.8099825537934746, ""minimum_gap_s"": 0.62, ""omega_scale"": 1.4}]"
atlas,378,FyVx?,7,12,6,2,4,1,Dj{,5,8,3,3,2,2,1.0,False,1.0,0.009950615472932078,0.98,0.009950615471438162,0.98,1.000000000150133,"[{""gap_distortion"": 1.000000000150133, ""minimum_gap"": 0.009950615471438162, ""minimum_gap_s"": 0.98, ""omega_scale"": 1.0}, {""gap_distortion"": 1.3972682063050594, ""minimum_gap"": 0.013903678633495176, ""minimum_gap_s"": 0.98, ""omega_scale"": 1.1832159566199232}, {""gap_distortion"": 1.9508830954923781, ""minimum_gap"": 0.01941248751588809, ""minimum_gap_s"": 0.98, ""omega_scale"": 1.4}]"
atlas,379,F}bBg,7,12,4,0,5,1,Ds{,5,7,4,4,1,1,1.0,False,1.0,0.7123562462018025,0.5,0.7759408729688366,0.5,1.0892595904170979,"[{""gap_distortion"": 1.0892595904170979, ""minimum_gap"": 0.7759408729688366, ""minimum_gap_s"": 0.5, ""omega_scale"": 1.0}, {""gap_distortion"": 1.288829328282792, ""minimum_gap"": 0.9181056222903203, ""minimum_gap_s"": 0.5, ""omega_scale"": 1.1832159566199232}, {""gap_distortion"": 1.5249634265839371, ""minimum_gap"": 1.0863172221563715, ""minimum_gap_s"": 0.5, ""omega_scale"": 1.4}]"
atlas,380,FR~g_,7,12,6,3,4,1,DV{,5,8,3,3,2,2,1.0,False,1.0,0.009950615473256263,0.98,0.009950615471440827,0.98,1.0000000001824447,"[{""gap_distortion"": 1.0000000001824447, ""minimum_gap"": 0.009950615471440827, ""minimum_gap_s"": 0.98, ""omega_scale"": 1.0}, {""gap_distortion"": 1.3972682062595372, ""minimum_gap"": 0.013903678633495176, ""minimum_gap_s"": 0.98, ""omega_scale"": 1.1832159566199232}, {""gap_distortion"": 1.9508830954289982, ""minimum_gap"": 0.019412487515889865, ""minimum_gap_s"": 0.98, ""omega_scale"": 1.4}]"
atlas,381,FR~k?,7,12,6,0,4,1,D^s,5,8,3,3,2,2,1.0,False,1.0,4.944435107834266e-05,0.98,4.9443744915222965e-05,0.98,1.0000122596522723,"[{""gap_distortion"": 1.0000122596522723, ""minimum_gap"": 4.9443744915222965e-05, ""minimum_gap_s"": 0.98, ""omega_scale"": 1.0}, {""gap_distortion"": 1.9512919709969392, ""minimum_gap"": 9.648036527032389e-05, ""minimum_gap_s"": 0.98, ""omega_scale"": 1.1832159566199232}, {""gap_distortion"": 3.8009529677321745, ""minimum_gap"": 0.0001879356529688181, ""minimum_gap_s"": 0.98, ""omega_scale"": 1.4}]"
atlas,382,Fn}GG,7,12,6,5,3,1,Dn{,5,9,3,3,1,1,1.0,False,1.0,0.4977005520121107,0.6,0.5791163752953024,0.5800000000000001,1.1635839521456077,"[{""gap_distortion"": 1.1635839521456077, ""minimum_gap"": 0.5791163752953024, ""minimum_gap_s"": 0.5800000000000001, ""omega_scale"": 1.0}, {""gap_distortion"": 1.3754137132100905, ""minimum_gap"": 0.684544164309689, ""minimum_gap_s"": 0.6, ""omega_scale"": 1.1832159566199232}, {""gap_distortion"": 1.6274495789061634, ""minimum_gap"": 0.8099825537934746, ""minimum_gap_s"": 0.62, ""omega_scale"": 1.4}]"
atlas,383,Fl^gG,7,12,6,5,5,1,Dl[,5,7,3,3,3,3,1.0,False,1.0,0.004963418854259771,0.98,0.0049634494419033,0.98,1.0000061626158152,"[{""gap_distortion"": 1.0000061626158152, ""minimum_gap"": 0.0049634494419033, ""minimum_gap_s"": 0.98, ""omega_scale"": 1.0}, {""gap_distortion"": 1.396030597033499, ""minimum_gap"": 0.006929084586439593, ""minimum_gap_s"": 0.98, ""omega_scale"": 1.1832159566199232}, {""gap_distortion"": 1.9468342761961615, ""minimum_gap"": 0.009662953952591202, ""minimum_gap_s"": 0.98, ""omega_scale"": 1.4}]"
atlas,384,Fp~oO,7,12,6,4,5,1,Dp{,5,7,3,3,3,3,1.0,False,1.0,0.007048484601593685,0.98,0.007048484490310258,0.98,1.0000000157882771,"[{""gap_distortion"": 1.0000000157882771, ""minimum_gap"": 0.007048484490310258, ""minimum_gap_s"": 0.98, ""omega_scale"": 1.0}, {""gap_distortion"": 1.398235193389255, ""minimum_gap"": 0.009855439230010532, ""minimum_gap_s"": 0.98, ""omega_scale"": 1.1832159566199232}, {""gap_distortion"": 1.9541084281015038, ""minimum_gap"": 0.01377350316531789, ""minimum_gap_s"": 0.98, ""omega_scale"": 1.4}]"
atlas,385,Fp~s?,7,12,6,0,5,1,DNw,5,7,3,3,3,3,1.0,False,1.0,0.004963464761252645,0.98,0.004963449441904189,0.98,1.0000030864318525,"[{""gap_distortion"": 1.0000030864318525, ""minimum_gap"": 0.004963449441904189, ""minimum_gap_s"": 0.98, ""omega_scale"": 1.0}, {""gap_distortion"": 1.3960176851727597, ""minimum_gap"": 0.0069290845864404815, ""minimum_gap_s"": 0.98, ""omega_scale"": 1.1832159566199232}, {""gap_distortion"": 1.946816269962123, ""minimum_gap"": 0.009662953952590314, ""minimum_gap_s"": 0.98, ""omega_scale"": 1.4}]"
atlas,386,F}BJg,7,12,4,5,4,1,D}[,5,8,3,3,3,2,0.6666666666666666,True,1.0,0.004962948565454539,0.98,4.9443744915222965e-05,0.98,100.3756607426094,"[{""gap_distortion"": 100.3756607426094, ""minimum_gap"": 4.9443744915222965e-05, ""minimum_gap_s"": 0.98, ""omega_scale"": 1.0}, {""gap_distortion"": 51.43998523999243, ""minimum_gap"": 9.648036527032389e-05, ""minimum_gap_s"": 0.98, ""omega_scale"": 1.1832159566199232}, {""gap_distortion"": 26.407701184680487, ""minimum_gap"": 0.00018793565296526538, ""minimum_gap_s"": 0.98, ""omega_scale"": 1.4}]"
atlas,387,Fp~o_,7,12,6,3,4,1,Dvw,5,8,3,3,2,2,1.0,False,1.0,4.9444058950243175e-05,0.98,4.9443744915222965e-05,0.98,1.0000063513599293,"[{""gap_distortion"": 1.0000063513599293, ""minimum_gap"": 4.9443744915222965e-05, ""minimum_gap_s"": 0.98, ""omega_scale"": 1.0}, {""gap_distortion"": 1.9513034997989802, ""minimum_gap"": 9.64803652738766e-05, ""minimum_gap_s"": 0.98, ""omega_scale"": 1.1832159566199232}, {""gap_distortion"": 3.8009754246590037, ""minimum_gap"": 0.00018793565296526538, ""minimum_gap_s"": 0.98, ""omega_scale"": 1.4}]"
atlas,388,Fl^k?,7,12,6,0,4,1,Dns,5,8,3,3,2,2,1.0,False,1.0,0.009950615548983244,0.98,0.009950615471441715,0.98,1.0000000077926365,"[{""gap_distortion"": 1.0000000077926365, ""minimum_gap"": 0.009950615471441715, ""minimum_gap_s"": 0.98, ""omega_scale"": 1.0}, {""gap_distortion"": 1.3972681956261122, ""minimum_gap"": 0.013903678633496952, ""minimum_gap_s"": 0.98, ""omega_scale"": 1.1832159566199232}, {""gap_distortion"": 1.9508830805820512, ""minimum_gap"": 0.01941248751588809, ""minimum_gap_s"": 0.98, ""omega_scale"": 1.4}]"
atlas,389,F~wWG,7,12,6,5,3,1,D~w,5,9,3,3,1,1,1.0,False,1.0,0.4467462650754448,0.6,0.5791163752953027,0.5800000000000001,1.2962981910940066,"[{""gap_distortion"": 1.2962981910940066, ""minimum_gap"": 0.5791163752953027, ""minimum_gap_s"": 0.5800000000000001, ""omega_scale"": 1.0}, {""gap_distortion"": 1.5322884998133914, ""minimum_gap"": 0.684544164309689, ""minimum_gap_s"": 0.6, ""omega_scale"": 1.1832159566199232}, {""gap_distortion"": 1.8130706781772161, ""minimum_gap"": 0.8099825537934751, ""minimum_gap_s"": 0.62, ""omega_scale"": 1.4}]"
atlas,390,F@\|w,7,13,0,6,5,1,DN{,5,8,3,3,2,2,1.0,False,1.0,0.009950676214979914,0.98,0.009950615471442603,0.98,1.000006104500519,"[{""gap_distortion"": 1.000006104500519, ""minimum_gap"": 0.009950615471442603, ""minimum_gap_s"": 0.98, ""omega_scale"": 1.0}, {""gap_distortion"": 1.3972596769419672, ""minimum_gap"": 0.013903678633496952, ""minimum_gap_s"": 0.98, ""omega_scale"": 1.1832159566199232}, {""gap_distortion"": 1.950871186690406, ""minimum_gap"": 0.019412487515889865, ""minimum_gap_s"": 0.98, ""omega_scale"": 1.4}]"
atlas,391,F~{WO,7,13,6,4,6,1,D~C,5,7,3,3,3,3,1.0,False,1.0,0.014889246847833881,0.98,0.014889246735288353,0.98,1.0000000075588464,"[{""gap_distortion"": 1.0000000075588464, ""minimum_gap"": 0.014889246735288353, ""minimum_gap_s"": 0.98, ""omega_scale"": 1.0}, {""gap_distortion"": 1.3959239509960255, ""minimum_gap"": 0.02078425628718339, ""minimum_gap_s"": 0.98, ""omega_scale"": 1.1832159566199232}, {""gap_distortion"": 1.9464203391796893, ""minimum_gap"": 0.028980732899690942, ""minimum_gap_s"": 0.98, ""omega_scale"": 1.4}]"
atlas,392,F}~I?,7,13,6,1,6,1,Dvc,5,7,4,4,1,1,1.0,False,1.0,0.7531400729295357,0.5,0.7759408729688366,0.5,1.0302743153084541,"[{""gap_distortion"": 1.0302743153084541, ""minimum_gap"": 0.7759408729688366, ""minimum_gap_s"": 0.5, ""omega_scale"": 1.0}, {""gap_distortion"": 1.219037009568629, ""minimum_gap"": 0.9181056222903203, ""minimum_gap_s"": 0.5, ""omega_scale"": 1.1832159566199232}, {""gap_distortion"": 1.4423840414318363, ""minimum_gap"": 1.0863172221563715, ""minimum_gap_s"": 0.5, ""omega_scale"": 1.4}]"
atlas,393,Ftilg,7,13,1,0,6,1,Dts,5,7,3,3,3,3,1.0,False,1.0,0.0070484846003751045,0.98,0.0070484844903155874,0.98,1.0000000156146356,"[{""gap_distortion"": 1.0000000156146356, ""minimum_gap"": 0.0070484844903155874, ""minimum_gap_s"": 0.98, ""omega_scale"": 1.0}, {""gap_distortion"": 1.3982351936311155, ""minimum_gap"": 0.00985543923001142, ""minimum_gap_s"": 0.98, ""omega_scale"": 1.1832159566199232}, {""gap_distortion"": 1.9541084284392147, ""minimum_gap"": 0.013773503165317003, ""minimum_gap_s"": 0.98, ""omega_scale"": 1.4}]"
atlas,394,F@\}w,7,13,0,6,5,1,DN{,5,8,3,3,2,2,1.0,False,1.0,0.009950615472137159,0.98,0.009950615471442603,0.98,1.0000000000698002,"[{""gap_distortion"": 1.0000000000698002, ""minimum_gap"": 0.009950615471442603, ""minimum_gap_s"": 0.98, ""omega_scale"": 1.0}, {""gap_distortion"": 1.3972682064168607, ""minimum_gap"": 0.013903678633496952, ""minimum_gap_s"": 0.98, ""omega_scale"": 1.1832159566199232}, {""gap_distortion"": 1.950883095648406, ""minimum_gap"": 0.019412487515889865, ""minimum_gap_s"": 0.98, ""omega_scale"": 1.4}]"
atlas,395,FC\zw,7,13,0,3,4,1,D^{,5,9,3,3,2,1,0.5,True,1.0,0.009950493834924856,0.98,0.5791163752953027,0.5800000000000001,58.199762233175235,"[{""gap_distortion"": 58.199762233175235, ""minimum_gap"": 0.5791163752953027, ""minimum_gap_s"": 0.5800000000000001, ""omega_scale"": 1.0}, {""gap_distortion"": 68.79499406421758, ""minimum_gap"": 0.684544164309689, ""minimum_gap_s"": 0.6, ""omega_scale"": 1.1832159566199232}, {""gap_distortion"": 81.40124171029062, ""minimum_gap"": 0.8099825537934748, ""minimum_gap_s"": 0.62, ""omega_scale"": 1.4}]"
atlas,396,Fse|o,7,13,1,0,6,1,DNw,5,7,3,3,3,3,1.0,False,1.0,0.00496344948092009,0.98,0.004963449441904189,0.98,1.0000000078606426,"[{""gap_distortion"": 1.0000000078606426, ""minimum_gap"": 0.004963449441904189, ""minimum_gap_s"": 0.98, ""omega_scale"": 1.0}, {""gap_distortion"": 1.3960219829125802, ""minimum_gap"": 0.0069290845864404815, ""minimum_gap_s"": 0.98, ""omega_scale"": 1.1832159566199232}, {""gap_distortion"": 1.9468222633745962, ""minimum_gap"": 0.009662953952590314, ""minimum_gap_s"": 0.98, ""omega_scale"": 1.4}]"
atlas,397,F@\~g,7,13,0,6,5,1,DN{,5,8,3,3,2,2,1.0,False,1.0,0.009950615548138586,0.98,0.009950615471442603,0.98,1.0000000077076623,"[{""gap_distortion"": 1.0000000077076623, ""minimum_gap"": 0.009950615471442603, ""minimum_gap_s"": 0.98, ""omega_scale"": 1.0}, {""gap_distortion"": 1.3972681957447193, ""minimum_gap"": 0.013903678633496952, ""minimum_gap_s"": 0.98, ""omega_scale"": 1.1832159566199232}, {""gap_distortion"": 1.9508830807478303, ""minimum_gap"": 0.019412487515889865, ""minimum_gap_s"": 0.98, ""omega_scale"": 1.4}]"
atlas,398,FBX|w,7,13,0,6,5,1,D]{,5,8,3,3,2,2,1.0,False,1.0,4.9444057814262976e-05,0.98,4.9443744921440214e-05,0.98,1.000006328258979,"[{""gap_distortion"": 1.000006328258979, ""minimum_gap"": 4.9443744921440214e-05, ""minimum_gap_s"": 0.98, ""omega_scale"": 1.0}, {""gap_distortion"": 1.9513035445225155, ""minimum_gap"": 9.648036526854753e-05, ""minimum_gap_s"": 0.98, ""omega_scale"": 1.1832159566199232}, {""gap_distortion"": 3.8009755120225694, ""minimum_gap"": 0.00018793565296704173, ""minimum_gap_s"": 0.98, ""omega_scale"": 1.4}]"
atlas,399,Fp~y?,7,13,6,1,4,1,Dn{,5,9,3,3,1,1,1.0,False,1.0,0.5510450285533028,0.6,0.5791163752953024,0.5800000000000001,1.0509420197759467,"[{""gap_distortion"": 1.0509420197759467, ""minimum_gap"": 0.5791163752953024, ""minimum_gap_s"": 0.5800000000000001, ""omega_scale"": 1.0}, {""gap_distortion"": 1.2422653845673388, ""minimum_gap"": 0.684544164309689, ""minimum_gap_s"": 0.6, ""omega_scale"": 1.1832159566199232}, {""gap_distortion"": 1.4699026609857613, ""minimum_gap"": 0.8099825537934746, ""minimum_gap_s"": 0.62, ""omega_scale"": 1.4}]"
atlas,400,F~{WG,7,13,6,5,3,1,D~{,5,10,2,2,8,5,0.625,True,1.0,0.011928083109777887,0.98,0.024695076595958376,0.98,2.0703306951068203,"[{""gap_distortion"": 2.0703306951068203, ""minimum_gap"": 0.024695076595958376, ""minimum_gap_s"": 0.98, ""omega_scale"": 1.0}, {""gap_distortion"": 2.8846247097870386, ""minimum_gap"": 0.03440804327885871, ""minimum_gap_s"": 0.98, ""omega_scale"": 1.1832159566199232}, {""gap_distortion"": 4.011956603081478, ""minimum_gap"": 0.04785495179437804, ""minimum_gap_s"": 0.98, ""omega_scale"": 1.4}]"
atlas,401,FB^bw,7,13,0,5,4,1,D^{,5,9,3,3,1,1,1.0,False,1.0,0.4974799148486799,0.5800000000000001,0.5791163752953027,0.5800000000000001,1.164100012904952,"[{""gap_distortion"": 1.164100012904952, ""minimum_gap"": 0.5791163752953027, ""minimum_gap_s"": 0.5800000000000001, ""omega_scale"": 1.0}, {""gap_distortion"": 1.3760237225213585, ""minimum_gap"": 0.684544164309689, ""minimum_gap_s"": 0.6, ""omega_scale"": 1.1832159566199232}, {""gap_distortion"": 1.628171368566407, ""minimum_gap"": 0.8099825537934748, ""minimum_gap_s"": 0.62, ""omega_scale"": 1.4}]"
atlas,402,FBX~o,7,13,0,6,5,1,D]{,5,8,3,3,2,2,1.0,False,1.0,4.9443822478068e-05,0.98,4.9443744921440214e-05,0.98,1.000001568583203,"[{""gap_distortion"": 1.000001568583203, ""minimum_gap"": 4.9443744921440214e-05, ""minimum_gap_s"": 0.98, ""omega_scale"": 1.0}, {""gap_distortion"": 1.9513128320801598, ""minimum_gap"": 9.648036526854753e-05, ""minimum_gap_s"": 0.98, ""omega_scale"": 1.1832159566199232}, {""gap_distortion"": 3.800993603405261, ""minimum_gap"": 0.00018793565296704173, ""minimum_gap_s"": 0.98, ""omega_scale"": 1.4}]"
atlas,403,F~~I?,7,14,6,1,6,1,D~c,5,8,3,3,2,2,1.0,False,1.0,0.009950615547303698,0.98,0.009950615471440827,0.98,1.0000000076239377,"[{""gap_distortion"": 1.0000000076239377, ""minimum_gap"": 0.009950615471440827, ""minimum_gap_s"": 0.98, ""omega_scale"": 1.0}, {""gap_distortion"": 1.3972681958619544, ""minimum_gap"": 0.013903678633496952, ""minimum_gap_s"": 0.98, ""omega_scale"": 1.1832159566199232}, {""gap_distortion"": 1.9508830809116047, ""minimum_gap"": 0.019412487515890753, ""minimum_gap_s"": 0.98, ""omega_scale"": 1.4}]"
atlas,404,FB\|w,7,14,0,6,5,1,D^{,5,9,3,3,1,1,1.0,False,1.0,0.5915409533919918,0.6,0.5791163752953027,0.5800000000000001,1.021454371913337,"[{""gap_distortion"": 1.021454371913337, ""minimum_gap"": 0.5791163752953027, ""minimum_gap_s"": 0.5800000000000001, ""omega_scale"": 1.0}, {""gap_distortion"": 1.1572219309320881, ""minimum_gap"": 0.684544164309689, ""minimum_gap_s"": 0.6, ""omega_scale"": 1.1832159566199232}, {""gap_distortion"": 1.369275532233066, ""minimum_gap"": 0.8099825537934748, ""minimum_gap_s"": 0.62, ""omega_scale"": 1.4}]"
atlas,405,Fsmtw,7,14,1,0,6,1,D]{,5,8,3,3,2,2,1.0,False,1.0,4.944382162541672e-05,0.98,4.9443744921440214e-05,0.98,1.0000015513383265,"[{""gap_distortion"": 1.0000015513383265, ""minimum_gap"": 4.9443744921440214e-05, ""minimum_gap_s"": 0.98, ""omega_scale"": 1.0}, {""gap_distortion"": 1.9513128657302565, ""minimum_gap"": 9.648036526854753e-05, ""minimum_gap_s"": 0.98, ""omega_scale"": 1.1832159566199232}, {""gap_distortion"": 3.800993668952825, ""minimum_gap"": 0.00018793565296704173, ""minimum_gap_s"": 0.98, ""omega_scale"": 1.4}]"
atlas,406,FB\~W,7,14,0,6,5,1,D^{,5,9,3,3,1,1,1.0,False,1.0,0.5411971544888876,0.5800000000000001,0.5791163752953027,0.5800000000000001,1.0700654474841547,"[{""gap_distortion"": 1.0700654474841547, ""minimum_gap"": 0.5791163752953027, ""minimum_gap_s"": 0.5800000000000001, ""omega_scale"": 1.0}, {""gap_distortion"": 1.2648702208277127, ""minimum_gap"": 0.684544164309689, ""minimum_gap_s"": 0.6, ""omega_scale"": 1.1832159566199232}, {""gap_distortion"": 1.4966496905521076, ""minimum_gap"": 0.8099825537934748, ""minimum_gap_s"": 0.62, ""omega_scale"": 1.4}]"
atlas,407,FK\zw,7,14,0,3,4,1,D~{,5,10,2,2,7,5,0.7142857142857143,True,1.0,0.014755802315661093,0.98,0.024695076595958376,0.98,1.6735841310199866,"[{""gap_distortion"": 1.6735841310199866, ""minimum_gap"": 0.024695076595958376, ""minimum_gap_s"": 0.98, ""omega_scale"": 1.0}, {""gap_distortion"": 2.3318314072518906, ""minimum_gap"": 0.03440804327885871, ""minimum_gap_s"": 0.98, ""omega_scale"": 1.1832159566199232}, {""gap_distortion"": 3.243127738543035, ""minimum_gap"": 0.04785495179437804, ""minimum_gap_s"": 0.98, ""omega_scale"": 1.4}]"
atlas,408,Fz~y?,7,15,6,1,6,1,Dn{,5,9,3,3,1,1,1.0,False,1.0,0.5752404250905343,0.5800000000000001,0.5791163752953024,0.5800000000000001,1.0067379656152609,"[{""gap_distortion"": 1.0067379656152609, ""minimum_gap"": 0.5791163752953024, ""minimum_gap_s"": 0.5800000000000001, ""omega_scale"": 1.0}, {""gap_distortion"": 1.1900140088415239, ""minimum_gap"": 0.684544164309689, ""minimum_gap_s"": 0.6, ""omega_scale"": 1.1832159566199232}, {""gap_distortion"": 1.4080765510629671, ""minimum_gap"": 0.8099825537934746, ""minimum_gap_s"": 0.62, ""omega_scale"": 1.4}]"
atlas,409,Fz~{?,7,15,6,0,5,1,D~{,5,10,2,2,6,5,0.8333333333333334,True,1.0,0.017596655481642465,0.98,0.024695076595958376,0.98,1.4033960386234343,"[{""gap_distortion"": 1.4033960386234343, ""minimum_gap"": 0.024695076595958376, ""minimum_gap_s"": 0.98, ""omega_scale"": 1.0}, {""gap_distortion"": 1.9553740376831588, ""minimum_gap"": 0.03440804327885871, ""minimum_gap_s"": 0.98, ""omega_scale"": 1.1832159566199232}, {""gap_distortion"": 2.7195481461975684, ""minimum_gap"": 0.04785495179437804, ""minimum_gap_s"": 0.98, ""omega_scale"": 1.4}]"
atlas,410,F~~x?,7,16,6,2,6,1,D~{,5,10,2,2,5,5,1.0,False,1.0,0.024695224095388824,0.98,0.024695076595958376,0.98,1.0000059728274127,"[{""gap_distortion"": 1.0000059728274127, ""minimum_gap"": 0.024695076595958376, ""minimum_gap_s"": 0.98, ""omega_scale"": 1.0}, {""gap_distortion"": 1.393307594454407, ""minimum_gap"": 0.03440804327885871, ""minimum_gap_s"": 0.98, ""omega_scale"": 1.1832159566199232}, {""gap_distortion"": 1.9378221314992514, ""minimum_gap"": 0.04785495179437804, ""minimum_gap_s"": 0.98, ""omega_scale"": 1.4}]"
unit_disk,0,G@nhKW,8,13,1,5,6,1,ENQO,6,7,4,4,2,2,1.0,False,1.0,0.009950554654508892,0.98,0.009950554579024384,0.98,1.0000000075859599,"[{""gap_distortion"": 1.0000000075859599, ""minimum_gap"": 0.009950554579024384, ""minimum_gap_s"": 0.98, ""omega_scale"": 1.0}, {""gap_distortion"": 1.3311572402947687, ""minimum_gap"": 0.013245752873298322, ""minimum_gap_s"": 0.98, ""omega_scale"": 1.1547005383792515}, {""gap_distortion"": 1.7710405119430537, ""minimum_gap"": 0.017622835409438764, ""minimum_gap_s"": 0.98, ""omega_scale"": 1.3333333333333333}]"
unit_disk,1,Gxw?cG,8,10,5,7,2,1,ExwO,6,8,3,3,12,7,0.5833333333333334,True,1.0,0.009397162542292392,0.98,0.009655321856692822,0.98,1.0274720494871268,"[{""gap_distortion"": 1.0274720494871268, ""minimum_gap"": 0.009655321856692822, ""minimum_gap_s"": 0.98, ""omega_scale"": 1.0}, {""gap_distortion"": 1.3674035972889416, ""minimum_gap"": 0.012849713864639511, ""minimum_gap_s"": 0.98, ""omega_scale"": 1.1547005383792515}, {""gap_distortion"": 1.8187151871691531, ""minimum_gap"": 0.017090762231964263, ""minimum_gap_s"": 0.98, ""omega_scale"": 1.3333333333333333}]"
unit_disk,1,Gxw?cG,8,10,6,3,2,1,E~AG,6,8,3,3,12,7,0.5833333333333334,True,1.0,0.009397162542292392,0.98,0.009655321856691046,0.98,1.0274720494869376,"[{""gap_distortion"": 1.0274720494869376, ""minimum_gap"": 0.009655321856691046, ""minimum_gap_s"": 0.98, ""omega_scale"": 1.0}, {""gap_distortion"": 1.3674035972893195, ""minimum_gap"": 0.012849713864643064, ""minimum_gap_s"": 0.98, ""omega_scale"": 1.1547005383792515}, {""gap_distortion"": 1.818715187169342, ""minimum_gap"": 0.01709076223196604, ""minimum_gap_s"": 0.98, ""omega_scale"": 1.3333333333333333}]"
unit_disk,2,G~JsGC,8,14,4,2,5,1,E~cG,6,9,3,3,6,6,1.0,False,1.0,0.011079677541045996,0.98,0.011079624983116432,0.98,1.0000047436560031,"[{""gap_distortion"": 1.0000047436560031, ""minimum_gap"": 0.011079624983116432, ""minimum_gap_s"": 0.98, ""omega_scale"": 1.0}, {""gap_distortion"": 1.3294108503486, ""minimum_gap"": 0.014729443541430243, ""minimum_gap_s"": 0.98, ""omega_scale"": 1.1547005383792515}, {""gap_distortion"": 1.7657077424519168, ""minimum_gap"": 0.01956347241809553, ""minimum_gap_s"": 0.98, ""omega_scale"": 1.3333333333333333}]"
unit_disk,2,G~JsGC,8,14,7,6,3,1,E~Jo,6,11,3,3,6,4,0.6666666666666666,True,1.0,0.011079677541045996,0.98,0.019804021858633725,0.98,1.7874186126146134,"[{""gap_distortion"": 1.7874186126146134, ""minimum_gap"": 0.019804021858633725, ""minimum_gap_s"": 0.98, ""omega_scale"": 1.0}, {""gap_distortion"": 2.3755714732951474, ""minimum_gap"": 0.026320565899817794, ""minimum_gap_s"": 0.98, ""omega_scale"": 1.1547005383792515}, {""gap_distortion"": 3.1540290880304886, ""minimum_gap"": 0.03494562525045719, ""minimum_gap_s"": 0.98, ""omega_scale"": 1.3333333333333333}]"
unit_disk,3,Gszka?,8,13,7,1,4,1,Euu_,6,9,3,3,8,6,0.75,True,1.0,0.009236664293950092,0.98,0.009950672518605153,0.98,1.0773015237895707,"[{""gap_distortion"": 1.0773015237895707, ""minimum_gap"": 0.009950672518605153, ""minimum_gap_s"": 0.98, ""omega_scale"": 1.0}, {""gap_distortion"": 1.4340704305023706, ""minimum_gap"": 0.013246027140430883, ""minimum_gap_s"": 0.98, ""omega_scale"": 1.1547005383792515}, {""gap_distortion"": 1.9079906694466666, ""minimum_gap"": 0.01762346928966796, ""minimum_gap_s"": 0.98, ""omega_scale"": 1.3333333333333333}]"
unit_disk,4,G~aoN_,8,15,4,0,6,1,EzF_,6,9,3,3,6,6,1.0,False,1.0,0.01107971943495123,0.98,0.011079624983115544,0.98,1.0000085248224402,"[{""gap_distortion"": 1.0000085248224402, ""minimum_gap"": 0.011079624983115544, ""minimum_gap_s"": 0.98, ""omega_scale"": 1.0}, {""gap_distortion"": 1.3294058236674688, ""minimum_gap"": 0.014729443541425802, ""minimum_gap_s"": 0.98, ""omega_scale"": 1.1547005383792515}, {""gap_distortion"": 1.7657010660741197, ""minimum_gap"": 0.01956347241809553, ""minimum_gap_s"": 0.98, ""omega_scale"": 1.3333333333333333}]"
unit_disk,4,G~aoN_,8,15,6,5,4,1,E~bo,6,11,3,3,6,4,0.6666666666666666,True,1.0,0.01107971943495123,0.98,0.019804021858638166,0.98,1.787411854145505,"[{""gap_distortion"": 1.787411854145505, ""minimum_gap"": 0.019804021858638166, ""minimum_gap_s"": 0.98, ""omega_scale"": 1.0}, {""gap_distortion"": 2.375562490940787, ""minimum_gap"": 0.026320565899817794, ""minimum_gap_s"": 0.98, ""omega_scale"": 1.1547005383792515}, {""gap_distortion"": 3.154017162223478, ""minimum_gap"": 0.03494562525045719, ""minimum_gap_s"": 0.98, ""omega_scale"": 1.3333333333333333}]"
unit_disk,5,GTn||{,8,22,1,5,7,1,E~~w,6,15,2,2,6,6,1.0,False,1.0,0.02956318941759939,0.98,0.02956301409869866,0.98,1.0000059303459432,"[{""gap_distortion"": 1.0000059303459432, ""minimum_gap"": 0.02956301409869866, ""minimum_gap_s"": 0.98, ""omega_scale"": 1.0}, {""gap_distortion"": 1.3270044712419298, ""minimum_gap"": 0.039230484541326494, ""minimum_gap_s"": 0.98, ""omega_scale"": 1.1547005383792515}, {""gap_distortion"": 1.7583439708195576, ""minimum_gap"": 0.05198225587063243, ""minimum_gap_s"": 0.98, ""omega_scale"": 1.3333333333333333}]"
unit_disk,6,GDmUkK,8,14,1,6,5,1,E^iG,6,9,3,3,6,6,1.0,False,1.0,0.009035427214705294,0.98,0.009035395826034964,0.98,1.000003473967376,"[{""gap_distortion"": 1.000003473967376, ""minimum_gap"": 0.009035395826034964, ""minimum_gap_s"": 0.98, ""omega_scale"": 1.0}, {""gap_distortion"": 1.3317444836069987, ""minimum_gap"": 0.012032880350216324, ""minimum_gap_s"": 0.98, ""omega_scale"": 1.1547005383792515}, {""gap_distortion"": 1.772864027411351, ""minimum_gap"": 0.016018583881244552, ""minimum_gap_s"": 0.98, ""omega_scale"": 1.3333333333333333}]"
unit_disk,7,GUiOcg,8,11,1,3,5,2,E{AO,6,6,4,4,4,4,1.0,False,1.0,0.009950614128220181,0.98,0.00995061412820597,0.98,1.0000000000014282,"[{""gap_distortion"": 1.0000000000014282, ""minimum_gap"": 0.00995061412820597, ""minimum_gap_s"": 0.98, ""omega_scale"": 1.0}, {""gap_distortion"": 1.331163245034244, ""minimum_gap"": 0.013245891793005171, ""minimum_gap_s"": 0.98, ""omega_scale"": 1.1547005383792515}, {""gap_distortion"": 1.7710623268653207, ""minimum_gap"": 0.01762315781166457, ""minimum_gap_s"": 0.98, ""omega_scale"": 1.3333333333333333}]"
unit_disk,7,GUiOcg,8,11,6,3,5,2,ETaG,6,6,4,4,4,4,1.0,False,1.0,0.009950614128220181,0.98,0.009950614128213076,0.98,1.000000000000714,"[{""gap_distortion"": 1.000000000000714, ""minimum_gap"": 0.009950614128213076, ""minimum_gap_s"": 0.98, ""omega_scale"": 1.0}, {""gap_distortion"": 1.331163245033173, ""minimum_gap"": 0.013245891792994513, ""minimum_gap_s"": 0.98, ""omega_scale"": 1.1547005383792515}, {""gap_distortion"": 1.7710623268649637, ""minimum_gap"": 0.017623157811661017, ""minimum_gap_s"": 0.98, ""omega_scale"": 1.3333333333333333}]"
unit_disk,8,G_vMv?,8,14,2,7,3,1,Efvo,6,11,3,3,6,4,0.6666666666666666,True,1.0,0.006177902716260064,0.98,0.009236624892868583,0.98,1.4951068861214096,"[{""gap_distortion"": 1.4951068861214096, ""minimum_gap"": 0.009236624892868583, ""minimum_gap_s"": 0.98, ""omega_scale"": 1.0}, {""gap_distortion"": 1.989387681152145, ""minimum_gap"": 0.012290243559084146, ""minimum_gap_s"": 0.98, ""omega_scale"": 1.1547005383792515}, {""gap_distortion"": 2.6453522047838383, ""minimum_gap"": 0.016342728571398624, ""minimum_gap_s"": 0.98, ""omega_scale"": 1.3333333333333333}]"
unit_disk,9,GyFs?O,8,11,6,0,4,1,EpwO,6,7,4,4,1,1,1.0,False,1.0,0.4993901304682442,0.5800000000000001,0.48808441761190724,0.5800000000000001,1.023163437406286,"[{""gap_distortion"": 1.023163437406286, ""minimum_gap"": 0.48808441761190724, ""minimum_gap_s"": 0.5800000000000001, ""omega_scale"": 1.0}, {""gap_distortion"": 1.1305586161354146, ""minimum_gap"": 0.5645898148138624, ""minimum_gap_s"": 0.6, ""omega_scale"": 1.1547005383792515}, {""gap_distortion"": 1.3055791787963442, ""minimum_gap"": 0.6519933564357294, ""minimum_gap_s"": 0.6, ""omega_scale"": 1.3333333333333333}]"
unit_disk,9,GyFs?O,8,11,7,4,2,1,Ey}?,6,9,4,4,1,1,1.0,False,1.0,0.4993901304682442,0.5800000000000001,0.6433375257043474,0.5800000000000001,1.2882463758367302,"[{""gap_distortion"": 1.2882463758367302, ""minimum_gap"": 0.6433375257043474, ""minimum_gap_s"": 0.5800000000000001, ""omega_scale"": 1.0}, {""gap_distortion"": 1.4854081094518583, ""minimum_gap"": 0.7417981495777515, ""minimum_gap_s"": 0.5800000000000001, ""omega_scale"": 1.1547005383792515}, {""gap_distortion"": 1.714768261407928, ""minimum_gap"": 0.8563383457873095, ""minimum_gap_s"": 0.6, ""omega_scale"": 1.3333333333333333}]"
unit_disk,10,GODKcC,8,8,1,5,2,1,E`iG,6,6,4,4,4,3,0.75,True,1.0,0.004991840628218114,0.98,0.007048417817067332,0.98,1.4119877500142333,"[{""gap_distortion"": 1.4119877500142333, ""minimum_gap"": 0.007048417817067332, ""minimum_gap_s"": 0.98, ""omega_scale"": 1.0}, {""gap_distortion"": 1.8806576216963309, ""minimum_gap"": 0.009387943123751796, ""minimum_gap_s"": 0.98, ""omega_scale"": 1.1547005383792515}, {""gap_distortion"": 2.5040250722136674, ""minimum_gap"": 0.012499694089552982, ""minimum_gap_s"": 0.98, ""omega_scale"": 1.3333333333333333}]"
unit_disk,10,GODKcC,8,8,2,0,3,1,ELOG,6,5,4,4,4,4,1.0,False,1.0,0.004991840628218114,0.98,0.004991840465850217,0.98,1.0000000325266598,"[{""gap_distortion"": 1.0000000325266598, ""minimum_gap"": 0.004991840465850217, ""minimum_gap_s"": 0.98, ""omega_scale"": 1.0}, {""gap_distortion"": 1.332614862220352, ""minimum_gap"": 0.006652201010998837, ""minimum_gap_s"": 0.98, ""omega_scale"": 1.1547005383792515}, {""gap_distortion"": 1.775550621313067, ""minimum_gap"": 0.008863265728928482, ""minimum_gap_s"": 0.98, ""omega_scale"": 1.3333333333333333}]"
unit_disk,11,Gf_bjk,8,15,4,0,3,1,EY~w,6,12,3,3,3,3,1.0,False,1.0,0.0070485946430736135,0.98,0.0070485730098646115,0.98,1.0000030691615127,"[{""gap_distortion"": 1.0000030691615127, ""minimum_gap"": 0.0070485730098646115, ""minimum_gap_s"": 0.98, ""omega_scale"": 1.0}, {""gap_distortion"": 1.3319403014537339, ""minimum_gap"": 0.009388307273720642, ""minimum_gap_s"": 0.98, ""omega_scale"": 1.1547005383792515}, {""gap_distortion"": 1.773480581609859, ""minimum_gap"": 0.01250054572713033, ""minimum_gap_s"": 0.98, ""omega_scale"": 1.3333333333333333}]"
unit_disk,12,GAE[HC,8,9,1,3,3,1,EDdG,6,6,4,4,3,3,1.0,False,1.0,0.007048417817344443,0.98,0.007048417817072661,0.98,1.0000000000385594,"[{""gap_distortion"": 1.0000000000385594, ""minimum_gap"": 0.007048417817072661, ""minimum_gap_s"": 0.98, ""omega_scale"": 1.0}, {""gap_distortion"": 1.3319220521598023, ""minimum_gap"": 0.009387943123757125, ""minimum_gap_s"": 0.98, ""omega_scale"": 1.1547005383792515}, {""gap_distortion"": 1.773404246665849, ""minimum_gap"": 0.01249969408955387, ""minimum_gap_s"": 0.98, ""omega_scale"": 1.3333333333333333}]"
unit_disk,12,GAE[HC,8,9,2,7,2,1,EHmG,6,7,4,4,3,2,0.6666666666666666,True,1.0,0.007048417817344443,0.98,0.009950554579024384,0.98,1.4117430091244716,"[{""gap_distortion"": 1.4117430091244716, ""minimum_gap"": 0.009950554579024384, ""minimum_gap_s"": 0.98, ""omega_scale"": 1.0}, {""gap_distortion"": 1.8792519422868637, ""minimum_gap"": 0.013245752873293881, ""minimum_gap_s"": 0.98, ""omega_scale"": 1.1547005383792515}, {""gap_distortion"": 2.500254080577398, ""minimum_gap"": 0.017622835409429882, ""minimum_gap_s"": 0.98, ""omega_scale"": 1.3333333333333333}]"
unit_disk,13,Gb?W}_,8,11,2,3,5,1,E`N?,6,6,3,3,10,9,0.9,True,1.0,0.01327339502074043,0.98,0.014889156509220847,0.98,1.1217293304354836,"[{""gap_distortion"": 1.1217293304354836, ""minimum_gap"": 0.014889156509220847, ""minimum_gap_s"": 0.98, ""omega_scale"": 1.0}, {""gap_distortion"": 1.4919998001725074, ""minimum_gap"": 0.019803902718555477, ""minimum_gap_s"": 0.98, ""omega_scale"": 1.1547005383792515}, {""gap_distortion"": 1.982935627866836, ""minimum_gap"": 0.02632028788937646, ""minimum_gap_s"": 0.98, ""omega_scale"": 1.3333333333333333}]"
unit_disk,14,GUc`HK,8,11,1,3,3,1,EqTW,6,8,3,3,7,7,1.0,False,1.0,0.009655364674752143,0.98,0.009655321856692822,0.98,1.0000044346589327,"[{""gap_distortion"": 1.0000044346589327, ""minimum_gap"": 0.009655321856692822, ""minimum_gap_s"": 0.98, ""omega_scale"": 1.0}, {""gap_distortion"": 1.3308367210863796, ""minimum_gap"": 0.0128497138646404, ""minimum_gap_s"": 0.98, ""omega_scale"": 1.1547005383792515}, {""gap_distortion"": 1.7700794126043475, ""minimum_gap"": 0.01709076223196604, ""minimum_gap_s"": 0.98, ""omega_scale"": 1.3333333333333333}]"
unit_disk,15,G`k|x{,8,18,1,0,3,1,E~~w,6,15,2,2,10,6,0.6,True,1.0,0.012375766414622014,0.98,0.02956301409869866,0.98,2.388782488959217,"[{""gap_distortion"": 2.388782488959217, ""minimum_gap"": 0.02956301409869866, ""minimum_gap_s"": 0.98, ""omega_scale"": 1.0}, {""gap_distortion"": 3.16994384242543, ""minimum_gap"": 0.039230484541326494, ""minimum_gap_s"": 0.98, ""omega_scale"": 1.1547005383792515}, {""gap_distortion"": 4.200326196300473, ""minimum_gap"": 0.05198225587063243, ""minimum_gap_s"": 0.98, ""omega_scale"": 1.3333333333333333}]"
unit_disk,16,G[GjYC,8,12,3,0,2,1,Ej}G,6,10,3,3,9,5,0.5555555555555556,True,1.0,0.008047106086513267,0.98,0.008920910553063877,0.98,1.108586174601958,"[{""gap_distortion"": 1.108586174601958, ""minimum_gap"": 0.008920910553063877, ""minimum_gap_s"": 0.98, ""omega_scale"": 1.0}, {""gap_distortion"": 1.475918159749286, ""minimum_gap"": 0.01187687000651394, ""minimum_gap_s"": 0.98, ""omega_scale"": 1.1547005383792515}, {""gap_distortion"": 1.9640308573027125, ""minimum_gap"": 0.015804764665900528, ""minimum_gap_s"": 0.98, ""omega_scale"": 1.3333333333333333}]"
unit_disk,17,GPae?O,8,8,1,6,2,1,EkoO,6,6,4,4,5,3,0.6,True,1.0,0.007337651402858469,0.98,0.007048417817074437,0.98,1.0410352497951212,"[{""gap_distortion"": 1.0410352497951212, ""minimum_gap"": 0.007048417817074437, ""minimum_gap_s"": 0.98, ""omega_scale"": 1.0}, {""gap_distortion"": 1.279420704027018, ""minimum_gap"": 0.00938794312375002, ""minimum_gap_s"": 0.98, ""omega_scale"": 1.1547005383792515}, {""gap_distortion"": 1.703500671166559, ""minimum_gap"": 0.012499694089555646, ""minimum_gap_s"": 0.98, ""omega_scale"": 1.3333333333333333}]"
unit_disk,17,GPae?O,8,8,3,2,3,1,ESo_,6,5,4,4,5,5,1.0,False,1.0,0.007337651402858469,0.98,0.007337659651843076,0.98,1.0000011241995774,"[{""gap_distortion"": 1.0000011241995774, ""minimum_gap"": 0.007337659651843076, ""minimum_gap_s"": 0.98, ""omega_scale"": 1.0}, {""gap_distortion"": 1.3315137422672494, ""minimum_gap"": 0.009770183678872613, ""minimum_gap_s"": 0.98, ""omega_scale"": 1.1547005383792515}, {""gap_distortion"": 1.772138906152304, ""minimum_gap"": 0.013003337530788528, ""minimum_gap_s"": 0.98, ""omega_scale"": 1.3333333333333333}]"
unit_disk,17,GPae?O,8,8,7,4,2,1,EPj?,6,6,4,4,5,3,0.6,True,1.0,0.007337651402858469,0.98,0.007048417817067332,0.98,1.0410352497961706,"[{""gap_distortion"": 1.0410352497961706, ""minimum_gap"": 0.007048417817067332, ""minimum_gap_s"": 0.98, ""omega_scale"": 1.0}, {""gap_distortion"": 1.2794207040272603, ""minimum_gap"": 0.009387943123751796, ""minimum_gap_s"": 0.98, ""omega_scale"": 1.1547005383792515}, {""gap_distortion"": 1.703500671165954, ""minimum_gap"": 0.012499694089551205, ""minimum_gap_s"": 0.98, ""omega_scale"": 1.3333333333333333}]"
unit_disk,18,GWB_k[,8,11,3,6,3,1,EWyW,6,8,4,4,2,1,0.5,True,1.0,0.009950493835827245,0.98,0.5633501641719827,0.5800000000000001,56.61529703617448,"[{""gap_distortion"": 56.61529703617448, ""minimum_gap"": 0.5633501641719827, ""minimum_gap_s"": 0.5800000000000001, ""omega_scale"": 1.0}, {""gap_distortion"": 65.38456138347944, ""minimum_gap"": 0.6506086750045803, ""minimum_gap_s"": 0.5800000000000001, ""omega_scale"": 1.1547005383792515}, {""gap_distortion"": 75.39833500984378, ""minimum_gap"": 0.7502506677470882, ""minimum_gap_s"": 0.6, ""omega_scale"": 1.3333333333333333}]"
unit_disk,18,GWB_k[,8,11,4,7,4,1,EWwW,6,7,4,4,2,2,1.0,False,1.0,0.009950493835827245,0.98,0.009950493835973795,0.98,1.0000000000147278,"[{""gap_distortion"": 1.0000000000147278, ""minimum_gap"": 0.009950493835973795, ""minimum_gap_s"": 0.98, ""omega_scale"": 1.0}, {""gap_distortion"": 1.331151041908696, ""minimum_gap"": 0.013245610237067496, ""minimum_gap_s"": 0.98, ""omega_scale"": 1.1547005383792515}, {""gap_distortion"": 1.7710177791100816, ""minimum_gap"": 0.017622501494175324, ""minimum_gap_s"": 0.98, ""omega_scale"": 1.3333333333333333}]"
unit_disk,19,GJXngG,8,14,0,6,5,1,E}sG,6,9,4,4,1,1,1.0,False,1.0,0.6517118802241795,0.5800000000000001,0.643337525704347,0.5800000000000001,1.0130170465505863,"[{""gap_distortion"": 1.0130170465505863, ""minimum_gap"": 0.643337525704347, ""minimum_gap_s"": 0.5800000000000001, ""omega_scale"": 1.0}, {""gap_distortion"": 1.1382302089116185, ""minimum_gap"": 0.7417981495777515, ""minimum_gap_s"": 0.5800000000000001, ""omega_scale"": 1.1547005383792515}, {""gap_distortion"": 1.313983021903393, ""minimum_gap"": 0.8563383457873095, ""minimum_gap_s"": 0.6, ""omega_scale"": 1.3333333333333333}]"
unit_disk,19,GJXngG,8,14,7,5,5,1,EJZo,6,9,4,4,1,1,1.0,False,1.0,0.6517118802241795,0.5800000000000001,0.6433375257043481,0.5800000000000001,1.0130170465505846,"[{""gap_distortion"": 1.0130170465505846, ""minimum_gap"": 0.6433375257043481, ""minimum_gap_s"": 0.5800000000000001, ""omega_scale"": 1.0}, {""gap_distortion"": 1.1382302089116194, ""minimum_gap"": 0.7417981495777521, ""minimum_gap_s"": 0.5800000000000001, ""omega_scale"": 1.1547005383792515}, {""gap_distortion"": 1.3139830219033923, ""minimum_gap"": 0.856338345787309, ""minimum_gap_s"": 0.6, ""omega_scale"": 1.3333333333333333}]"
unit_disk,20,GoTM?W,8,10,2,0,3,1,E\_o,6,7,4,4,3,3,1.0,False,1.0,0.007048446863189284,0.98,0.007048425236677147,0.98,1.0000030682757368,"[{""gap_distortion"": 1.0000030682757368, ""minimum_gap"": 0.007048425236677147, ""minimum_gap_s"": 0.98, ""omega_scale"": 1.0}, {""gap_distortion"": 1.3319190162785675, ""minimum_gap"": 0.009387960412310825, ""minimum_gap_s"": 0.98, ""omega_scale"": 1.1547005383792515}, {""gap_distortion"": 1.7734026218028631, ""minimum_gap"": 0.012499734146818042, ""minimum_gap_s"": 0.98, ""omega_scale"": 1.3333333333333333}]"
unit_disk,20,GoTM?W,8,10,3,4,4,1,EqoO,6,6,4,4,3,3,1.0,False,1.0,0.007048446863189284,0.98,0.007048417817072661,0.98,1.0000041209413768,"[{""gap_distortion"": 1.0000041209413768, ""minimum_gap"": 0.007048417817072661, ""minimum_gap_s"": 0.98, ""omega_scale"": 1.0}, {""gap_distortion"": 1.3319165634595715, ""minimum_gap"": 0.009387943123746467, ""minimum_gap_s"": 0.98, ""omega_scale"": 1.1547005383792515}, {""gap_distortion"": 1.7733969386694084, ""minimum_gap"": 0.01249969408955387, ""minimum_gap_s"": 0.98, ""omega_scale"": 1.3333333333333333}]"
unit_disk,21,G@s{wg,8,13,1,4,5,1,EJko,6,8,4,4,2,2,1.0,False,1.0,0.009950554577619286,0.98,0.009950493835551022,0.98,1.0000061044275057,"[{""gap_distortion"": 1.0000061044275057, ""minimum_gap"": 0.009950493835551022, ""minimum_gap_s"": 0.98, ""omega_scale"": 1.0}, {""gap_distortion"": 1.3311429159016102, ""minimum_gap"": 0.01324561023529025, ""minimum_gap_s"": 0.98, ""omega_scale"": 1.1547005383792515}, {""gap_distortion"": 1.7710069674361724, ""minimum_gap"": 0.017622501486817654, ""minimum_gap_s"": 0.98, ""omega_scale"": 1.3333333333333333}]"
unit_disk,22,GApXHK,8,11,0,4,3,1,ETTW,6,8,3,3,10,7,0.7,True,1.0,0.007362974950825496,0.98,0.011122219741503514,0.98,1.5105605839738123,"[{""gap_distortion"": 1.5105605839738123, ""minimum_gap"": 0.011122219741503514, ""minimum_gap_s"": 0.98, ""omega_scale"": 1.0}, {""gap_distortion"": 2.010629946329105, ""minimum_gap"": 0.014804217930200814, ""minimum_gap_s"": 0.98, ""omega_scale"": 1.1547005383792515}, {""gap_distortion"": 2.674762645724222, ""minimum_gap"": 0.019694210359871178, ""minimum_gap_s"": 0.98, ""omega_scale"": 1.3333333333333333}]"
unit_disk,23,GmCBCG,8,9,4,3,3,1,EgYO,6,6,4,4,2,2,1.0,False,1.0,0.009950554581260818,0.98,0.009950554580517412,0.98,1.00000000007471,"[{""gap_distortion"": 1.00000000007471, ""minimum_gap"": 0.009950554580517412, ""minimum_gap_s"": 0.98, ""omega_scale"": 1.0}, {""gap_distortion"": 1.3311572507160947, ""minimum_gap"": 0.01324575287949159, ""minimum_gap_s"": 0.98, ""omega_scale"": 1.1547005383792515}, {""gap_distortion"": 1.7710405275505325, ""minimum_gap"": 0.017622835435016526, ""minimum_gap_s"": 0.98, ""omega_scale"": 1.3333333333333333}]"
unit_disk,23,GmCBCG,8,9,5,7,2,1,EmD_,6,7,4,4,2,2,1.0,False,1.0,0.009950554581260818,0.98,0.00995055457902172,0.98,1.0000000002250224,"[{""gap_distortion"": 1.0000000002250224, ""minimum_gap"": 0.00995055457902172, ""minimum_gap_s"": 0.98, ""omega_scale"": 1.0}, {""gap_distortion"": 1.3311572500933333, ""minimum_gap"": 0.01324575287329477, ""minimum_gap_s"": 0.98, ""omega_scale"": 1.1547005383792515}, {""gap_distortion"": 1.7710405249794217, ""minimum_gap"": 0.017622835409432547, ""minimum_gap_s"": 0.98, ""omega_scale"": 1.3333333333333333}]"
unit_disk,24,HQAdIbH,9,13,4,8,4,1,FQii_,7,9,3,3,15,12,0.8,True,1.0,0.011847159871045676,0.98,0.014889156509219958,0.98,1.256770118010215,"[{""gap_distortion"": 1.256770118010215, ""minimum_gap"": 0.014889156509219958, ""minimum_gap_s"": 0.98, ""omega_scale"": 1.0}, {""gap_distortion"": 1.6124748434018994, ""minimum_gap"": 0.019103247257821643, ""minimum_gap_s"": 0.98, ""omega_scale"": 1.1338934190276817}, {""gap_distortion"": 2.067659609864739, ""minimum_gap"": 0.024495893956971493, ""minimum_gap_s"": 0.98, ""omega_scale"": 1.2857142857142858}]"
unit_disk,25,H@RB`Dr,9,14,0,5,2,1,FKxNW,7,12,4,4,3,2,0.6666666666666666,True,1.0,0.007048411537677879,0.98,0.009950493835543028,0.98,1.4117356488553234,"[{""gap_distortion"": 1.4117356488553234, ""minimum_gap"": 0.009950493835543028, ""minimum_gap_s"": 0.98, ""omega_scale"": 1.0}, {""gap_distortion"": 1.812541113741392, ""minimum_gap"": 0.01277553569861034, ""minimum_gap_s"": 0.98, ""omega_scale"": 1.1338934190276817}, {""gap_distortion"": 2.3262254977305163, ""minimum_gap"": 0.01639619463744424, ""minimum_gap_s"": 0.98, ""omega_scale"": 1.2857142857142858}]"
unit_disk,25,H@RB`Dr,9,14,4,1,4,1,FKXJW,7,10,4,4,3,2,0.6666666666666666,True,1.0,0.007048411537677879,0.98,0.009950493836207386,0.98,1.4117356489495798,"[{""gap_distortion"": 1.4117356489495798, ""minimum_gap"": 0.009950493836207386, ""minimum_gap_s"": 0.98, ""omega_scale"": 1.0}, {""gap_distortion"": 1.812541114069021, ""minimum_gap"": 0.012775535700919605, ""minimum_gap_s"": 0.98, ""omega_scale"": 1.1338934190276817}, {""gap_distortion"": 2.3262254988689013, ""minimum_gap"": 0.016396194645468043, ""minimum_gap_s"": 0.98, ""omega_scale"": 1.2857142857142858}]"
unit_disk,26,HzxFFSC,9,18,8,5,2,1,FzzfW,7,16,4,4,2,1,0.5,True,1.0,0.009950493836257124,0.98,0.6150371759872928,0.56,61.80971377985787,"[{""gap_distortion"": 61.80971377985787, ""minimum_gap"": 0.6150371759872928, ""minimum_gap_s"": 0.56, ""omega_scale"": 1.0}, {""gap_distortion"": 69.93718770804585, ""minimum_gap"": 0.6959095552140677, ""minimum_gap_s"": 0.5800000000000001, ""omega_scale"": 1.1338934190276817}, {""gap_distortion"": 79.37363217626279, ""minimum_gap"": 0.789806837731243, ""minimum_gap_s"": 0.5800000000000001, ""omega_scale"": 1.2857142857142858}]"
unit_disk,27,H`?G[~L,9,15,2,3,2,1,F`M~g,7,13,3,3,15,8,0.5333333333333333,True,1.0,0.00877649264072744,0.98,0.010145720462011454,0.98,1.156010820875083,"[{""gap_distortion"": 1.156010820875083, ""minimum_gap"": 0.010145720462011454, ""minimum_gap_s"": 0.98, ""omega_scale"": 1.0}, {""gap_distortion"": 1.4842299835582753, ""minimum_gap"": 0.013026333527846212, ""minimum_gap_s"": 0.98, ""omega_scale"": 1.1338934190276817}, {""gap_distortion"": 1.9049117052827635, ""minimum_gap"": 0.016718443562649732, ""minimum_gap_s"": 0.98, ""omega_scale"": 1.2857142857142858}]"
unit_disk,28,HCPH_pK,9,11,0,3,3,1,FTOd_,7,8,4,4,6,6,1.0,False,1.0,0.009950493835964025,0.98,0.009950493836211827,0.98,1.0000000000249034,"[{""gap_distortion"": 1.0000000000249034, ""minimum_gap"": 0.009950493836211827, ""minimum_gap_s"": 0.98, ""omega_scale"": 1.0}, {""gap_distortion"": 1.2839097145859053, ""minimum_gap"": 0.012775535700921381, ""minimum_gap_s"": 0.98, ""omega_scale"": 1.1338934190276817}, {""gap_distortion"": 1.647776976275468, ""minimum_gap"": 0.016396194645472484, ""minimum_gap_s"": 0.98, ""omega_scale"": 1.2857142857142858}]"
unit_disk,28,HCPH_pK,9,11,2,6,2,1,FQSqo,7,9,4,4,6,3,0.5,True,1.0,0.009950493835964025,0.98,0.014889246738604811,0.98,1.496332441792052,"[{""gap_distortion"": 1.496332441792052, ""minimum_gap"": 0.014889246738604811, ""minimum_gap_s"": 0.98, ""omega_scale"": 1.0}, {""gap_distortion"": 1.9198481290987264, ""minimum_gap"": 0.019103436974583943, ""minimum_gap_s"": 0.98, ""omega_scale"": 1.1338934190276817}, {""gap_distortion"": 2.461816677440612, ""minimum_gap"": 0.024496291674146242, ""minimum_gap_s"": 0.98, ""omega_scale"": 1.2857142857142858}]"
unit_disk,29,HLnzLy?,9,20,8,0,5,1,Fj~Jo,7,15,3,3,6,6,1.0,False,1.0,0.009950851651808534,0.98,0.009950851643176328,0.98,1.000000000867484,"[{""gap_distortion"": 1.000000000867484, ""minimum_gap"": 0.009950851643176328, ""minimum_gap_s"": 0.98, ""omega_scale"": 1.0}, {""gap_distortion"": 1.2839389674141777, ""minimum_gap"": 0.012776286194714714, ""minimum_gap_s"": 0.98, ""omega_scale"": 1.1338934190276817}, {""gap_distortion"": 1.6478753418412033, ""minimum_gap"": 0.01639776306733509, ""minimum_gap_s"": 0.98, ""omega_scale"": 1.2857142857142858}]"
unit_disk,30,HMXx[gO,9,16,8,3,5,1,FJ[{O,7,11,4,4,2,2,1.0,False,1.0,0.009950493911466296,0.98,0.009950493835970242,0.98,1.0000000075871665,"[{""gap_distortion"": 1.0000000075871665, ""minimum_gap"": 0.009950493835970242, ""minimum_gap_s"": 0.98, ""omega_scale"": 1.0}, {""gap_distortion"": 1.2839097047611225, ""minimum_gap"": 0.01277553570009804, ""minimum_gap_s"": 0.98, ""omega_scale"": 1.1338934190276817}, {""gap_distortion"": 1.647776963484796, ""minimum_gap"": 0.016396194642609885, ""minimum_gap_s"": 0.98, ""omega_scale"": 1.2857142857142858}]"
unit_disk,31,H@MKIc{,9,14,1,7,3,1,FJeJo,7,11,3,3,14,10,0.7142857142857143,True,1.0,0.009268144182954963,0.98,0.01156087273205042,0.98,1.2473773070246374,"[{""gap_distortion"": 1.2473773070246374, ""minimum_gap"": 0.01156087273205042, ""minimum_gap_s"": 0.98, ""omega_scale"": 1.0}, {""gap_distortion"": 1.601572675524936, ""minimum_gap"": 0.014843606476246052, ""minimum_gap_s"": 0.98, ""omega_scale"": 1.1338934190276817}, {""gap_distortion"": 2.05555355001286, ""minimum_gap"": 0.01905116667730411, ""minimum_gap_s"": 0.98, ""omega_scale"": 1.2857142857142858}]"
unit_disk,32,HGadH`e,9,13,3,7,2,1,FKijW,7,11,4,4,4,2,0.5,True,1.0,0.009950493836207386,0.98,0.00995067621797574,0.98,1.0000183289162685,"[{""gap_distortion"": 1.0000183289162685, ""minimum_gap"": 0.00995067621797574, ""minimum_gap_s"": 0.98, ""omega_scale"": 1.0}, {""gap_distortion"": 1.2839483666962723, ""minimum_gap"": 0.0127759203088198, ""minimum_gap_s"": 0.98, ""omega_scale"": 1.1338934190276817}, {""gap_distortion"": 1.6478583086994, ""minimum_gap"": 0.016397003943656507, ""minimum_gap_s"": 0.98, ""omega_scale"": 1.2857142857142858}]"
unit_disk,32,HGadH`e,9,13,4,0,3,1,FaTeo,7,10,4,4,4,4,1.0,False,1.0,0.009950493836207386,0.98,0.00995049383620561,0.98,1.0000000000001785,"[{""gap_distortion"": 1.0000000000001785, ""minimum_gap"": 0.00995049383620561, ""minimum_gap_s"": 0.98, ""omega_scale"": 1.0}, {""gap_distortion"": 1.2839097145523624, ""minimum_gap"": 0.012775535700900065, ""minimum_gap_s"": 0.98, ""omega_scale"": 1.1338934190276817}, {""gap_distortion"": 1.647776976229009, ""minimum_gap"": 0.0163961946454112, ""minimum_gap_s"": 0.98, ""omega_scale"": 1.2857142857142858}]"
unit_disk,33,H`QpiKq,9,15,4,1,3,1,FN[ZO,7,12,4,4,3,3,1.0,False,1.0,0.014889236535900352,0.98,0.014889236536065553,0.98,1.0000000000110953,"[{""gap_distortion"": 1.0000000000110953, ""minimum_gap"": 0.014889236536065553, ""minimum_gap_s"": 0.98, ""omega_scale"": 1.0}, {""gap_distortion"": 1.2830352563108918, ""minimum_gap"": 0.0191034154151124, ""minimum_gap_s"": 0.98, ""omega_scale"": 1.1338934190276817}, {""gap_distortion"": 1.6452318510036084, ""minimum_gap"": 0.02449624618598989, ""minimum_gap_s"": 0.98, ""omega_scale"": 1.2857142857142858}]"
unit_disk,34,HA^Yjx~,9,23,0,5,7,1,FVjvw,7,16,3,3,5,5,1.0,False,1.0,0.007780813110624507,0.98,0.007780783960498638,0.98,1.0000037464252982,"[{""gap_distortion"": 1.0000037464252982, ""minimum_gap"": 0.007780783960498638, ""minimum_gap_s"": 0.98, ""omega_scale"": 1.0}, {""gap_distortion"": 1.2844657522140148, ""minimum_gap"": 0.009994187964974977, ""minimum_gap_s"": 0.98, ""omega_scale"": 1.1338934190276817}, {""gap_distortion"": 1.6494240592910028, ""minimum_gap"": 0.012833860345510928, ""minimum_gap_s"": 0.98, ""omega_scale"": 1.2857142857142858}]"
unit_disk,35,HB?qa}K,9,14,0,8,3,1,FWYdw,7,11,4,4,4,4,1.0,False,1.0,0.00995061412906395,0.98,0.009950614129115465,0.98,1.000000000005177,"[{""gap_distortion"": 1.000000000005177, ""minimum_gap"": 0.009950614129115465, ""minimum_gap_s"": 0.98, ""omega_scale"": 1.0}, {""gap_distortion"": 1.283919610022044, ""minimum_gap"": 0.012775788612067629, ""minimum_gap_s"": 0.98, ""omega_scale"": 1.1338934190276817}, {""gap_distortion"": 1.647810333086505, ""minimum_gap"": 0.01639672478242815, ""minimum_gap_s"": 0.98, ""omega_scale"": 1.2857142857142858}]"
unit_disk,36,H\hvy?G,9,17,7,1,4,1,F}Zw_,7,13,4,4,1,1,1.0,False,1.0,0.49567128537947536,0.6,0.5510450285533033,0.6,1.1117146480079736,"[{""gap_distortion"": 1.1117146480079736, ""minimum_gap"": 0.5510450285533033, ""minimum_gap_s"": 0.6, ""omega_scale"": 1.0}, {""gap_distortion"": 1.2600212930584256, ""minimum_gap"": 0.6245563739357785, ""minimum_gap_s"": 0.6, ""omega_scale"": 1.1338934190276817}, {""gap_distortion"": 1.4266179073471341, ""minimum_gap"": 0.7071335318801313, ""minimum_gap_s"": 0.62, ""omega_scale"": 1.2857142857142858}]"
unit_disk,36,H\hvy?G,9,17,8,4,4,1,F\^y?,7,13,4,4,1,1,1.0,False,1.0,0.49567128537947536,0.6,0.5510450285533024,0.6,1.1117146480079718,"[{""gap_distortion"": 1.1117146480079718, ""minimum_gap"": 0.5510450285533024, ""minimum_gap_s"": 0.6, ""omega_scale"": 1.0}, {""gap_distortion"": 1.2600212930584274, ""minimum_gap"": 0.6245563739357793, ""minimum_gap_s"": 0.6, ""omega_scale"": 1.1338934190276817}, {""gap_distortion"": 1.4266179073471323, ""minimum_gap"": 0.7071335318801304, ""minimum_gap_s"": 0.62, ""omega_scale"": 1.2857142857142858}]"
unit_disk,37,HQOQtAO,9,11,5,3,4,1,FQUc?,7,7,4,4,6,6,1.0,False,1.0,0.009950554579027937,0.98,0.009950554578280979,0.98,1.000000000075067,"[{""gap_distortion"": 1.000000000075067, ""minimum_gap"": 0.009950554578280979, ""minimum_gap_s"": 0.98, ""omega_scale"": 1.0}, {""gap_distortion"": 1.283914746723771, ""minimum_gap"": 0.012775663762093714, ""minimum_gap_s"": 0.98, ""omega_scale"": 1.1338934190276817}, {""gap_distortion"": 1.647793989329035, ""minimum_gap"": 0.01639646402581274, ""minimum_gap_s"": 0.98, ""omega_scale"": 1.2857142857142858}]"
unit_disk,38,HGYSKNc,9,14,3,5,5,1,FJaN?,7,9,4,4,2,2,1.0,False,1.0,0.009950554658438193,0.98,0.009950554582768056,0.98,1.000000007604615,"[{""gap_distortion"": 1.000000007604615, ""minimum_gap"": 0.009950554582768056, ""minimum_gap_s"": 0.98, ""omega_scale"": 1.0}, {""gap_distortion"": 1.2839147380401688, ""minimum_gap"": 0.012775663777643054, ""minimum_gap_s"": 0.98, ""omega_scale"": 1.1338934190276817}, {""gap_distortion"": 1.6477939815827687, ""minimum_gap"": 0.016396464079584838, ""minimum_gap_s"": 0.98, ""omega_scale"": 1.2857142857142858}]"
unit_disk,39,HwBBDOS,9,12,3,8,2,1,Fwpd_,7,10,4,4,5,4,0.8,True,1.0,0.005402725303948586,0.98,0.008629742773532456,0.98,1.5972943816383562,"[{""gap_distortion"": 1.5972943816383562, ""minimum_gap"": 0.008629742773532456, ""minimum_gap_s"": 0.98, ""omega_scale"": 1.0}, {""gap_distortion"": 2.0516144826597245, ""minimum_gap"": 0.01108430947941308, ""minimum_gap_s"": 0.98, ""omega_scale"": 1.1338934190276817}, {""gap_distortion"": 2.6344220305083454, ""minimum_gap"": 0.01423305856550705, ""minimum_gap_s"": 0.98, ""omega_scale"": 1.2857142857142858}]"
unit_disk,39,HwBBDOS,9,12,4,7,3,1,Fwp_o,7,9,4,4,5,4,0.8,True,1.0,0.005402725303948586,0.98,0.004991898065119571,0.98,1.082298803675426,"[{""gap_distortion"": 1.082298803675426, ""minimum_gap"": 0.004991898065119571, ""minimum_gap_s"": 0.98, ""omega_scale"": 1.0}, {""gap_distortion"": 1.1874075386578669, ""minimum_gap"": 0.006415236755206166, ""minimum_gap_s"": 0.98, ""omega_scale"": 1.1338934190276817}, {""gap_distortion"": 1.5257827452005233, ""minimum_gap"": 0.008243385045823004, ""minimum_gap_s"": 0.98, ""omega_scale"": 1.2857142857142858}]"
unit_disk,40,H`XGEYA,9,12,3,2,2,1,FjBsO,7,10,4,4,3,2,0.6666666666666666,True,1.0,0.007048439499415693,0.98,0.009950615475923463,0.98,1.411747306158811,"[{""gap_distortion"": 1.411747306158811, ""minimum_gap"": 0.009950615475923463, ""minimum_gap_s"": 0.98, ""omega_scale"": 1.0}, {""gap_distortion"": 1.8125703212481494, ""minimum_gap"": 0.012775792247754048, ""minimum_gap_s"": 0.98, ""omega_scale"": 1.1338934190276817}, {""gap_distortion"": 2.3262928716603324, ""minimum_gap"": 0.016396734563819848, ""minimum_gap_s"": 0.98, ""omega_scale"": 1.2857142857142858}]"
unit_disk,40,H`XGEYA,9,12,6,8,2,1,F`XMW,7,10,4,4,3,3,1.0,False,1.0,0.007048439499415693,0.98,0.007048439497816084,0.98,1.0000000002269451,"[{""gap_distortion"": 1.0000000002269451, ""minimum_gap"": 0.007048439497816084, ""minimum_gap_s"": 0.98, ""omega_scale"": 1.0}, {""gap_distortion"": 1.284549878877479, ""minimum_gap"": 0.009054072105249666, ""minimum_gap_s"": 0.98, ""omega_scale"": 1.1338934190276817}, {""gap_distortion"": 1.649651523676614, ""minimum_gap"": 0.011627468959753529, ""minimum_gap_s"": 0.98, ""omega_scale"": 1.2857142857142858}]"
unit_disk,41,HovmY]_,9,19,3,4,6,1,Fvt\?,7,13,3,3,8,8,1.0,False,1.0,0.01014573570670585,0.98,0.010145720462007901,0.98,1.000001502574214,"[{""gap_distortion"": 1.000001502574214, ""minimum_gap"": 0.010145720462007901, ""minimum_gap_s"": 0.98, ""omega_scale"": 1.0}, {""gap_distortion"": 1.2839220244261265, ""minimum_gap"": 0.013026333527846212, ""minimum_gap_s"": 0.98, ""omega_scale"": 1.1338934190276817}, {""gap_distortion"": 1.6478295952059798, ""minimum_gap"": 0.016718443562647956, ""minimum_gap_s"": 0.98, ""omega_scale"": 1.2857142857142858}]"
unit_disk,42,HGZZRVG,9,17,3,5,4,1,FJ\}_,7,13,3,3,11,8,0.7272727272727273,True,1.0,0.007452071385822379,0.98,0.011928083109777887,0.98,1.6006399418651778,"[{""gap_distortion"": 1.6006399418651778, ""minimum_gap"": 0.011928083109777887, ""minimum_gap_s"": 0.98, ""omega_scale"": 1.0}, {""gap_distortion"": 2.0513551145728153, ""minimum_gap"": 0.015286844751468465, ""minimum_gap_s"": 0.98, ""omega_scale"": 1.1338934190276817}, {""gap_distortion"": 2.626737600131664, ""minimum_gap"": 0.019574636108004917, ""minimum_gap_s"": 0.98, ""omega_scale"": 1.2857142857142858}]"
unit_disk,43,HCecqE[,9,14,1,7,2,1,FTqto,7,12,4,4,1,1,1.0,False,1.0,0.39384808697744456,0.62,0.4977005520121107,0.6,1.2636866052382623,"[{""gap_distortion"": 1.2636866052382623, ""minimum_gap"": 0.4977005520121107, ""minimum_gap_s"": 0.6, ""omega_scale"": 1.0}, {""gap_distortion"": 1.437220519199635, ""minimum_gap"": 0.5660465520515059, ""minimum_gap_s"": 0.6, ""omega_scale"": 1.1338934190276817}, {""gap_distortion"": 1.6243894938734693, ""minimum_gap"": 0.6397626946683252, ""minimum_gap_s"": 0.62, ""omega_scale"": 1.2857142857142858}]"
unit_disk,43,HCecqE[,9,14,2,5,3,1,FTlL_,7,11,4,4,1,1,1.0,False,1.0,0.39384808697744456,0.62,0.4414691218425566,0.6,1.120912190358917,"[{""gap_distortion"": 1.120912190358917, ""minimum_gap"": 0.4414691218425566, ""minimum_gap_s"": 0.6, ""omega_scale"": 1.0}, {""gap_distortion"": 1.2724805345579167, ""minimum_gap"": 0.5011640242516715, ""minimum_gap_s"": 0.62, ""omega_scale"": 1.1338934190276817}, {""gap_distortion"": 1.4464639467712284, ""minimum_gap"": 0.5696870583176925, ""minimum_gap_s"": 0.64, ""omega_scale"": 1.2857142857142858}]"
unit_disk,44,HAJ_dYd,9,14,6,3,2,1,F@y|W,7,12,4,4,3,3,1.0,False,1.0,0.007048513538515877,0.98,0.007048513537451839,0.98,1.0000000001509592,"[{""gap_distortion"": 1.0000000001509592, ""minimum_gap"": 0.007048513537451839, ""minimum_gap_s"": 0.98, ""omega_scale"": 1.0}, {""gap_distortion"": 1.284558482208344, ""minimum_gap"": 0.009054227852860919, ""minimum_gap_s"": 0.98, ""omega_scale"": 1.1338934190276817}, {""gap_distortion"": 1.649680543067867, ""minimum_gap"": 0.011627795642040084, ""minimum_gap_s"": 0.98, ""omega_scale"": 1.2857142857142858}]"
unit_disk,45,HTWST_{,9,15,1,4,4,1,Fxbb_,7,11,4,4,3,3,1.0,False,1.0,0.0070485214094286874,0.98,0.007048506118100484,0.98,1.0000021694424248,"[{""gap_distortion"": 1.0000021694424248, ""minimum_gap"": 0.007048506118100484, ""minimum_gap_s"": 0.98, ""omega_scale"": 1.0}, {""gap_distortion"": 1.2845548432475804, ""minimum_gap"": 0.009054212314215881, ""minimum_gap_s"": 0.98, ""omega_scale"": 1.1338934190276817}, {""gap_distortion"": 1.6496741031073827, ""minimum_gap"": 0.011627763234332456, ""minimum_gap_s"": 0.98, ""omega_scale"": 1.2857142857142858}]"
unit_disk,46,H~sevbY,9,23,5,2,5,1,F~~fo,7,18,3,3,3,3,1.0,False,1.0,0.0148894278631726,0.98,0.014889427859843707,0.98,1.0000000002235743,"[{""gap_distortion"": 1.0000000002235743, ""minimum_gap"": 0.014889427859843707, ""minimum_gap_s"": 0.98, ""omega_scale"": 1.0}, {""gap_distortion"": 1.2830458204105948, ""minimum_gap"": 0.019103818188148658, ""minimum_gap_s"": 0.98, ""omega_scale"": 1.1338934190276817}, {""gap_distortion"": 1.6452675075227987, ""minimum_gap"": 0.024497091868882492, ""minimum_gap_s"": 0.98, ""omega_scale"": 1.2857142857142858}]"
unit_disk,47,HDc|~a@,9,18,1,7,5,1,F\^{?,7,13,4,4,1,1,1.0,False,1.0,0.5442908194867315,0.6,0.5510450285533024,0.6,1.0124091916026439,"[{""gap_distortion"": 1.0124091916026439, ""minimum_gap"": 0.5510450285533024, ""minimum_gap_s"": 0.6, ""omega_scale"": 1.0}, {""gap_distortion"": 1.1474681394125619, ""minimum_gap"": 0.6245563739357785, ""minimum_gap_s"": 0.6, ""omega_scale"": 1.1338934190276817}, {""gap_distortion"": 1.2991832795323635, ""minimum_gap"": 0.7071335318801295, ""minimum_gap_s"": 0.62, ""omega_scale"": 1.2857142857142858}]"
unit_disk,48,IbI?Zp??_,10,13,8,1,4,1,GI_Z_G,8,9,5,5,2,2,1.0,False,1.0,0.009950493835638952,0.98,0.009950493835969354,0.98,1.0000000000332046,"[{""gap_distortion"": 1.0000000000332046, ""minimum_gap"": 0.009950493835969354, ""minimum_gap_s"": 0.98, ""omega_scale"": 1.0}, {""gap_distortion"": 1.2484643245152591, ""minimum_gap"": 0.012422836565104234, ""minimum_gap_s"": 0.98, ""omega_scale"": 1.118033988749895}, {""gap_distortion"": 1.5581940789479223, ""minimum_gap"": 0.015504800577300415, ""minimum_gap_s"": 0.98, ""omega_scale"": 1.25}]"
unit_disk,48,IbI?Zp??_,10,13,9,6,3,1,GbIBq?,8,10,5,5,2,2,1.0,False,1.0,0.009950493835638952,0.98,0.00995049383597646,0.98,1.0000000000339186,"[{""gap_distortion"": 1.0000000000339186, ""minimum_gap"": 0.00995049383597646, ""minimum_gap_s"": 0.98, ""omega_scale"": 1.0}, {""gap_distortion"": 1.2484643245165088, ""minimum_gap"": 0.012422836565116668, ""minimum_gap_s"": 0.98, ""omega_scale"": 1.118033988749895}, {""gap_distortion"": 1.5581940789504216, ""minimum_gap"": 0.015504800577325284, ""minimum_gap_s"": 0.98, ""omega_scale"": 1.25}]"
unit_disk,49,IGaIdYdWg,10,18,3,6,3,1,GKe|ZC,8,15,4,4,1,1,1.0,False,1.0,0.38802258407904455,0.62,0.4082692201450753,0.62,1.0521790145645395,"[{""gap_distortion"": 1.0521790145645395, ""minimum_gap"": 0.4082692201450753, ""minimum_gap_s"": 0.62, ""omega_scale"": 1.0}, {""gap_distortion"": 1.1805894742311573, ""minimum_gap"": 0.4580953785276942, ""minimum_gap_s"": 0.64, ""omega_scale"": 1.118033988749895}, {""gap_distortion"": 1.3201211544955995, ""minimum_gap"": 0.5122368216647941, ""minimum_gap_s"": 0.64, ""omega_scale"": 1.25}]"
unit_disk,50,I?T@IoB_G,10,12,0,9,2,1,GD`L_K,8,10,5,5,3,3,1.0,False,1.0,0.007048417592180556,0.98,0.00704841759139363,0.98,1.0000000001116458,"[{""gap_distortion"": 1.0000000001116458, ""minimum_gap"": 0.00704841759139363, ""minimum_gap_s"": 0.98, ""omega_scale"": 1.0}, {""gap_distortion"": 1.249006924416998, ""minimum_gap"": 0.008803522378816098, ""minimum_gap_s"": 0.98, ""omega_scale"": 1.118033988749895}, {""gap_distortion"": 1.5597146278983542, ""minimum_gap"": 0.01099352002206011, ""minimum_gap_s"": 0.98, ""omega_scale"": 1.25}]"
unit_disk,50,I?T@IoB_G,10,12,2,6,3,1,GBPoKC,8,9,5,5,3,3,1.0,False,1.0,0.007048417592180556,0.98,0.0070484252377340795,0.98,1.0000010847191478,"[{""gap_distortion"": 1.0000010847191478, ""minimum_gap"": 0.0070484252377340795, ""minimum_gap_s"": 0.98, ""omega_scale"": 1.0}, {""gap_distortion"": 1.249009032046375, ""minimum_gap"": 0.008803537234268077, ""minimum_gap_s"": 0.98, ""omega_scale"": 1.118033988749895}, {""gap_distortion"": 1.5597187174094334, ""minimum_gap"": 0.010993548846641943, ""minimum_gap_s"": 0.98, ""omega_scale"": 1.25}]"
unit_disk,51,I~QtgPG|_,10,23,7,4,3,1,G~myFw,8,20,3,3,8,8,1.0,False,1.0,0.01901587635318336,0.98,0.019015881636494036,0.98,1.0000002778368233,"[{""gap_distortion"": 1.0000002778368233, ""minimum_gap"": 0.019015881636494036, ""minimum_gap_s"": 0.98, ""omega_scale"": 1.0}, {""gap_distortion"": 1.2446804057073961, ""minimum_gap"": 0.023668688694161943, ""minimum_gap_s"": 0.98, ""omega_scale"": 1.118033988749895}, {""gap_distortion"": 1.547687838896928, ""minimum_gap"": 0.029430640577789546, ""minimum_gap_s"": 0.98, ""omega_scale"": 1.25}]"
unit_disk,52,IATK`DWQG,10,15,0,6,3,1,GTdDcc,8,12,5,5,2,2,1.0,False,1.0,0.00995049383597113,0.98,0.009950493836212715,0.98,1.0000000000242786,"[{""gap_distortion"": 1.0000000000242786, ""minimum_gap"": 0.009950493836212715, ""minimum_gap_s"": 0.98, ""omega_scale"": 1.0}, {""gap_distortion"": 1.2484643245460605, ""minimum_gap"": 0.012422836565825435, ""minimum_gap_s"": 0.98, ""omega_scale"": 1.118033988749895}, {""gap_distortion"": 1.5581940791167335, ""minimum_gap"": 0.015504800579497768, ""minimum_gap_s"": 0.98, ""omega_scale"": 1.25}]"
unit_disk,52,IATK`DWQG,10,15,2,7,2,1,GJUbac,8,13,5,5,2,1,0.5,True,1.0,0.00995049383597113,0.98,0.5361709278958706,0.56,53.88385106652773,"[{""gap_distortion"": 53.88385106652773, ""minimum_gap"": 0.5361709278958706, ""minimum_gap_s"": 0.56, ""omega_scale"": 1.0}, {""gap_distortion"": 60.44204041653985, ""minimum_gap"": 0.6014281505982977, ""minimum_gap_s"": 0.56, ""omega_scale"": 1.118033988749895}, {""gap_distortion"": 67.35942739839784, ""minimum_gap"": 0.6702595671223026, ""minimum_gap_s"": 0.5800000000000001, ""omega_scale"": 1.25}]"
unit_disk,53,Ih[k`o@c_,10,17,8,7,4,1,Gh[kcc,8,13,4,4,6,4,0.6666666666666666,True,1.0,0.007766744500017353,0.98,0.009236497078148886,0.98,1.1892366329455346,"[{""gap_distortion"": 1.1892366329455346, ""minimum_gap"": 0.009236497078148886, ""minimum_gap_s"": 0.98, ""omega_scale"": 1.0}, {""gap_distortion"": 1.4842445800102038, ""minimum_gap"": 0.011527748428474816, ""minimum_gap_s"": 0.98, ""omega_scale"": 1.118033988749895}, {""gap_distortion"": 1.8517430076327928, ""minimum_gap"": 0.014382014819977584, ""minimum_gap_s"": 0.98, ""omega_scale"": 1.25}]"
unit_disk,54,IoaG{^l@o,10,21,3,6,5,1,Gse^wW,8,16,5,5,1,1,1.0,False,1.0,0.6317591563069964,0.56,0.639689648732725,0.56,1.0125530312407136,"[{""gap_distortion"": 1.0125530312407136, ""minimum_gap"": 0.639689648732725, ""minimum_gap_s"": 0.56, ""omega_scale"": 1.0}, {""gap_distortion"": 1.1304083206092232, ""minimum_gap"": 0.7141458069104916, ""minimum_gap_s"": 0.5800000000000001, ""omega_scale"": 1.118033988749895}, {""gap_distortion"": 1.2636388036631945, ""minimum_gap"": 0.798315384479042, ""minimum_gap_s"": 0.5800000000000001, ""omega_scale"": 1.25}]"
unit_disk,55,IE`cQHDa_,10,15,2,5,4,1,G[dAKo,8,11,4,4,6,6,1.0,False,1.0,0.009950615327642964,0.98,0.009950554584833071,0.98,1.0000061044647688,"[{""gap_distortion"": 1.0000061044647688, ""minimum_gap"": 0.009950554584833071, ""minimum_gap_s"": 0.98, ""omega_scale"": 1.0}, {""gap_distortion"": 1.2484609220752925, ""minimum_gap"": 0.012422954387165674, ""minimum_gap_s"": 0.98, ""omega_scale"": 1.118033988749895}, {""gap_distortion"": 1.5581979801993355, ""minimum_gap"": 0.015505028705273816, ""minimum_gap_s"": 0.98, ""omega_scale"": 1.25}]"
unit_disk,56,IOdAGy\P_,10,17,2,0,3,1,GKdrko,8,14,3,3,21,14,0.6666666666666666,True,1.0,0.010269403684368683,0.98,0.01672901202434396,0.98,1.6290149397678861,"[{""gap_distortion"": 1.6290149397678861, ""minimum_gap"": 0.01672901202434396, ""minimum_gap_s"": 0.98, ""omega_scale"": 1.0}, {""gap_distortion"": 2.032323387800145, ""minimum_gap"": 0.020870749286503454, ""minimum_gap_s"": 0.98, ""omega_scale"": 1.118033988749895}, {""gap_distortion"": 2.5342963340998934, ""minimum_gap"": 0.026025712110687493, ""minimum_gap_s"": 0.98, ""omega_scale"": 1.25}]"
unit_disk,57,ITQOAqslg,10,19,6,9,6,1,GTQQtg,8,13,4,4,3,3,1.0,False,1.0,0.014889146246400031,0.98,0.014889146246426677,0.98,1.0000000000017897,"[{""gap_distortion"": 1.0000000000017897, ""minimum_gap"": 0.014889146246426677, ""minimum_gap_s"": 0.98, ""omega_scale"": 1.0}, {""gap_distortion"": 1.2477155570193341, ""minimum_gap"": 0.018577419402369344, ""minimum_gap_s"": 0.98, ""omega_scale"": 1.118033988749895}, {""gap_distortion"": 1.5561038405856316, ""minimum_gap"": 0.02316905765706423, ""minimum_gap_s"": 0.98, ""omega_scale"": 1.25}]"
unit_disk,58,I@`DrcpKg,10,18,5,1,2,1,GK|jJS,8,16,4,4,2,2,1.0,False,1.0,0.009950493913105873,0.98,0.009950493913106762,0.98,1.0000000000000893,"[{""gap_distortion"": 1.0000000000000893, ""minimum_gap"": 0.009950493913106762, ""minimum_gap_s"": 0.98, ""omega_scale"": 1.0}, {""gap_distortion"": 1.2484643336612524, ""minimum_gap"": 0.012422836752826072, ""minimum_gap_s"": 0.98, ""omega_scale"": 1.118033988749895}, {""gap_distortion"": 1.5581941126931274, ""minimum_gap"": 0.015504801033790372, ""minimum_gap_s"": 0.98, ""omega_scale"": 1.25}]"
unit_disk,59,IAPKARYL?,10,15,2,9,3,1,GIUAfg,8,12,5,5,2,2,1.0,False,1.0,0.009950554578287196,0.98,0.009950554578272985,0.98,1.0000000000014282,"[{""gap_distortion"": 1.0000000000014282, ""minimum_gap"": 0.009950554578272985, ""minimum_gap_s"": 0.98, ""omega_scale"": 1.0}, {""gap_distortion"": 1.248468542106458, ""minimum_gap"": 0.012422954367504957, ""minimum_gap_s"": 0.98, ""omega_scale"": 1.118033988749895}, {""gap_distortion"": 1.558207487284386, ""minimum_gap"": 0.015505028646519037, ""minimum_gap_s"": 0.98, ""omega_scale"": 1.25}]"
unit_disk,60,Imv[B@d~W,10,26,6,0,6,1,GtnE^{,8,20,3,3,8,8,1.0,False,1.0,0.012732069670020607,0.98,0.01273207603322124,0.98,1.0000004997773966,"[{""gap_distortion"": 1.0000004997773966, ""minimum_gap"": 0.01273207603322124, ""minimum_gap_s"": 0.98, ""omega_scale"": 1.0}, {""gap_distortion"": 1.2481853609919789, ""minimum_gap"": 0.015891982977249697, ""minimum_gap_s"": 0.98, ""omega_scale"": 1.118033988749895}, {""gap_distortion"": 1.5574239123201568, ""minimum_gap"": 0.0198292297574163, ""minimum_gap_s"": 0.98, ""omega_scale"": 1.25}]"
unit_disk,61,IvvyTYsC?,10,24,9,3,7,1,Gu|TtO,8,17,4,4,2,2,1.0,False,1.0,0.009950554580743898,0.98,0.009950554580790971,0.98,1.0000000000047307,"[{""gap_distortion"": 1.0000000000047307, ""minimum_gap"": 0.009950554580790971, ""minimum_gap_s"": 0.98, ""omega_scale"": 1.0}, {""gap_distortion"": 1.2484685425586215, ""minimum_gap"": 0.012422954375071349, ""minimum_gap_s"": 0.98, ""omega_scale"": 1.118033988749895}, {""gap_distortion"": 1.5582074891872133, ""minimum_gap"": 0.015505028669281273, ""minimum_gap_s"": 0.98, ""omega_scale"": 1.25}]"
unit_disk,62,I\}WO?Fz_,10,21,7,8,3,1,G\}WV[,8,18,4,4,4,4,1.0,False,1.0,0.009236527922560356,0.98,0.009236519544025157,0.98,1.0000009071095621,"[{""gap_distortion"": 1.0000009071095621, ""minimum_gap"": 0.009236519544025157, ""minimum_gap_s"": 0.98, ""omega_scale"": 1.0}, {""gap_distortion"": 1.2480654894079397, ""minimum_gap"": 0.01152779174210039, ""minimum_gap_s"": 0.98, ""omega_scale"": 1.118033988749895}, {""gap_distortion"": 1.557089219979828, ""minimum_gap"": 0.014382098058261406, ""minimum_gap_s"": 0.98, ""omega_scale"": 1.25}]"
unit_disk,63,I{YFSaPCW,10,19,5,0,7,1,Ges`HK,8,12,3,3,17,16,0.9411764705882353,True,1.0,0.01894226097816354,0.98,0.0198039027185537,0.98,1.0454877979658002,"[{""gap_distortion"": 1.0454877979658002, ""minimum_gap"": 0.0198039027185537, ""minimum_gap_s"": 0.98, ""omega_scale"": 1.0}, {""gap_distortion"": 1.3037026902133786, ""minimum_gap"": 0.02469507659595571, ""minimum_gap_s"": 0.98, ""omega_scale"": 1.118033988749895}, {""gap_distortion"": 1.6247483043281141, ""minimum_gap"": 0.030776406404411816, ""minimum_gap_s"": 0.98, ""omega_scale"": 1.25}]"
unit_disk,64,I`Ks@EAIO,10,14,1,0,3,1,G}AGTG,8,11,5,5,1,1,1.0,False,1.0,0.4592931295716185,0.5800000000000001,0.4542951811556053,0.5800000000000001,1.0110015439813818,"[{""gap_distortion"": 1.0110015439813818, ""minimum_gap"": 0.4542951811556053, ""minimum_gap_s"": 0.5800000000000001, ""omega_scale"": 1.0}, {""gap_distortion"": 1.105368243778858, ""minimum_gap"": 0.5076880400142754, ""minimum_gap_s"": 0.5800000000000001, ""omega_scale"": 1.118033988749895}, {""gap_distortion"": 1.2363977161473247, ""minimum_gap"": 0.5678689764445064, ""minimum_gap_s"": 0.6, ""omega_scale"": 1.25}]"
unit_disk,65,I|OCH?@`_,10,13,4,1,3,1,Gwd?Ko,8,10,4,4,17,11,0.6470588235294118,True,1.0,0.007000830509642952,0.98,0.007608138009296717,0.98,1.0867479220954226,"[{""gap_distortion"": 1.0867479220954226, ""minimum_gap"": 0.007608138009296717, ""minimum_gap_s"": 0.98, ""omega_scale"": 1.0}, {""gap_distortion"": 1.3573651649632497, ""minimum_gap"": 0.009502683459601258, ""minimum_gap_s"": 0.98, ""omega_scale"": 1.118033988749895}, {""gap_distortion"": 1.6950435354582616, ""minimum_gap"": 0.011866712498209253, ""minimum_gap_s"": 0.98, ""omega_scale"": 1.25}]"
unit_disk,65,I|OCH?@`_,10,13,8,7,2,1,G|OCKK,8,11,4,4,17,10,0.5882352941176471,True,1.0,0.007000830509642952,0.98,0.007362974950825496,0.98,1.0517287828470816,"[{""gap_distortion"": 1.0517287828470816, ""minimum_gap"": 0.007362974950825496, ""minimum_gap_s"": 0.98, ""omega_scale"": 1.0}, {""gap_distortion"": 1.3135870396501403, ""minimum_gap"": 0.00919620022425427, ""minimum_gap_s"": 0.98, ""omega_scale"": 1.118033988749895}, {""gap_distortion"": 1.6403162111106706, ""minimum_gap"": 0.011483575776205512, ""minimum_gap_s"": 0.98, ""omega_scale"": 1.25}]"
unit_disk,66,IgM?J@`B_,10,14,3,4,3,1,GkDbGo,8,11,4,4,8,6,0.75,True,1.0,0.008110346311108074,0.98,0.009950554584834848,0.98,1.2268963868048879,"[{""gap_distortion"": 1.2268963868048879, ""minimum_gap"": 0.009950554584834848, ""minimum_gap_s"": 0.98, ""omega_scale"": 1.0}, {""gap_distortion"": 1.5317415447668745, ""minimum_gap"": 0.012422954387171004, ""minimum_gap_s"": 0.98, ""omega_scale"": 1.118033988749895}, {""gap_distortion"": 1.9117591420280957, ""minimum_gap"": 0.015505028705274704, ""minimum_gap_s"": 0.98, ""omega_scale"": 1.25}]"
unit_disk,67,IaFEKKgE?,10,15,2,8,2,1,GhrKX_,8,13,4,4,3,2,0.6666666666666666,True,1.0,0.007048417819477848,0.98,0.009950554585024918,0.98,1.4117430095484977,"[{""gap_distortion"": 1.4117430095484977, ""minimum_gap"": 0.009950554585024918, ""minimum_gap_s"": 0.98, ""omega_scale"": 1.0}, {""gap_distortion"": 1.7625167386556158, ""minimum_gap"": 0.012422954387868224, ""minimum_gap_s"": 0.98, ""omega_scale"": 1.118033988749895}, {""gap_distortion"": 2.199788534816191, ""minimum_gap"": 0.015505028707881507, ""minimum_gap_s"": 0.98, ""omega_scale"": 1.25}]"
unit_disk,68,I`TXExKC?,10,17,6,2,2,1,Gb^yp?,8,15,4,4,9,5,0.5555555555555556,True,1.0,0.00916112485835896,0.98,0.009312453916786367,0.98,1.0165186110621918,"[{""gap_distortion"": 1.0165186110621918, ""minimum_gap"": 0.009312453916786367, ""minimum_gap_s"": 0.98, ""omega_scale"": 1.0}, {""gap_distortion"": 1.2690230348422995, ""minimum_gap"": 0.011625678470323919, ""minimum_gap_s"": 0.98, ""omega_scale"": 1.118033988749895}, {""gap_distortion"": 1.5837647300153161, ""minimum_gap"": 0.01450906643793548, ""minimum_gap_s"": 0.98, ""omega_scale"": 1.25}]"
unit_disk,68,I`TXExKC?,10,17,9,3,5,1,GaSeqo,8,12,4,4,9,8,0.8888888888888888,True,1.0,0.00916112485835896,0.98,0.009236624892871248,0.98,1.0082413497992442,"[{""gap_distortion"": 1.0082413497992442, ""minimum_gap"": 0.009236624892871248, ""minimum_gap_s"": 0.98, ""omega_scale"": 1.0}, {""gap_distortion"": 1.2583602585146982, ""minimum_gap"": 0.01152799544505001, ""minimum_gap_s"": 0.98, ""omega_scale"": 1.118033988749895}, {""gap_distortion"": 1.5699481450550277, ""minimum_gap"": 0.014382490977998152, ""minimum_gap_s"": 0.98, ""omega_scale"": 1.25}]"
unit_disk,69,IhpCVRjX?,10,21,3,2,5,1,GyjfY_,8,16,4,4,2,2,1.0,False,1.0,0.00995055458074745,0.98,0.0099505545805183,0.98,1.000000000023029,"[{""gap_distortion"": 1.000000000023029, ""minimum_gap"": 0.0099505545805183, ""minimum_gap_s"": 0.98, ""omega_scale"": 1.0}, {""gap_distortion"": 1.248468542476325, ""minimum_gap"": 0.01242295437425689, ""minimum_gap_s"": 0.98, ""omega_scale"": 1.118033988749895}, {""gap_distortion"": 1.5582074889415514, ""minimum_gap"": 0.015505028666842335, ""minimum_gap_s"": 0.98, ""omega_scale"": 1.25}]"
unit_disk,70,Iep??SCXG,10,13,2,9,4,1,G}O?gO,8,9,5,5,2,2,1.0,False,1.0,0.009950554578043835,0.98,0.009950493835967578,0.98,1.0000061044283086,"[{""gap_distortion"": 1.0000061044283086, ""minimum_gap"": 0.009950493835967578, ""minimum_gap_s"": 0.98, ""omega_scale"": 1.0}, {""gap_distortion"": 1.2484567033602991, ""minimum_gap"": 0.01242283656511134, ""minimum_gap_s"": 0.98, ""omega_scale"": 1.118033988749895}, {""gap_distortion"": 1.5581845670717296, ""minimum_gap"": 0.01550480057731285, ""minimum_gap_s"": 0.98, ""omega_scale"": 1.25}]"
unit_disk,70,Iep??SCXG,10,13,6,7,2,1,Gep?JK,8,11,5,5,2,2,1.0,False,1.0,0.009950554578043835,0.98,0.009950554578043835,0.98,1.0,"[{""gap_distortion"": 1.0, ""minimum_gap"": 0.009950554578043835, ""minimum_gap_s"": 0.98, ""omega_scale"": 1.0}, {""gap_distortion"": 1.2484685420652275, ""minimum_gap"": 0.012422954366790862, ""minimum_gap_s"": 0.98, ""omega_scale"": 1.118033988749895}, {""gap_distortion"": 1.5582074871077376, ""minimum_gap"": 0.01550502864438208, ""minimum_gap_s"": 0.98, ""omega_scale"": 1.25}]"
unit_disk,71,I`?U@SrA?,10,13,5,3,3,1,G_oxW_,8,10,4,4,14,12,0.8571428571428571,True,1.0,0.007636111410855406,0.98,0.008454724864813912,0.98,1.1072029217377282,"[{""gap_distortion"": 1.1072029217377282, ""minimum_gap"": 0.008454724864813912, ""minimum_gap_s"": 0.98, ""omega_scale"": 1.0}, {""gap_distortion"": 1.3828135630494303, ""minimum_gap"": 0.010559318427887376, ""minimum_gap_s"": 0.98, ""omega_scale"": 1.118033988749895}, {""gap_distortion"": 1.726665172961565, ""minimum_gap"": 0.013185007629978429, ""minimum_gap_s"": 0.98, ""omega_scale"": 1.25}]"
unit_disk,71,I`?U@SrA?,10,13,9,4,2,1,G`F@Hk,8,11,4,4,14,9,0.6428571428571429,True,1.0,0.007636111410855406,0.98,0.009008320443312456,0.98,1.1796999753704922,"[{""gap_distortion"": 1.1796999753704922, ""minimum_gap"": 0.009008320443312456, ""minimum_gap_s"": 0.98, ""omega_scale"": 1.0}, {""gap_distortion"": 1.4724750508887066, ""minimum_gap"": 0.011243983538291147, ""minimum_gap_s"": 0.98, ""omega_scale"": 1.118033988749895}, {""gap_distortion"": 1.8372667886953886, ""minimum_gap"": 0.014029573889942526, ""minimum_gap_s"": 0.98, ""omega_scale"": 1.25}]"
unit_disk,72,JOF_o`?F_S_,11,16,7,3,4,1,HOwQ?wT,9,12,4,4,24,19,0.7916666666666666,True,1.0,0.00908262568254159,0.98,0.009135125859660143,0.98,1.005780286334982,"[{""gap_distortion"": 1.005780286334982, ""minimum_gap"": 0.009135125859660143, ""minimum_gap_s"": 0.98, ""omega_scale"": 1.0}, {""gap_distortion"": 1.2280605206633084, ""minimum_gap"": 0.01115401402469196, ""minimum_gap_s"": 0.98, ""omega_scale"": 1.1055415967851334}, {""gap_distortion"": 1.499140544084897, ""minimum_gap"": 0.013616132407444859, ""minimum_gap_s"": 0.98, ""omega_scale"": 1.2222222222222223}]"
unit_disk,72,JOF_o`?F_S_,11,16,8,1,2,1,H`op@wT,9,14,4,4,24,14,0.5833333333333334,True,1.0,0.00908262568254159,0.98,0.011444198489758861,0.98,1.2600099233150863,"[{""gap_distortion"": 1.2600099233150863, ""minimum_gap"": 0.011444198489758861, ""minimum_gap_s"": 0.98, ""omega_scale"": 1.0}, {""gap_distortion"": 1.5371196987588869, ""minimum_gap"": 0.013961082853088058, ""minimum_gap_s"": 0.98, ""omega_scale"": 1.1055415967851334}, {""gap_distortion"": 1.8744257068187085, ""minimum_gap"": 0.017024707064767775, ""minimum_gap_s"": 0.98, ""omega_scale"": 1.2222222222222223}]"
unit_disk,73,Jj|F{?FPg?_,11,24,10,9,5,1,Hj|F{?F,9,19,4,4,7,7,1.0,False,1.0,0.00567015993045672,0.98,0.005670161568724019,0.98,1.000000288927882,"[{""gap_distortion"": 1.000000288927882, ""minimum_gap"": 0.005670161568724019, ""minimum_gap_s"": 0.98, ""omega_scale"": 1.0}, {""gap_distortion"": 1.2217705330659192, ""minimum_gap"": 0.006927634320803122, ""minimum_gap_s"": 0.98, ""omega_scale"": 1.1055415967851334}, {""gap_distortion"": 1.492602896118601, ""minimum_gap"": 0.008463297133655345, ""minimum_gap_s"": 0.98, ""omega_scale"": 1.2222222222222223}]"
unit_disk,74,JjI?@Dw?pQ?,11,17,5,0,2,1,Hy@N_XS,9,15,4,4,19,12,0.631578947368421,True,1.0,0.006158615921533439,0.98,0.006584336579447125,0.98,1.0691260282079234,"[{""gap_distortion"": 1.0691260282079234, ""minimum_gap"": 0.006584336579447125, ""minimum_gap_s"": 0.98, ""omega_scale"": 1.0}, {""gap_distortion"": 1.3064933515740578, ""minimum_gap"": 0.008046190756381577, ""minimum_gap_s"": 0.98, ""omega_scale"": 1.1055415967851334}, {""gap_distortion"": 1.596500701583246, ""minimum_gap"": 0.009832234639509885, ""minimum_gap_s"": 0.98, ""omega_scale"": 1.2222222222222223}]"
unit_disk,75,Jb?IXp^KRb?,11,24,0,1,5,1,H`Nb}JE,9,19,4,4,3,3,1.0,False,1.0,0.014889236502922287,0.98,0.014889236477758416,0.98,1.0000000016900712,"[{""gap_distortion"": 1.0000000016900712, ""minimum_gap"": 0.014889236477758416, ""minimum_gap_s"": 0.98, ""omega_scale"": 1.0}, {""gap_distortion"": 1.220239509508915, ""minimum_gap"": 0.018168434647288123, ""minimum_gap_s"": 0.98, ""omega_scale"": 1.1055415967851334}, {""gap_distortion"": 1.4884641841726767, ""minimum_gap"": 0.02216209526427626, ""minimum_gap_s"": 0.98, ""omega_scale"": 1.2222222222222223}]"
unit_disk,76,J?D?rW`I[u_,11,20,0,10,6,1,H@_uqDR,9,14,4,4,16,16,1.0,False,1.0,0.00995063686751152,0.98,0.009950636867815277,0.98,1.0000000000305265,"[{""gap_distortion"": 1.0000000000305265, ""minimum_gap"": 0.009950636867815277, ""minimum_gap_s"": 0.98, ""omega_scale"": 1.0}, {""gap_distortion"": 1.220895566775834, ""minimum_gap"": 0.012148688438140987, ""minimum_gap_s"": 0.98, ""omega_scale"": 1.1055415967851334}, {""gap_distortion"": 1.4902360343908996, ""minimum_gap"": 0.01482879762510425, ""minimum_gap_s"": 0.98, ""omega_scale"": 1.2222222222222223}]"
unit_disk,77,JKcCs|D@GG_,11,19,2,1,2,1,HwzwgcP,9,17,4,4,4,4,1.0,False,1.0,0.019804021868852217,0.98,0.019804021864473498,0.98,1.0000000002211025,"[{""gap_distortion"": 1.0000000002211025, ""minimum_gap"": 0.019804021864473498, ""minimum_gap_s"": 0.98, ""omega_scale"": 1.0}, {""gap_distortion"": 1.219599827548443, ""minimum_gap"": 0.024152981656017758, ""minimum_gap_s"": 0.98, ""omega_scale"": 1.1055415967851334}, {""gap_distortion"": 1.486742620692541, ""minimum_gap"": 0.02944348337354974, ""minimum_gap_s"": 0.98, ""omega_scale"": 1.2222222222222223}]"
unit_disk,78,J_jMMMKTtX?,11,26,3,9,5,1,HdvM[qx,9,21,4,4,3,3,1.0,False,1.0,0.014889427420079926,0.98,0.014889337189652352,0.98,1.000006060070131,"[{""gap_distortion"": 1.000006060070131, ""minimum_gap"": 0.014889337189652352, ""minimum_gap_s"": 0.98, ""omega_scale"": 1.0}, {""gap_distortion"": 1.2202361218798359, ""minimum_gap"": 0.01816861717208962, ""minimum_gap_s"": 0.98, ""omega_scale"": 1.1055415967851334}, {""gap_distortion"": 1.4884672802397816, ""minimum_gap"": 0.022162425536293995, ""minimum_gap_s"": 0.98, ""omega_scale"": 1.2222222222222223}]"
unit_disk,79,JOS_IoPUoK_,11,18,0,2,2,1,HWFaNWX,9,16,4,4,16,10,0.625,True,1.0,0.00710414237502377,0.98,0.007363068649878457,0.98,1.0364472248986734,"[{""gap_distortion"": 1.0364472248986734, ""minimum_gap"": 0.007363068649878457, ""minimum_gap_s"": 0.98, ""omega_scale"": 1.0}, {""gap_distortion"": 1.2658565133073953, ""minimum_gap"": 0.008992824896886908, ""minimum_gap_s"": 0.98, ""omega_scale"": 1.1055415967851334}, {""gap_distortion"": 1.5458050616681023, ""minimum_gap"": 0.010981619242122598, ""minimum_gap_s"": 0.98, ""omega_scale"": 1.2222222222222223}]"
unit_disk,80,JIHjeXQSi`_,11,24,0,7,4,1,HqvdLMb,9,20,4,4,2,2,1.0,False,1.0,0.009950615329557877,0.98,0.009950554585256732,0.98,1.0000061046146347,"[{""gap_distortion"": 1.0000061046146347, ""minimum_gap"": 0.009950554585256732, ""minimum_gap_s"": 0.98, ""omega_scale"": 1.0}, {""gap_distortion"": 1.2208833192959097, ""minimum_gap"": 0.012148540272587383, ""minimum_gap_s"": 0.98, ""omega_scale"": 1.1055415967851334}, {""gap_distortion"": 1.490212528010285, ""minimum_gap"": 0.014828531625518337, ""minimum_gap_s"": 0.98, ""omega_scale"": 1.2222222222222223}]"
unit_disk,81,JJ\|?H~?O?_,11,22,0,6,3,1,H~{NwG@,9,19,4,4,7,4,0.5714285714285714,True,1.0,0.009655393979878468,0.98,0.019804141302349976,0.98,2.05109613793297,"[{""gap_distortion"": 2.05109613793297, ""minimum_gap"": 0.019804141302349976, ""minimum_gap_s"": 0.98, ""omega_scale"": 1.0}, {""gap_distortion"": 2.501523772281349, ""minimum_gap"": 0.024153197571408214, ""minimum_gap_s"": 0.98, ""omega_scale"": 1.1055415967851334}, {""gap_distortion"": 3.0494739971233833, ""minimum_gap"": 0.029443872873621046, ""minimum_gap_s"": 0.98, ""omega_scale"": 1.2222222222222223}]"
unit_disk,81,JJ\|?H~?O?_,11,22,10,9,2,1,HJ\|?H~,9,20,4,4,7,7,1.0,False,1.0,0.009655393979878468,0.98,0.009655393977223703,0.98,1.0000000002749516,"[{""gap_distortion"": 1.0000000002749516, ""minimum_gap"": 0.009655393977223703, ""minimum_gap_s"": 0.98, ""omega_scale"": 1.0}, {""gap_distortion"": 1.2207015558119596, ""minimum_gap"": 0.011786354453215075, ""minimum_gap_s"": 0.98, ""omega_scale"": 1.1055415967851334}, {""gap_distortion"": 1.4897174689081973, ""minimum_gap"": 0.014383809081015997, ""minimum_gap_s"": 0.98, ""omega_scale"": 1.2222222222222223}]"
unit_disk,82,JeBVhFSrml_,11,30,4,9,7,1,HevxMr\,9,23,3,3,15,13,0.8666666666666667,True,1.0,0.010234521621138803,0.98,0.01024158119534846,0.98,1.0006897805750954,"[{""gap_distortion"": 1.0006897805750954, ""minimum_gap"": 0.01024158119534846, ""minimum_gap_s"": 0.98, ""omega_scale"": 1.0}, {""gap_distortion"": 1.2218478333538016, ""minimum_gap"": 0.012505028068201085, ""minimum_gap_s"": 0.98, ""omega_scale"": 1.1055415967851334}, {""gap_distortion"": 1.4915625591659676, ""minimum_gap"": 0.015265429261065222, ""minimum_gap_s"": 0.98, ""omega_scale"": 1.2222222222222223}]"
unit_disk,83,J~Bvnf@}^n_,11,39,4,9,8,1,H~~~mF~,9,31,3,3,5,5,1.0,False,1.0,0.013152314569552459,0.98,0.013152338227408578,0.98,1.000001798759906,"[{""gap_distortion"": 1.000001798759906, ""minimum_gap"": 0.013152338227408578, ""minimum_gap_s"": 0.98, ""omega_scale"": 1.0}, {""gap_distortion"": 1.2194568707280355, ""minimum_gap"": 0.016038680367817193, ""minimum_gap_s"": 0.98, ""omega_scale"": 1.1055415967851334}, {""gap_distortion"": 1.4863639143765859, ""minimum_gap"": 0.019549125766712194, ""minimum_gap_s"": 0.98, ""omega_scale"": 1.2222222222222223}]"
unit_disk,84,JvBUnn@tto?,11,31,4,10,4,1,Hvv^}F],9,27,4,4,3,3,1.0,False,1.0,0.014889337189284646,0.98,0.014889337188171758,0.98,1.000000000074744,"[{""gap_distortion"": 1.000000000074744, ""minimum_gap"": 0.014889337188171758, ""minimum_gap_s"": 0.98, ""omega_scale"": 1.0}, {""gap_distortion"": 1.2202435163591454, ""minimum_gap"": 0.01816861716810969, ""minimum_gap_s"": 0.98, ""omega_scale"": 1.1055415967851334}, {""gap_distortion"": 1.4884762997741388, ""minimum_gap"": 0.022162425525595886, ""minimum_gap_s"": 0.98, ""omega_scale"": 1.2222222222222223}]"
unit_disk,85,JGpjY^N\k??,11,27,3,9,6,1,HM\y}}?,9,21,4,4,4,4,1.0,False,1.0,0.009236684564697839,0.98,0.0092366887529014,0.98,1.000000453431481,"[{""gap_distortion"": 1.000000453431481, ""minimum_gap"": 0.0092366887529014, ""minimum_gap_s"": 0.98, ""omega_scale"": 1.0}, {""gap_distortion"": 1.220552408812309, ""minimum_gap"": 0.01127385759488142, ""minimum_gap_s"": 0.98, ""omega_scale"": 1.1055415967851334}, {""gap_distortion"": 1.4893149678137616, ""minimum_gap"": 0.013756332575178831, ""minimum_gap_s"": 0.98, ""omega_scale"": 1.2222222222222223}]"
unit_disk,85,JGpjY^N\k??,11,27,10,0,3,1,Hcv[{~l,9,24,4,4,4,3,0.75,True,1.0,0.009236684564697839,0.98,0.014889417650576497,0.98,1.61198723917488,"[{""gap_distortion"": 1.61198723917488, ""minimum_gap"": 0.014889417650576497, ""minimum_gap_s"": 0.98, ""omega_scale"": 1.0}, {""gap_distortion"": 1.9670221305020898, ""minimum_gap"": 0.018168762951227713, ""minimum_gap_s"": 0.98, ""omega_scale"": 1.1055415967851334}, {""gap_distortion"": 2.399420383567092, ""minimum_gap"": 0.022162689221115528, ""minimum_gap_s"": 0.98, ""omega_scale"": 1.2222222222222223}]"
unit_disk,86,JSe^T]jal~_,11,34,1,6,8,1,Htn]kf~,9,26,4,4,3,3,1.0,False,1.0,0.007048447111614564,0.98,0.007048447084695653,0.98,1.0000000038191266,"[{""gap_distortion"": 1.0000000038191266, ""minimum_gap"": 0.007048447084695653, ""minimum_gap_s"": 0.98, ""omega_scale"": 1.0}, {""gap_distortion"": 1.221361394379704, ""minimum_gap"": 0.008608701192453161, ""minimum_gap_s"": 0.98, ""omega_scale"": 1.1055415967851334}, {""gap_distortion"": 1.4914955143392086, ""minimum_gap"": 0.010512727250030274, ""minimum_gap_s"": 0.98, ""omega_scale"": 1.2222222222222223}]"
unit_disk,87,JMYAsIT`W_?,11,20,10,3,5,1,HJ`SSUJ,9,15,4,4,5,5,1.0,False,1.0,0.024695064355205076,0.98,0.024695076595957488,0.98,1.0000004956760686,"[{""gap_distortion"": 1.0000004956760686, ""minimum_gap"": 0.024695076595957488, ""minimum_gap_s"": 0.98, ""omega_scale"": 1.0}, {""gap_distortion"": 1.2189673042020286, ""minimum_gap"": 0.03010247602415994, ""minimum_gap_s"": 0.98, ""omega_scale"": 1.1055415967851334}, {""gap_distortion"": 1.4850423581324723, ""minimum_gap"": 0.03667321660428691, ""minimum_gap_s"": 0.98, ""omega_scale"": 1.2222222222222223}]"
unit_disk,88,J`~?GCwpEW_,11,21,7,6,2,1,H`~@uJL,9,19,3,3,30,17,0.5666666666666667,True,1.0,0.009923791113683578,0.98,0.01610532476693116,0.98,1.6229004200545976,"[{""gap_distortion"": 1.6229004200545976, ""minimum_gap"": 0.01610532476693116, ""minimum_gap_s"": 0.98, ""omega_scale"": 1.0}, {""gap_distortion"": 1.980356803082239, ""minimum_gap"": 0.01965264724435034, ""minimum_gap_s"": 0.98, ""omega_scale"": 1.1055415967851334}, {""gap_distortion"": 2.4157097410283987, ""minimum_gap"": 0.023972998861256478, ""minimum_gap_s"": 0.98, ""omega_scale"": 1.2222222222222223}]"
unit_disk,89,JGeW`ID?c??,11,14,1,2,2,1,H^OSgQ?,9,12,5,5,10,7,0.7,True,1.0,0.006230211138262831,0.98,0.006086681388458359,0.98,1.0235809533379938,"[{""gap_distortion"": 1.0235809533379938, ""minimum_gap"": 0.006086681388458359, ""minimum_gap_s"": 0.98, ""omega_scale"": 1.0}, {""gap_distortion"": 1.1932101547444942, ""minimum_gap"": 0.007433951196377464, ""minimum_gap_s"": 0.98, ""omega_scale"": 1.1055415967851334}, {""gap_distortion"": 1.457098792868966, ""minimum_gap"": 0.009078033128881557, ""minimum_gap_s"": 0.98, ""omega_scale"": 1.2222222222222223}]"
unit_disk,89,JGeW`ID?c??,11,14,9,6,2,1,HGeXKM?,9,12,5,5,10,7,0.7,True,1.0,0.006230211138262831,0.98,0.0060866813884548066,0.98,1.0235809533385913,"[{""gap_distortion"": 1.0235809533385913, ""minimum_gap"": 0.0060866813884548066, ""minimum_gap_s"": 0.98, ""omega_scale"": 1.0}, {""gap_distortion"": 1.1932101547453495, ""minimum_gap"": 0.007433951196382793, ""minimum_gap_s"": 0.98, ""omega_scale"": 1.1055415967851334}, {""gap_distortion"": 1.4570987928681105, ""minimum_gap"": 0.009078033128876228, ""minimum_gap_s"": 0.98, ""omega_scale"": 1.2222222222222223}]"
unit_disk,89,JGeW`ID?c??,11,14,10,0,4,1,H`KaOSC,9,10,5,5,10,9,0.9,True,1.0,0.006230211138262831,0.98,0.0070484254528793144,0.98,1.1313301100810889,"[{""gap_distortion"": 1.1313301100810889, ""minimum_gap"": 0.0070484254528793144, ""minimum_gap_s"": 0.98, ""omega_scale"": 1.0}, {""gap_distortion"": 1.3817608567781348, ""minimum_gap"": 0.008608661880314727, ""minimum_gap_s"": 0.98, ""omega_scale"": 1.1055415967851334}, {""gap_distortion"": 1.6873675136121666, ""minimum_gap"": 0.01051265587764938, ""minimum_gap_s"": 0.98, ""omega_scale"": 1.2222222222222223}]"
unit_disk,90,J@t@sQHqMR_,11,23,5,1,4,1,HL]SkeV,9,19,4,4,3,3,1.0,False,1.0,0.014889146232732742,0.98,0.014889146232851758,0.98,1.0000000000079934,"[{""gap_distortion"": 1.0000000000079934, ""minimum_gap"": 0.014889146232851758, ""minimum_gap_s"": 0.98, ""omega_scale"": 1.0}, {""gap_distortion"": 1.2202359331063615, ""minimum_gap"": 0.018168271246455703, ""minimum_gap_s"": 0.98, ""omega_scale"": 1.1055415967851334}, {""gap_distortion"": 1.4884533731040699, ""minimum_gap"": 0.022161799932750803, ""minimum_gap_s"": 0.98, ""omega_scale"": 1.2222222222222223}]"
unit_disk,91,JkGRU_ioRT?,11,22,5,3,3,1,Hh^@uHy,9,19,3,3,24,17,0.7083333333333334,True,1.0,0.010009120958411444,0.98,0.01610532476693116,0.98,1.6090648553304376,"[{""gap_distortion"": 1.6090648553304376, ""minimum_gap"": 0.01610532476693116, ""minimum_gap_s"": 0.98, ""omega_scale"": 1.0}, {""gap_distortion"": 1.963473848103894, ""minimum_gap"": 0.019652647244349453, ""minimum_gap_s"": 0.98, ""omega_scale"": 1.1055415967851334}, {""gap_distortion"": 2.395115311410605, ""minimum_gap"": 0.023972998861252037, ""minimum_gap_s"": 0.98, ""omega_scale"": 1.2222222222222223}]"
unit_disk,92,J`wFOG?P]D?,11,18,3,2,3,1,HwwOAnI,9,15,4,4,15,11,0.7333333333333333,True,1.0,0.009771056944131828,0.98,0.009685723280705716,0.98,1.0088102520537727,"[{""gap_distortion"": 1.0088102520537727, ""minimum_gap"": 0.009685723280705716, ""minimum_gap_s"": 0.98, ""omega_scale"": 1.0}, {""gap_distortion"": 1.2089516737408335, ""minimum_gap"": 0.011812735646825168, ""minimum_gap_s"": 0.98, ""omega_scale"": 1.1055415967851334}, {""gap_distortion"": 1.4737756998714406, ""minimum_gap"": 0.014400346286321586, ""minimum_gap_s"": 0.98, ""omega_scale"": 1.2222222222222223}]"
unit_disk,93,JOig?@An?b_,11,17,1,8,3,2,Hes?Fob,9,14,5,5,4,4,1.0,False,1.0,0.019804021860100107,0.98,0.019804021860096555,0.98,1.0000000000001794,"[{""gap_distortion"": 1.0000000000001794, ""minimum_gap"": 0.019804021860096555, ""minimum_gap_s"": 0.98, ""omega_scale"": 1.0}, {""gap_distortion"": 1.2195998274926487, ""minimum_gap"": 0.024152981644238736, ""minimum_gap_s"": 0.98, ""omega_scale"": 1.1055415967851334}, {""gap_distortion"": 1.4867426197571993, ""minimum_gap"": 0.029443483342014076, ""minimum_gap_s"": 0.98, ""omega_scale"": 1.2222222222222223}]"
unit_disk,93,JOig?@An?b_,11,17,6,8,3,2,HOigDwR,9,14,5,5,4,4,1.0,False,1.0,0.019804021860100107,0.98,0.019804021860085896,0.98,1.0000000000007176,"[{""gap_distortion"": 1.0000000000007176, ""minimum_gap"": 0.019804021860085896, ""minimum_gap_s"": 0.98, ""omega_scale"": 1.0}, {""gap_distortion"": 1.2195998274926487, ""minimum_gap"": 0.024152981644238736, ""minimum_gap_s"": 0.98, ""omega_scale"": 1.1055415967851334}, {""gap_distortion"": 1.4867426197565714, ""minimum_gap"": 0.029443483342001642, ""minimum_gap_s"": 0.98, ""omega_scale"": 1.2222222222222223}]"
unit_disk,93,JOig?@An?b_,11,17,7,10,4,1,HOigAE{,9,13,5,5,4,4,1.0,False,1.0,0.019804021860100107,0.98,0.019804021858627507,0.98,1.0000000000743585,"[{""gap_distortion"": 1.0000000000743585, ""minimum_gap"": 0.019804021858627507, ""minimum_gap_s"": 0.98, ""omega_scale"": 1.0}, {""gap_distortion"": 1.219599827294957, ""minimum_gap"": 0.024152981640323645, ""minimum_gap_s"": 0.98, ""omega_scale"": 1.1055415967851334}, {""gap_distortion"": 1.4867426192267326, ""minimum_gap"": 0.029443483331508702, ""minimum_gap_s"": 0.98, ""omega_scale"": 1.2222222222222223}]"
unit_disk,94,JJXoBp|A{g?,11,25,0,10,3,1,H}wFfsV,9,22,4,4,3,3,1.0,False,1.0,0.007048705020547885,0.98,0.007048683384126342,0.98,1.000003069569218,"[{""gap_distortion"": 1.000003069569218, ""minimum_gap"": 0.007048683384126342, ""minimum_gap_s"": 0.98, ""omega_scale"": 1.0}, {""gap_distortion"": 1.2213775212318456, ""minimum_gap"": 0.00860912986589124, ""minimum_gap_s"": 0.98, ""omega_scale"": 1.1055415967851334}, {""gap_distortion"": 1.491551114521009, ""minimum_gap"": 0.01051350382932803, ""minimum_gap_s"": 0.98, ""omega_scale"": 1.2222222222222223}]"
unit_disk,94,JJXoBp|A{g?,11,25,6,9,4,1,HJXrr}S,9,21,4,4,3,3,1.0,False,1.0,0.007048705020547885,0.98,0.007048683386308596,0.98,1.0000030692596196,"[{""gap_distortion"": 1.0000030692596196, ""minimum_gap"": 0.007048683386308596, ""minimum_gap_s"": 0.98, ""omega_scale"": 1.0}, {""gap_distortion"": 1.2213775220691547, ""minimum_gap"": 0.008609129871793186, ""minimum_gap_s"": 0.98, ""omega_scale"": 1.1055415967851334}, {""gap_distortion"": 1.4915511167797908, ""minimum_gap"": 0.010513503845249517, ""minimum_gap_s"": 0.98, ""omega_scale"": 1.2222222222222223}]"
unit_disk,95,JTOAV_CQoG_,11,17,8,5,2,1,HTPNa[@,9,15,4,4,11,11,1.0,False,1.0,0.012935806168904662,0.98,0.01293580616612644,0.98,1.00000000021477,"[{""gap_distortion"": 1.00000000021477, ""minimum_gap"": 0.01293580616612644, ""minimum_gap_s"": 0.98, ""omega_scale"": 1.0}, {""gap_distortion"": 1.2207182266293342, ""minimum_gap"": 0.0157909743665261, ""minimum_gap_s"": 0.98, ""omega_scale"": 1.1055415967851334}, {""gap_distortion"": 1.4897541493409887, ""minimum_gap"": 0.01927117091519648, ""minimum_gap_s"": 0.98, ""omega_scale"": 1.2222222222222223}]"
unit_disk,96,KPMlHo|WHraL,12,31,1,9,4,1,IjvJbtrGw,10,27,4,4,4,2,0.5,True,1.0,0.009950493835905405,0.98,0.00995061548194709,0.98,1.0000122251260781,"[{""gap_distortion"": 1.0000122251260781, ""minimum_gap"": 0.00995061548194709, ""minimum_gap_s"": 0.98, ""omega_scale"": 1.0}, {""gap_distortion"": 1.1988410353096564, ""minimum_gap"": 0.011929060332079189, ""minimum_gap_s"": 0.98, ""omega_scale"": 1.0954451150103321}, {""gap_distortion"": 1.4369282431578523, ""minimum_gap"": 0.014298145626180592, ""minimum_gap_s"": 0.98, ""omega_scale"": 1.2}]"
unit_disk,97,Kut^vtWwvv_G,12,39,11,7,9,1,Iut^qra}w,10,30,4,4,4,4,1.0,False,1.0,0.019804099835365463,0.98,0.019803980693877676,0.98,1.0000060160373627,"[{""gap_distortion"": 1.0000060160373627, ""minimum_gap"": 0.019803980693877676, ""minimum_gap_s"": 0.98, ""omega_scale"": 1.0}, {""gap_distortion"": 1.1976734435749712, ""minimum_gap"": 0.023718844446724674, ""minimum_gap_s"": 0.98, ""omega_scale"": 1.0954451150103321}, {""gap_distortion"": 1.4338968897541893, ""minimum_gap"": 0.02839703715831199, ""minimum_gap_s"": 0.98, ""omega_scale"": 1.2}]"
unit_disk,98,K@aASYNQiSrK,12,26,2,3,2,1,ISYtzThh_,10,24,4,4,6,5,0.8333333333333334,True,1.0,0.0097762345375223,0.98,0.013151902480483812,0.98,1.345293265009684,"[{""gap_distortion"": 1.345293265009684, ""minimum_gap"": 0.013151902480483812, ""minimum_gap_s"": 0.98, ""omega_scale"": 1.0}, {""gap_distortion"": 1.6110371986685459, ""minimum_gap"": 0.015749877502856613, ""minimum_gap_s"": 0.98, ""omega_scale"": 1.0954451150103321}, {""gap_distortion"": 1.9285174850418887, ""minimum_gap"": 0.018853639243482156, ""minimum_gap_s"": 0.98, ""omega_scale"": 1.2}]"
unit_disk,99,K?dYlY?O@QtH,12,23,8,0,4,1,I@mis@RSg,10,19,5,5,1,1,1.0,False,1.0,0.3521980006961929,0.62,0.3682569964076281,0.6,1.0455964987867372,"[{""gap_distortion"": 1.0455964987867372, ""minimum_gap"": 0.3682569964076281, ""minimum_gap_s"": 0.6, ""omega_scale"": 1.0}, {""gap_distortion"": 1.1384963240556776, ""minimum_gap"": 0.40097612913237457, ""minimum_gap_s"": 0.62, ""omega_scale"": 1.0954451150103321}, {""gap_distortion"": 1.2547157985440793, ""minimum_gap"": 0.44190839568915186, ""minimum_gap_s"": 0.62, ""omega_scale"": 1.2}]"
unit_disk,100,Key[[MF`yo?W,12,29,2,4,6,1,I|e[{|_B?,10,23,4,4,11,9,0.8181818181818182,True,1.0,0.009803158714587923,0.98,0.010884356206988244,0.98,1.110290726068875,"[{""gap_distortion"": 1.110290726068875, ""minimum_gap"": 0.010884356206988244, ""minimum_gap_s"": 0.98, ""omega_scale"": 1.0}, {""gap_distortion"": 1.331152410832091, ""minimum_gap"": 0.013049498356693334, ""minimum_gap_s"": 0.98, ""omega_scale"": 1.0954451150103321}, {""gap_distortion"": 1.5956690408064687, ""minimum_gap"": 0.015642596862980085, ""minimum_gap_s"": 0.98, ""omega_scale"": 1.2}]"
unit_disk,101,KQTGK__cO_}M,12,22,6,5,3,1,IQUPCgP|o,10,19,5,5,6,6,1.0,False,1.0,0.007048446882500059,0.98,0.007048446883054282,0.98,1.0000000000786307,"[{""gap_distortion"": 1.0000000000786307, ""minimum_gap"": 0.007048446883054282, ""minimum_gap_s"": 0.98, ""omega_scale"": 1.0}, {""gap_distortion"": 1.199239149733817, ""minimum_gap"": 0.008452773446313344, ""minimum_gap_s"": 0.98, ""omega_scale"": 1.0954451150103321}, {""gap_distortion"": 1.437996201201374, ""minimum_gap"": 0.010135639841404753, ""minimum_gap_s"": 0.98, ""omega_scale"": 1.2}]"
unit_disk,102,Ke??XJOd??ym,12,21,2,7,3,1,Iw?^DO@yo,10,18,5,5,4,4,1.0,False,1.0,0.01980400656484349,0.98,0.019804006563958865,0.98,1.000000000044669,"[{""gap_distortion"": 1.000000000044669, ""minimum_gap"": 0.019804006563958865, ""minimum_gap_s"": 0.98, ""omega_scale"": 1.0}, {""gap_distortion"": 1.197681333504296, ""minimum_gap"": 0.023718888991309584, ""minimum_gap_s"": 0.98, ""omega_scale"": 1.0954451150103321}, {""gap_distortion"": 1.4339075132539163, ""minimum_gap"": 0.028397113805858964, ""minimum_gap_s"": 0.98, ""omega_scale"": 1.2}]"
unit_disk,102,Ke??XJOd??ym,12,21,4,6,2,1,Ie?mco@vo,10,19,5,5,4,4,1.0,False,1.0,0.01980400656484349,0.98,0.019804006561042087,0.98,1.0000000001919513,"[{""gap_distortion"": 1.0000000001919513, ""minimum_gap"": 0.019804006561042087, ""minimum_gap_s"": 0.98, ""omega_scale"": 1.0}, {""gap_distortion"": 1.197681333143087, ""minimum_gap"": 0.023718888984156195, ""minimum_gap_s"": 0.98, ""omega_scale"": 1.0954451150103321}, {""gap_distortion"": 1.433907512370582, ""minimum_gap"": 0.028397113788365402, ""minimum_gap_s"": 0.98, ""omega_scale"": 1.2}]"
unit_disk,102,Ke??XJOd??ym,12,21,10,9,5,1,Ie??XJOtW,10,16,5,5,4,4,1.0,False,1.0,0.01980400656484349,0.98,0.019804021864466392,0.98,1.0000007725519002,"[{""gap_distortion"": 1.0000007725519002, ""minimum_gap"": 0.019804021864466392, ""minimum_gap_s"": 0.98, ""omega_scale"": 1.0}, {""gap_distortion"": 1.1976826630416502, ""minimum_gap"": 0.023718915321476075, ""minimum_gap_s"": 0.98, ""omega_scale"": 1.0954451150103321}, {""gap_distortion"": 1.433909799380818, ""minimum_gap"": 0.028397159080331136, ""minimum_gap_s"": 0.98, ""omega_scale"": 1.2}]"
unit_disk,103,KCoSSiIHPIcB,12,22,1,4,4,1,IPasQhTOW,10,18,4,4,18,18,1.0,False,1.0,0.008860982706183407,0.98,0.008860991666666429,0.98,1.0000010112290385,"[{""gap_distortion"": 1.0000010112290385, ""minimum_gap"": 0.008860991666666429, ""minimum_gap_s"": 0.98, ""omega_scale"": 1.0}, {""gap_distortion"": 1.1991725305409917, ""minimum_gap"": 0.01062584705485392, ""minimum_gap_s"": 0.98, ""omega_scale"": 1.0954451150103321}, {""gap_distortion"": 1.4378231724794757, ""minimum_gap"": 0.012740526265890395, ""minimum_gap_s"": 0.98, ""omega_scale"": 1.2}]"
unit_disk,104,KOCI?Eo?sfgY,12,20,5,4,2,1,IOOL_Y^RO,10,18,5,5,4,4,1.0,False,1.0,0.009950554581426019,0.98,0.009950554579194915,0.98,1.000000000224219,"[{""gap_distortion"": 1.000000000224219, ""minimum_gap"": 0.009950554579194915, ""minimum_gap_s"": 0.98, ""omega_scale"": 1.0}, {""gap_distortion"": 1.198823194128429, ""minimum_gap"": 0.011928955626654414, ""minimum_gap_s"": 0.98, ""omega_scale"": 1.0954451150103321}, {""gap_distortion"": 1.4369013981869798, ""minimum_gap"": 0.014297965790786904, ""minimum_gap_s"": 0.98, ""omega_scale"": 1.2}]"
unit_disk,105,K_oSOhPab@A?,12,18,2,10,3,1,IeIPRESG?,10,15,5,5,8,8,1.0,False,1.0,0.007002506085207472,0.98,0.0070024841029727725,0.98,1.000003139205227,"[{""gap_distortion"": 1.000003139205227, ""minimum_gap"": 0.0070024841029727725, ""minimum_gap_s"": 0.98, ""omega_scale"": 1.0}, {""gap_distortion"": 1.1977297802360236, ""minimum_gap"": 0.008387110074536963, ""minimum_gap_s"": 0.98, ""omega_scale"": 1.0954451150103321}, {""gap_distortion"": 1.4340544589232938, ""minimum_gap"": 0.010041975075129272, ""minimum_gap_s"": 0.98, ""omega_scale"": 1.2}]"
unit_disk,105,K_oSOhPab@A?,12,18,11,3,4,1,IeAOQESWO,10,14,5,5,8,8,1.0,False,1.0,0.007002506085207472,0.98,0.007002547441015139,0.98,1.0000059058581547,"[{""gap_distortion"": 1.0000059058581547, ""minimum_gap"": 0.007002547441015139, ""minimum_gap_s"": 0.98, ""omega_scale"": 1.0}, {""gap_distortion"": 1.1977453224364532, ""minimum_gap"": 0.008387218908890048, ""minimum_gap_s"": 0.98, ""omega_scale"": 1.0954451150103321}, {""gap_distortion"": 1.4340811356814713, ""minimum_gap"": 0.010042161879290745, ""minimum_gap_s"": 0.98, ""omega_scale"": 1.2}]"
unit_disk,106,KWYg_?zYDWVT,12,27,7,8,6,1,IWYgbQkmg,10,21,4,4,16,16,1.0,False,1.0,0.009957109261051755,0.98,0.009957101039151262,0.98,1.0000008257323554,"[{""gap_distortion"": 1.0000008257323554, ""minimum_gap"": 0.009957101039151262, ""minimum_gap_s"": 0.98, ""omega_scale"": 1.0}, {""gap_distortion"": 1.1989859018069091, ""minimum_gap"": 0.011938433626752065, ""minimum_gap_s"": 0.98, ""omega_scale"": 1.0954451150103321}, {""gap_distortion"": 1.4373347600657649, ""minimum_gap"": 0.01431169925068243, ""minimum_gap_s"": 0.98, ""omega_scale"": 1.2}]"
unit_disk,107,K~{esVw?oC?I,12,28,5,2,6,1,I~}^_WG@O,10,22,4,4,14,14,1.0,False,1.0,0.01172572517248227,0.98,0.011725730233171028,0.98,1.0000004315885527,"[{""gap_distortion"": 1.0000004315885527, ""minimum_gap"": 0.011725730233171028, ""minimum_gap_s"": 0.98, ""omega_scale"": 1.0}, {""gap_distortion"": 1.1989073510090622, ""minimum_gap"": 0.014058058105200999, ""minimum_gap_s"": 0.98, ""omega_scale"": 1.0954451150103321}, {""gap_distortion"": 1.4371184654432079, ""minimum_gap"": 0.016851256166086515, ""minimum_gap_s"": 0.98, ""omega_scale"": 1.2}]"
unit_disk,107,K~{esVw?oC?I,12,28,10,6,7,1,I~{cVoA?g,10,21,4,4,14,13,0.9285714285714286,True,1.0,0.01172572517248227,0.98,0.011809190481434584,0.98,1.0071181362111563,"[{""gap_distortion"": 1.0071181362111563, ""minimum_gap"": 0.011809190481434584, ""minimum_gap_s"": 0.98, ""omega_scale"": 1.0}, {""gap_distortion"": 1.2074792988208904, ""minimum_gap"": 0.014158570409435356, ""minimum_gap_s"": 0.98, ""omega_scale"": 1.0954451150103321}, {""gap_distortion"": 1.4474485774370731, ""minimum_gap"": 0.01697238422032754, ""minimum_gap_s"": 0.98, ""omega_scale"": 1.2}]"
unit_disk,108,KA@PAiGVrKbi,12,25,0,8,2,1,IOhDT~LMo,10,23,4,4,14,12,0.8571428571428571,True,1.0,0.010747315442483085,0.98,0.011431791701206784,0.98,1.06368811470984,"[{""gap_distortion"": 1.06368811470984, ""minimum_gap"": 0.011431791701206784, ""minimum_gap_s"": 0.98, ""omega_scale"": 1.0}, {""gap_distortion"": 1.2751633728217011, ""minimum_gap"": 0.013704583008415483, ""minimum_gap_s"": 0.98, ""omega_scale"": 1.0954451150103321}, {""gap_distortion"": 1.528386101466896, ""minimum_gap"": 0.016426047550371692, ""minimum_gap_s"": 0.98, ""omega_scale"": 1.2}]"
unit_disk,109,K?XzXb??C@_A,12,18,11,9,2,1,I?XzXb?_G,10,16,5,5,3,2,0.6666666666666666,True,1.0,0.007048417818673158,0.98,0.009950554582761839,0.98,1.4117430093885948,"[{""gap_distortion"": 1.4117430093885948, ""minimum_gap"": 0.009950554582761839, ""minimum_gap_s"": 0.98, ""omega_scale"": 1.0}, {""gap_distortion"": 1.692430264827804, ""minimum_gap"": 0.011928955635474026, ""minimum_gap_s"": 0.98, ""omega_scale"": 1.0954451150103321}, {""gap_distortion"": 2.028535506882838, ""minimum_gap"": 0.014297965812524183, ""minimum_gap_s"": 0.98, ""omega_scale"": 1.2}]"
unit_disk,110,K`ouUs?NpgaC,12,26,8,11,2,1,I`ouUs~LG,10,24,3,3,38,21,0.5526315789473685,True,1.0,0.009685263423554247,0.98,0.01974806218046865,0.98,2.038980388746268,"[{""gap_distortion"": 2.038980388746268, ""minimum_gap"": 0.01974806218046865, ""minimum_gap_s"": 0.98, ""omega_scale"": 1.0}, {""gap_distortion"": 2.4424700439231795, ""minimum_gap"": 0.023655965779536103, ""minimum_gap_s"": 0.98, ""omega_scale"": 1.0954451150103321}, {""gap_distortion"": 2.9248137301143684, ""minimum_gap"": 0.028327591440985955, ""minimum_gap_s"": 0.98, ""omega_scale"": 1.2}]"
unit_disk,111,KOkWwUgnywV},12,35,1,10,4,1,IfKwmb~~w,10,31,4,4,6,6,1.0,False,1.0,0.009950615992611489,0.98,0.009950555248294357,0.98,1.0000061046158346,"[{""gap_distortion"": 1.0000061046158346, ""minimum_gap"": 0.009950555248294357, ""minimum_gap_s"": 0.98, ""omega_scale"": 1.0}, {""gap_distortion"": 1.1988159335500175, ""minimum_gap"": 0.011928957000580276, ""minimum_gap_s"": 0.98, ""omega_scale"": 1.0954451150103321}, {""gap_distortion"": 1.4368928131935488, ""minimum_gap"": 0.014297968606632239, ""minimum_gap_s"": 0.98, ""omega_scale"": 1.2}]"
unit_disk,112,Ku?L?W_{_OGg,12,19,8,2,4,1,IwE?vGOQ_,10,15,5,5,6,6,1.0,False,1.0,0.007766766804920167,0.98,0.0077667668044121285,0.98,1.0000000000654117,"[{""gap_distortion"": 1.0000000000654117, ""minimum_gap"": 0.0077667668044121285, ""minimum_gap_s"": 0.98, ""omega_scale"": 1.0}, {""gap_distortion"": 1.1987584384544743, ""minimum_gap"": 0.009310477246906146, ""minimum_gap_s"": 0.98, ""omega_scale"": 1.0954451150103321}, {""gap_distortion"": 1.4367352220562952, ""minimum_gap"": 0.011158787430126438, ""minimum_gap_s"": 0.98, ""omega_scale"": 1.2}]"
unit_disk,112,Ku?L?W_{_OGg,12,19,10,4,3,1,IuA_PBsQ_,10,16,5,5,6,5,0.8333333333333334,True,1.0,0.007766766804920167,0.98,0.008920839276298054,0.98,1.148591106230561,"[{""gap_distortion"": 1.148591106230561, ""minimum_gap"": 0.008920839276298054, ""minimum_gap_s"": 0.98, ""omega_scale"": 1.0}, {""gap_distortion"": 1.3770731492470585, ""minimum_gap"": 0.010695406023518927, ""minimum_gap_s"": 0.98, ""omega_scale"": 1.0954451150103321}, {""gap_distortion"": 1.6507182582755517, ""minimum_gap"": 0.01282074377265019, ""minimum_gap_s"": 0.98, ""omega_scale"": 1.2}]"
unit_disk,113,KBa@`h?`PcOi,12,20,4,0,4,1,IWXs?hgDO,10,16,4,4,29,25,0.8620689655172413,True,1.0,0.009433402058853346,0.98,0.009498416875667992,0.98,1.0068919798402558,"[{""gap_distortion"": 1.0068919798402558, ""minimum_gap"": 0.009498416875667992, ""minimum_gap_s"": 0.98, ""omega_scale"": 1.0}, {""gap_distortion"": 1.2071305766577012, ""minimum_gap"": 0.011387348067147585, ""minimum_gap_s"": 0.98, ""omega_scale"": 1.0954451150103321}, {""gap_distortion"": 1.4469242866004428, ""minimum_gap"": 0.013649418544221525, ""minimum_gap_s"": 0.98, ""omega_scale"": 1.2}]"
unit_disk,113,KBa@`h?`PcOi,12,20,8,1,2,1,IK`bSTcao,10,18,4,4,29,16,0.5517241379310345,True,1.0,0.009433402058853346,0.98,0.015190768676294653,0.98,1.6103171031534649,"[{""gap_distortion"": 1.6103171031534649, ""minimum_gap"": 0.015190768676294653, ""minimum_gap_s"": 0.98, ""omega_scale"": 1.0}, {""gap_distortion"": 1.9287989522722757, ""minimum_gap"": 0.018195136007479462, ""minimum_gap_s"": 0.98, ""omega_scale"": 1.0954451150103321}, {""gap_distortion"": 2.309442736179015, ""minimum_gap"": 0.021785901862275026, ""minimum_gap_s"": 0.98, ""omega_scale"": 1.2}]"
unit_disk,114,KKYRWhit?ADS,12,25,10,7,3,1,IKYRZVSIo,10,22,4,4,4,3,0.75,True,1.0,0.009236568575214932,0.98,0.014889236459564081,0.98,1.6119878652248965,"[{""gap_distortion"": 1.6119878652248965, ""minimum_gap"": 0.014889236459564081, ""minimum_gap_s"": 0.98, ""omega_scale"": 1.0}, {""gap_distortion"": 1.9315602853461138, ""minimum_gap"": 0.0178409890327611, ""minimum_gap_s"": 0.98, ""omega_scale"": 1.0954451150103321}, {""gap_distortion"": 2.3138312796981793, ""minimum_gap"": 0.021371861286409555, ""minimum_gap_s"": 0.98, ""omega_scale"": 1.2}]"
unit_disk,115,KC_uSTaD?U@?,12,19,11,4,5,1,ICNCJGW@_,10,14,6,6,1,1,1.0,False,1.0,0.5524032073316913,0.5800000000000001,0.5590039408409719,0.56,1.0119491223469983,"[{""gap_distortion"": 1.0119491223469983, ""minimum_gap"": 0.5590039408409719, ""minimum_gap_s"": 0.56, ""omega_scale"": 1.0}, {""gap_distortion"": 1.1049123712978282, ""minimum_gap"": 0.6103571377253849, ""minimum_gap_s"": 0.5800000000000001, ""omega_scale"": 1.0954451150103321}, {""gap_distortion"": 1.2098877010755484, ""minimum_gap"": 0.6683458465852996, ""minimum_gap_s"": 0.5800000000000001, ""omega_scale"": 1.2}]"
unit_disk,116,K?SfGBBH??O@,12,15,3,4,2,1,I@{EX_?_G,10,13,6,6,3,3,1.0,False,1.0,0.01488914630865601,0.98,0.014889146309037926,0.98,1.0000000000256506,"[{""gap_distortion"": 1.0000000000256506, ""minimum_gap"": 0.014889146309037926, ""minimum_gap_s"": 0.98, ""omega_scale"": 1.0}, {""gap_distortion"": 1.198244283254223, ""minimum_gap"": 0.01784083444688278, ""minimum_gap_s"": 0.98, ""omega_scale"": 1.0954451150103321}, {""gap_distortion"": 1.435380925082178, ""minimum_gap"": 0.02137159660220256, ""minimum_gap_s"": 0.98, ""omega_scale"": 1.2}]"
unit_disk,116,K?SfGBBH??O@,12,15,7,8,4,1,I?SfHG?_G,10,11,6,6,3,3,1.0,False,1.0,0.01488914630865601,0.98,0.014889146308686207,0.98,1.0000000000020282,"[{""gap_distortion"": 1.0000000000020282, ""minimum_gap"": 0.014889146308686207, ""minimum_gap_s"": 0.98, ""omega_scale"": 1.0}, {""gap_distortion"": 1.1982442831969564, ""minimum_gap"": 0.01784083444603013, ""minimum_gap_s"": 0.98, ""omega_scale"": 1.0954451150103321}, {""gap_distortion"": 1.4353809249403238, ""minimum_gap"": 0.02137159660009047, ""minimum_gap_s"": 0.98, ""omega_scale"": 1.2}]"
unit_disk,116,K?SfGBBH??O@,12,15,10,11,2,1,I?SfGBBH?,10,13,6,6,3,3,1.0,False,1.0,0.01488914630865601,0.98,0.014889146309023715,0.98,1.0000000000246962,"[{""gap_distortion"": 1.0000000000246962, ""minimum_gap"": 0.014889146309023715, ""minimum_gap_s"": 0.98, ""omega_scale"": 1.0}, {""gap_distortion"": 1.1982442832544618, ""minimum_gap"": 0.017840834446886333, ""minimum_gap_s"": 0.98, ""omega_scale"": 1.0954451150103321}, {""gap_distortion"": 1.4353809250822973, ""minimum_gap"": 0.021371596602204335, ""minimum_gap_s"": 0.98, ""omega_scale"": 1.2}]"
unit_disk,117,K_H@UGgPQg?E,12,18,3,10,3,1,I`OuP`I?W,10,15,5,5,6,5,0.8333333333333334,True,1.0,0.004309192905777692,0.98,0.006034938183343996,0.98,1.400479930998785,"[{""gap_distortion"": 1.400479930998785, ""minimum_gap"": 0.006034938183343996, ""minimum_gap_s"": 0.98, ""omega_scale"": 1.0}, {""gap_distortion"": 1.6785855497102724, ""minimum_gap"": 0.007233348942552453, ""minimum_gap_s"": 0.98, ""omega_scale"": 1.0954451150103321}, {""gap_distortion"": 2.011462769164617, ""minimum_gap"": 0.00866778109512012, ""minimum_gap_s"": 0.98, ""omega_scale"": 1.2}]"
unit_disk,118,KeFX@DbGz`c?,12,25,11,2,6,1,Ix{?IKFWW,10,19,5,5,2,2,1.0,False,1.0,0.009950615550293307,0.98,0.009950615474433988,0.98,1.0000000076235807,"[{""gap_distortion"": 1.0000000076235807, ""minimum_gap"": 0.009950615474433988, ""minimum_gap_s"": 0.98, ""omega_scale"": 1.0}, {""gap_distortion"": 1.1988263694057908, ""minimum_gap"": 0.01192906031351093, ""minimum_gap_s"": 0.98, ""omega_scale"": 1.0954451150103321}, {""gap_distortion"": 1.436910662275312, ""minimum_gap"": 0.014298145580418975, ""minimum_gap_s"": 0.98, ""omega_scale"": 1.2}]"
unit_disk,119,KGCYwEU_BEK@,12,21,9,0,2,1,I`MwHZEoG,10,19,5,5,3,3,1.0,False,1.0,0.01488924672259273,0.98,0.014889246722587401,0.98,1.000000000000358,"[{""gap_distortion"": 1.000000000000358, ""minimum_gap"": 0.014889246722587401, ""minimum_gap_s"": 0.98, ""omega_scale"": 1.0}, {""gap_distortion"": 1.198247771868425, ""minimum_gap"": 0.01784100671014599, ""minimum_gap_s"": 0.98, ""omega_scale"": 1.0954451150103321}, {""gap_distortion"": 1.4353910651003516, ""minimum_gap"": 0.0213718917116843, ""minimum_gap_s"": 0.98, ""omega_scale"": 1.2}]"
