reduction_index,source,graph6,reduced_graph6,n,leaf,neighbour,coverage,total_time,screen_steps,original_success,reduced_success,absolute_difference
7,atlas,CN,A_,4,0,3,1.0,10.0,120,0.5565140787866725,0.9503578251266923,0.39384374634001984
651,unit_disk,GUc`HK,EqTW,8,1,3,1.0,10.0,120,0.5247487838727448,0.9111265344784896,0.38637775060574475
105,atlas,El{G,Cl,6,5,4,1.0,10.0,120,0.5798421777439502,0.9659932005120554,0.3861510227681052
99,atlas,Ev`_,C],6,4,0,1.0,10.0,120,0.6045594886458023,0.9659932005120554,0.36143371186625306
56,atlas,EG}?,CK,6,3,4,1.0,10.0,120,0.5638297681888079,0.9031799957795289,0.339350227590721
452,atlas,Fl{GO,Dl?,7,5,4,1.0,10.0,120,0.4757621910875969,0.8125982347516137,0.33683604366401687
453,atlas,Fl{GO,Dl?,7,6,4,1.0,10.0,120,0.4757621910875969,0.8125982347516137,0.33683604366401687
82,atlas,Eht?,CL,6,5,1,1.0,10.0,120,0.5285670632092199,0.8585371953604194,0.3299701321511995
629,atlas,F~~x?,D~{,7,6,2,1.0,10.0,120,0.5713742684179918,0.9007462754746662,0.32937200705667447
70,atlas,Ehd?,CL,6,5,1,1.0,10.0,120,0.539021227879215,0.8585371953604194,0.31951596748120437
674,unit_disk,HLnzLy?,Fj~Jo,9,8,0,1.0,10.0,120,0.6022326903230784,0.9206002000311397,0.3183675097080614
60,atlas,EYWO,Cq,6,0,2,1.0,10.0,120,0.5453291188354698,0.8585371953604192,0.3132080765249494
328,atlas,F_sPg,DfG,7,2,6,1.0,10.0,120,0.46912213300362265,0.7804965830877035,0.3113744500840809
522,atlas,FtTgO,DtW,7,6,4,1.0,10.0,120,0.47547838002628473,0.7845681192910859,0.3090897392648012
88,atlas,Exd?,Cl,6,5,1,1.0,10.0,120,0.660892482763402,0.9659932005120554,0.30510071774865344
365,atlas,Fv`c?,DWo,7,6,0,1.0,10.0,120,0.5077909454417883,0.8125982347516137,0.3048072893098255
364,atlas,Fv`c?,D]?,7,4,0,1.0,10.0,120,0.5077909454417883,0.8125982347516134,0.30480728930982515
424,atlas,FhNGO,Dho,7,6,4,1.0,10.0,120,0.48174289339244847,0.7804965830877035,0.29875368969525506
513,atlas,Flf__,Dkw,7,6,3,1.0,10.0,120,0.5021120990409,0.79916467043405,0.29705257139315
569,atlas,FyUy?,D`{,7,6,1,1.0,10.0,120,0.43610498602645414,0.732765349225014,0.2966603631985599
438,atlas,Fhf_O,Dhw,7,6,4,1.0,10.0,120,0.5059910737344048,0.7991646704340494,0.2931735966996446
298,atlas,Fpa_g,DIK,7,4,0,1.0,10.0,120,0.5199634160314378,0.8125982347516143,0.2926348187201765
297,atlas,Fpa_g,DcS,7,1,0,1.0,10.0,120,0.5199634160314378,0.8125982347516129,0.29263481872017505
76,atlas,E^_O,C[,6,5,3,1.0,10.0,120,0.5712307223662321,0.8585371953604184,0.2873064729941863
13,atlas,DBc,BO,5,1,3,1.0,10.0,120,0.5157443594477858,0.799445680022359,0.2837013205745732
14,atlas,DBc,BO,5,2,3,1.0,10.0,120,0.5157443594477858,0.799445680022359,0.2837013205745732
429,atlas,Fhfc?,Dho,7,6,0,1.0,10.0,120,0.499558637458471,0.7804965830877035,0.2809379456292325
439,atlas,FhNK?,Djc,7,6,0,1.0,10.0,120,0.50395996790597,0.7845681192910862,0.2806081513851162
514,atlas,Flf`?,Dto,7,6,2,1.0,10.0,120,0.452434862297207,0.7327653492250138,0.2803304869278068
299,atlas,FFw`?,D]?,7,5,2,1.0,10.0,120,0.5326447713299715,0.8125982347516134,0.27995346342164196
300,atlas,FFw`?,D]?,7,6,2,1.0,10.0,120,0.5326447713299715,0.8125982347516134,0.27995346342164196
564,atlas,FzNI?,Djc,7,6,1,1.0,10.0,120,0.5064828293276471,0.7845681192910862,0.27808528996343906
81,atlas,EtaG,C`,6,1,0,1.0,10.0,120,0.6253223824971339,0.9031799957795289,0.277857613282395
95,atlas,Ejt?,CL,6,5,1,1.0,10.0,120,0.5824541244378408,0.8585371953604194,0.27608307092257856
127,atlas,FiOG_,D@O,7,0,1,1.0,10.0,120,0.48449225356979014,0.7597594577729756,0.27526720420318546
128,atlas,FiOG_,D@O,7,2,1,1.0,10.0,120,0.48449225356979014,0.7597594577729756,0.27526720420318546
427,atlas,FJyK?,D}C,7,6,0,1.0,10.0,120,0.5242493311207888,0.7991646704340477,0.27491533931325896
68,atlas,EJe?,Cx,6,5,0,1.0,5.0,120,0.6027535565298842,0.8749708955141827,0.27221733898429856
506,atlas,Fhe{?,Dh[,7,6,0,1.0,10.0,120,0.5269961381980307,0.7991646704340494,0.27216853223601867
227,atlas,FMo`?,D]?,7,5,2,1.0,10.0,120,0.5417669384023535,0.8125982347516134,0.27083129634925995
228,atlas,FMo`?,D]?,7,6,2,1.0,10.0,120,0.5417669384023535,0.8125982347516134,0.27083129634925995
713,unit_disk,Imv[B@d~W,GtnE^{,10,6,0,1.0,10.0,120,0.5442609218551268,0.8140926841078484,0.26983176225272165
508,atlas,Flfa?,D\o,7,6,1,1.0,10.0,120,0.5155796420151951,0.7845681192910869,0.2689884772758918
499,atlas,Flfc?,Dho,7,6,0,1.0,10.0,120,0.5126562297328251,0.7804965830877035,0.26784035335487844
515,atlas,F~@_W,D~W,7,4,6,1.0,5.0,120,0.4556121000884401,0.7228052713359552,0.26719317124751507
602,atlas,Fl^gG,Dl[,7,6,5,1.0,10.0,120,0.5199165554156179,0.7870337635267468,0.26711720811112893
604,atlas,Fp~s?,DNw,7,6,0,1.0,10.0,120,0.5210373709205047,0.7870337635267468,0.2659963926062421
17,atlas,D@{,BG,5,0,4,1.0,10.0,120,0.5338621636927412,0.7994456800223576,0.2655835163296164
18,atlas,D@{,BG,5,1,4,1.0,10.0,120,0.5338621636927412,0.7994456800223576,0.2655835163296164
655,unit_disk,GPae?O,ESo_,8,3,2,1.0,10.0,120,0.5395800751033717,0.8042468172642664,0.2646667421608947
646,unit_disk,GODKcC,ELOG,8,2,0,1.0,10.0,120,0.47853881991098013,0.7398361926722209,0.26129737276124076
666,unit_disk,GmCBCG,EmD_,8,5,7,1.0,5.0,120,0.4315108181889745,0.6917952004805151,0.2602843822915406
435,atlas,FJyG_,DNc,7,6,3,1.0,10.0,120,0.4724885946627519,0.732765349225014,0.2602767545622621
615,atlas,Fse|o,DNw,7,1,0,1.0,10.0,120,0.5271475926887272,0.7870337635267468,0.25988617083801957
504,atlas,FhewO,Dhk,7,6,4,1.0,10.0,120,0.5264636294216098,0.7845681192910863,0.25810448986947643
426,atlas,Fhfa?,DLo,7,6,1,1.0,10.0,120,0.5059013542905069,0.7633954027225963,0.25749404843208945
575,atlas,FyUx?,Djk,7,6,2,1.0,10.0,120,0.532108608281388,0.7870337635267449,0.25492515524535697
187,atlas,FiG`G,DgC,7,4,2,1.0,10.0,120,0.3111557402603211,0.5636989691932075,0.2525432289328864
209,atlas,Fpa?g,D_S,7,1,0,1.0,10.0,120,0.4710520409392799,0.7222057143349163,0.25115367339563643
210,atlas,Fpa?g,DGK,7,4,0,1.0,10.0,120,0.4710520409392799,0.722205714334916,0.2511536733956361
16,atlas,Dh_,Bg,5,4,0,1.0,5.0,120,0.5081218260186778,0.7575388372825782,0.24941701126390037
15,atlas,Dh_,Bo,5,3,2,1.0,5.0,120,0.5081218260186778,0.7575388372825778,0.24941701126389992
261,atlas,Fh?Dw,Dh?,7,4,6,1.0,10.0,120,0.47377117694312487,0.722205714334916,0.2484345373917911
262,atlas,Fh?Dw,Dh?,7,5,6,1.0,10.0,120,0.47377117694312487,0.722205714334916,0.2484345373917911
147,atlas,FEW`?,DY?,7,5,2,1.0,10.0,120,0.47387842284007087,0.7222057143349162,0.24832729149484534
148,atlas,FEW`?,DY?,7,6,2,1.0,10.0,120,0.47387842284007087,0.7222057143349162,0.24832729149484534
0,atlas,Bo,@,3,1,0,1.0,10.0,120,0.593143923572217,0.8412049218574962,0.24806099828527917
1,atlas,Bo,@,3,2,0,1.0,10.0,120,0.593143923572217,0.8412049218574962,0.24806099828527917
436,atlas,F~AGO,D~_,7,6,4,1.0,5.0,120,0.5864018288718517,0.8343983275726448,0.2479964987007931
197,atlas,Fg?hg,DDs,7,0,1,1.0,5.0,120,0.377841792831987,0.6251365048081513,0.24729471197616432
169,atlas,FkoK?,DcC,7,6,0,1.0,10.0,120,0.47557735545460655,0.7222057143349162,0.24662835888030965
167,atlas,FkoK?,Dp?,7,3,0,1.0,10.0,120,0.47557735545460655,0.7222057143349159,0.24662835888030932
144,atlas,FaOH_,DiC,7,2,6,1.0,5.0,120,0.5836546743254898,0.8299891303728326,0.24633445604734283
689,unit_disk,H`XGEYA,F`XMW,9,6,8,1.0,5.0,120,0.39367869066186056,0.6396269623652122,0.24594827170335165
545,atlas,Flfs?,Dhw,7,6,0,1.0,10.0,120,0.5535635272800773,0.7991646704340494,0.24560114315397208
171,atlas,FhG`G,D_C,7,3,2,1.0,10.0,120,0.5142918882440699,0.7597594577729766,0.2454675695289067
172,atlas,FhG`G,D_C,7,4,2,1.0,10.0,120,0.5142918882440699,0.7597594577729766,0.2454675695289067
571,atlas,FzNG_,Dxs,7,6,3,1.0,10.0,120,0.5416218756301332,0.7870337635267459,0.24541188789661272
184,atlas,FHAgg,DHC,7,4,5,1.0,10.0,120,0.4774353128470734,0.7222057143349162,0.2447704014878428
182,atlas,FHAgg,DgG,7,0,5,1.0,10.0,120,0.4774353128470734,0.7222057143349155,0.24477040148784213
703,unit_disk,I~QtgPG|_,G~myFw,10,7,4,1.0,10.0,120,0.45033504890230946,0.6937646118607315,0.243429562958422
603,atlas,Fp~oO,Dp{,7,6,4,1.0,10.0,120,0.45421723853634965,0.6971628964984191,0.24294565796206946
589,atlas,F~wY?,D}K,7,6,1,1.0,10.0,120,0.5465790379415744,0.7870337635267455,0.24045472558517111
559,atlas,Fxv_G,Dxs,7,6,5,1.0,10.0,120,0.5466285487907656,0.7870337635267459,0.2404052147359803
180,atlas,FhoGO,Dh?,7,5,4,1.0,10.0,120,0.4822891960930268,0.722205714334916,0.2399165182418892
181,atlas,FhoGO,Dh?,7,6,4,1.0,10.0,120,0.4822891960930268,0.722205714334916,0.2399165182418892
348,atlas,FjtA?,DL?,7,5,1,1.0,10.0,120,0.48286665328959566,0.7222057143349159,0.2393390610453202
349,atlas,FjtA?,DL?,7,6,1,1.0,10.0,120,0.48286665328959566,0.7222057143349159,0.2393390610453202
488,atlas,F^eH?,D\c,7,6,2,1.0,10.0,120,0.5600845272478594,0.7991646704340498,0.23908014318619042
413,atlas,Fle__,Dkg,7,6,3,1.0,10.0,120,0.26691440082607054,0.5043028756125113,0.23738847478644076
392,atlas,F~AGG,D~?,7,4,5,1.0,10.0,120,0.5728295810147706,0.8098865285985866,0.237056947583816
393,atlas,F~AGG,D~?,7,6,5,1.0,10.0,120,0.5728295810147706,0.8098865285985866,0.237056947583816
137,atlas,FIo`?,DM?,7,5,2,1.0,10.0,120,0.4853111375870057,0.7222057143349168,0.23689457674791103
138,atlas,FIo`?,DM?,7,6,2,1.0,10.0,120,0.4853111375870057,0.7222057143349168,0.23689457674791103
701,unit_disk,I?T@IoB_G,GD`L_K,10,0,9,1.0,5.0,120,0.4351072312321421,0.6708283250559643,0.23572109382382223
87,atlas,EJy?,C},6,5,0,1.0,5.0,120,0.35328947753038936,0.5887582645292148,0.2354687869988254
22,atlas,DbW,Bo,5,0,1,1.0,5.0,120,0.5230901662679983,0.7575388372825778,0.23444867101457945
47,atlas,E?Fw,C@,6,0,5,1.0,10.0,120,0.439003112104437,0.6724976407925247,0.23349452868808773
48,atlas,E?Fw,C@,6,1,5,1.0,10.0,120,0.439003112104437,0.6724976407925247,0.23349452868808773
49,atlas,E?Fw,C@,6,2,5,1.0,10.0,120,0.439003112104437,0.6724976407925247,0.23349452868808773
102,atlas,Er`o,C^,6,4,0,1.0,5.0,120,0.3561898068334651,0.5887582645292149,0.2325684576957498
552,atlas,Fxv`?,Dfo,7,6,2,1.0,10.0,120,0.5676689403882035,0.7991646704340494,0.2314957300458459
257,atlas,F`?Fw,D`?,7,4,6,1.0,10.0,120,0.5288432607307856,0.7597594577729755,0.2309161970421899
258,atlas,F`?Fw,D`?,7,5,6,1.0,10.0,120,0.5288432607307856,0.7597594577729755,0.2309161970421899
573,atlas,Fxv__,D}w,7,6,3,1.0,5.0,120,0.4927615967814387,0.7228052713359555,0.2300436745545168
321,atlas,F_{Og,D`K,7,2,4,1.0,10.0,120,0.4937063021925814,0.7217680358722725,0.22806173367969107
570,atlas,FzNGG,DzK,7,6,5,1.0,10.0,120,0.46914344305576483,0.6971628964984188,0.22801945344265395
204,atlas,Fpq?_,Du_,7,6,3,1.0,5.0,120,0.6363861515389139,0.8643296926881483,0.22794354114923443
766,unit_disk,KQTGK__cO_}M,IQUPCgP|o,12,6,5,1.0,10.0,120,0.3324145117147351,0.5589867616334394,0.22657224991870434
279,atlas,Fewa?,D}O,7,5,2,1.0,5.0,120,0.3981406403099009,0.6240979723390876,0.22595733202918672
240,atlas,FexA?,DU?,7,5,1,1.0,10.0,120,0.49872708861688997,0.7222057143349163,0.22347862571802635
241,atlas,FexA?,DU?,7,6,1,1.0,10.0,120,0.49872708861688997,0.7222057143349163,0.22347862571802635
178,atlas,FhoI?,DKC,7,6,1,1.0,10.0,120,0.3406509581368581,0.5636989691932071,0.22304801105634897
86,atlas,Eld?,C\,6,5,1,1.0,5.0,120,0.6520639449074739,0.8749708955141827,0.22290695060670884
621,atlas,FBX~o,D]{,7,0,6,1.0,10.0,120,0.48303685517676975,0.7058580496123525,0.2228211944355828
282,atlas,FxSI?,DhC,7,6,1,1.0,10.0,120,0.2899543785240938,0.5114693133121088,0.22151493478801498
0,atlas,Bo,@,3,1,0,1.0,5.0,120,0.7575388372825778,0.9784575555612389,0.22091871827866116
1,atlas,Bo,@,3,2,0,1.0,5.0,120,0.7575388372825778,0.9784575555612389,0.22091871827866116
19,atlas,Dx_,Bo,5,3,2,1.0,10.0,120,0.3725738802174794,0.593143923572217,0.22057004335473762
20,atlas,Dx_,Bg,5,4,0,1.0,10.0,120,0.3725738802174794,0.593143923572217,0.22057004335473762
466,atlas,F~@gG,D~?,7,4,5,1.0,10.0,120,0.5896993561921013,0.8098865285985866,0.22018717240648522
467,atlas,F~@gG,D~?,7,6,5,1.0,10.0,120,0.5896993561921013,0.8098865285985866,0.22018717240648522
44,atlas,EBe?,CX,6,5,0,1.0,5.0,120,0.5740302576603721,0.794169324090696,0.22013906643032388
498,atlas,FhewG,Dhc,7,6,5,1.0,10.0,120,0.5440094802288538,0.7633954027225963,0.21938592249374256
680,unit_disk,HA^Yjx~,FVjvw,9,0,5,1.0,10.0,120,0.5854212247132173,0.804312926848047,0.21889170213482967
222,atlas,FpQO_,Dq_,7,6,3,1.0,5.0,120,0.6118329071907522,0.8299891303728331,0.21815622318208083
462,atlas,F~`_G,D}C,7,4,0,1.0,10.0,120,0.5819362623818654,0.7991646704340477,0.21722840805218235
519,atlas,Fhey?,DL{,7,6,1,1.0,5.0,120,0.6352134490083057,0.8520827327036459,0.2168692836953402
561,atlas,F^mI?,D~c,7,6,1,1.0,5.0,120,0.5060602252741977,0.722805271335955,0.21674504606175726
373,atlas,FXSwG,DXS,7,6,5,1.0,10.0,120,0.2883077993025715,0.5043028756125121,0.21599507630994058
716,unit_disk,I{YFSaPCW,Ges`HK,10,5,0,0.9411764705882353,10.0,120,0.7115515112067943,0.9269253083238914,0.21537379711709714
593,atlas,FlNwG,DlK,7,6,5,1.0,10.0,120,0.5694720978071661,0.7845681192910863,0.21509602148392015
387,atlas,Fv`_G,Dv_,7,6,5,1.0,5.0,120,0.40929902507498284,0.6240979723390873,0.21479894726410442
557,atlas,Flfq?,D\w,7,6,1,1.0,10.0,120,0.4824185195964974,0.697162896498419,0.2147443769019216
412,atlas,FJyH?,DMc,7,6,2,1.0,10.0,120,0.5660218101414752,0.780496583087704,0.21447477294622874
493,atlas,Fxf_G,Dxc,7,6,5,1.0,10.0,120,0.570141218177248,0.7845681192910865,0.21442690111383844
521,atlas,Flf_O,Dlw,7,6,4,1.0,10.0,120,0.5730769279364578,0.787033763526746,0.21395683559028822
554,atlas,FlfoG,Dlc,7,6,5,1.0,10.0,120,0.5710491847561185,0.7845681192910873,0.21351893453496873
35,atlas,EsCO,CI,6,1,0,1.0,10.0,120,0.2858799258255091,0.49895558787881694,0.21307566205330786
36,atlas,EsCO,CI,6,2,0,1.0,10.0,120,0.2858799258255091,0.49895558787881694,0.21307566205330786
37,atlas,EsCO,Co,6,4,3,1.0,10.0,120,0.2858799258255091,0.49895558787881633,0.21307566205330725
38,atlas,EsCO,Co,6,5,3,1.0,10.0,120,0.2858799258255091,0.49895558787881633,0.21307566205330725
647,unit_disk,Gf_bjk,EY~w,8,4,0,1.0,10.0,120,0.5341632736235162,0.7461099180556992,0.21194664443218292
480,atlas,FPzp?,DEw,7,6,2,1.0,10.0,120,0.29250148677110166,0.5043028756125146,0.21180138884141297
149,atlas,Fk_G_,DpO,7,2,1,1.0,5.0,120,0.29645445110530316,0.508121826018677,0.21166737491337378
150,atlas,Fk_G_,DkC,7,5,4,1.0,5.0,120,0.29645445110530316,0.508121826018677,0.21166737491337378
151,atlas,Fk_G_,DkC,7,6,3,1.0,5.0,120,0.29645445110530316,0.508121826018677,0.21166737491337378
502,atlas,F^eI?,D|c,7,6,1,1.0,5.0,120,0.6405409568314464,0.8520827327036455,0.21154177587219913
624,atlas,Fsmtw,D]{,7,1,0,1.0,10.0,120,0.4943831796470555,0.7058580496123525,0.21147486996529702
415,atlas,Fz@cO,DzW,7,4,6,1.0,5.0,120,0.4464945905555136,0.657630861274325,0.21113627071881141
726,unit_disk,Iep??SCXG,Gep?JK,10,6,7,1.0,5.0,120,0.3652140731658424,0.5762786184347883,0.2110645452689459
540,atlas,F^Mh?,DXc,7,6,2,1.0,10.0,120,0.2933308248095211,0.5043028756125119,0.21097205080299075
333,atlas,FLJK?,Dic,7,6,0,1.0,10.0,120,0.2942561560349088,0.5043028756125116,0.21004671957760285
547,atlas,Fxva?,Dlo,7,6,1,1.0,10.0,120,0.5749327920137015,0.7845681192910865,0.209635327277385
694,unit_disk,HAJ_dYd,F@y|W,9,6,3,1.0,5.0,120,0.5151800974365297,0.7245642559897956,0.20938415855326586
607,atlas,Fl^k?,Dns,7,6,0,1.0,5.0,120,0.5144998151880373,0.7228052713359552,0.20830545614791784
267,atlas,FXAgg,DDS,7,1,2,1.0,10.0,120,0.3075925149027109,0.5157443594477862,0.2081518445450753
268,atlas,FXAgg,DXC,7,4,5,1.0,10.0,120,0.3075925149027109,0.5157443594477862,0.2081518445450753
79,atlas,E`Xg,Ct,6,0,1,1.0,5.0,120,0.6675189929713505,0.8749708955141827,0.2074519025428322
80,atlas,E`Xg,Cj,6,3,2,1.0,5.0,120,0.6675189929713505,0.8749708955141827,0.2074519025428322
760,unit_disk,JTOAV_CQoG_,HTPNa[@,11,8,5,1.0,5.0,120,0.5142226035696058,0.7213485395602647,0.20712593599065887
302,atlas,FjCHO,DjG,7,5,4,1.0,5.0,120,0.4180451163922332,0.6251365048081512,0.207091388415918
455,atlas,FZSw_,DYK,7,6,3,1.0,10.0,120,0.2973080696874764,0.504302875612511,0.20699480592503455
678,unit_disk,HGadH`e,FaTeo,9,4,0,1.0,5.0,120,0.5517722553369518,0.7584107395286181,0.2066384841916663
23,atlas,DjW,Bo,5,0,1,1.0,10.0,120,0.3868718583694009,0.593143923572217,0.2062720652028161
94,atlas,EzW_,Ci,6,5,2,1.0,10.0,120,0.30886183137570417,0.5148959499630903,0.20603411858738613
495,atlas,FO~s?,DFw,7,6,0,1.0,10.0,120,0.24089524117217032,0.44641056155162345,0.20551532037945314
594,atlas,F}RBg,Ds[,7,4,1,1.0,10.0,120,0.24122622125773588,0.4464105615516239,0.20518434029388802
647,unit_disk,Gf_bjk,EY~w,8,4,0,1.0,5.0,120,0.49422052388353244,0.6992637772597124,0.20504325337618
566,atlas,FjvH?,Dns,7,6,2,1.0,5.0,120,0.5180955803970169,0.7228052713359552,0.20470969093893832
555,atlas,FrXwG,DrW,7,6,5,1.0,10.0,120,0.244784005198135,0.4464105615516245,0.2016265563534895
502,atlas,F^eI?,D|c,7,6,1,1.0,10.0,120,0.49588098501537126,0.6971628964984192,0.20128191148304797
572,atlas,FlfoO,Dl{,7,6,4,1.0,5.0,120,0.46148239842965844,0.6625381622652159,0.20105576383555746
608,atlas,F~wWG,D~w,7,6,5,1.0,5.0,120,0.2453594722257529,0.4464122750836571,0.2010528028579042
509,atlas,Fxf__,D{w,7,6,3,1.0,5.0,120,0.6334919315373615,0.8343983275726441,0.2009063960352826
562,atlas,Fn{@G,Dn{,7,5,6,1.0,5.0,120,0.24606933872271802,0.44641227508365683,0.2003429363609388
317,atlas,FsNA?,Dr_,7,6,1,1.0,10.0,120,0.3041631468408916,0.5043028756125113,0.20013972877161973
134,atlas,FiO_G,DiO,7,6,5,1.0,5.0,120,0.5844985550418526,0.7845556346290852,0.20005707958723262
617,atlas,FBX|w,D]{,7,0,6,1.0,10.0,120,0.5064089935032777,0.7058580496123525,0.19944905610907482
100,atlas,EXSw,CZ,6,0,2,1.0,5.0,120,0.6757799255619973,0.8749708955141827,0.19919096995218544
214,atlas,FhD@G,DiK,7,4,3,1.0,5.0,120,0.32419995998909196,0.5230901662679988,0.1988902062789068
212,atlas,FhoG_,DmC,7,6,3,1.0,5.0,120,0.4262716268847464,0.6251365048081512,0.1988648779234048
154,atlas,FsaC_,D?O,7,1,0,1.0,10.0,120,0.36694470860765116,0.5657083253722257,0.19876361676457455
155,atlas,FsaC_,D?O,7,2,0,1.0,10.0,120,0.36694470860765116,0.5657083253722257,0.19876361676457455
156,atlas,FsaC_,D?G,7,4,0,1.0,10.0,120,0.36694470860765116,0.5657083253722248,0.19876361676457366
157,atlas,FsaC_,D?G,7,5,0,1.0,10.0,120,0.36694470860765116,0.5657083253722248,0.19876361676457366
33,atlas,EhP?,CG,6,4,1,1.0,10.0,120,0.47393778528529024,0.6724976407925239,0.1985598555072337
34,atlas,EhP?,CG,6,5,1,1.0,10.0,120,0.47393778528529024,0.6724976407925239,0.1985598555072337
31,atlas,EhP?,C_,6,0,1,1.0,10.0,120,0.47393778528529024,0.6724976407925226,0.19855985550723237
690,unit_disk,HovmY]_,Fvt\?,9,3,4,1.0,10.0,120,0.6553493171460183,0.8533661196404235,0.19801680249440523
727,unit_disk,I`?U@SrA?,G_oxW_,10,5,3,0.8571428571428571,10.0,120,0.5691163859901494,0.7669511227407297,0.1978347367505804
253,atlas,F[EoG,D[C,7,6,5,1.0,10.0,120,0.3136453889737942,0.5114693133121101,0.19782392433831592
672,unit_disk,HCPH_pK,FTOd_,9,0,3,1.0,10.0,120,0.4448540445526674,0.6424187239389153,0.1975646793862479
633,unit_disk,G~JsGC,E~cG,8,4,2,1.0,10.0,120,0.692434415763143,0.8895195682035848,0.19708515244044178
52,atlas,EC{O,CF,6,5,3,1.0,10.0,120,0.3178193582637222,0.5148959499630914,0.1970765916993692
73,atlas,EhX_,Cs,6,0,1,1.0,10.0,120,0.3179992570148398,0.5148959499630913,0.19689669294825152
74,atlas,EhX_,Ci,6,3,2,1.0,10.0,120,0.3179992570148398,0.5148959499630903,0.19689669294825052
755,unit_disk,JOig?@An?b_,Hes?Fob,11,1,8,1.0,10.0,120,0.2927291852125844,0.48952697165287806,0.19679778644029366
756,unit_disk,JOig?@An?b_,HOigDwR,11,6,8,1.0,10.0,120,0.2927291852125844,0.4895269716528774,0.196797786440293
519,atlas,Fhey?,DL{,7,6,1,1.0,10.0,120,0.5005273040273345,0.6971628964984208,0.1966355924710863
655,unit_disk,GPae?O,ESo_,8,3,2,1.0,5.0,120,0.7529986483896345,0.9493061499801354,0.19630750159050092
661,unit_disk,GoTM?W,E\_o,8,2,0,1.0,10.0,120,0.37560080696222126,0.5712307223662323,0.19562991540401103
200,atlas,Fko`?,DqO,7,3,0,1.0,10.0,120,0.32023339794196576,0.5157443594477873,0.19551096150582153
740,unit_disk,JJ\|?H~?O?_,HJ\|?H~,11,10,9,1.0,5.0,120,0.38370767290511154,0.5788819785059102,0.19517430560079863
521,atlas,Flf_O,Dlw,7,6,4,1.0,5.0,120,0.618475786134575,0.8135071887114442,0.19503140257686924
66,atlas,EsCW,CJ,6,1,0,1.0,10.0,120,0.4439349351589814,0.6388697058755038,0.19493477071652243
67,atlas,EsCW,CJ,6,2,0,1.0,10.0,120,0.4439349351589814,0.6388697058755038,0.19493477071652243
195,atlas,FMoG_,DMC,7,5,4,1.0,5.0,120,0.6351449306680957,0.829989130372832,0.1948441997047362
196,atlas,FMoG_,DMC,7,6,3,1.0,5.0,120,0.6351449306680957,0.829989130372832,0.1948441997047362
248,atlas,FE|A?,DYO,7,2,4,1.0,10.0,120,0.3211964247025959,0.5157443594477867,0.19454793474519083
264,atlas,Fepa?,DSO,7,6,1,1.0,10.0,120,0.3693795240417936,0.5636989691932079,0.19431944515141436
500,atlas,F~aGG,D~_,7,6,5,1.0,5.0,120,0.6401231768436856,0.8343983275726448,0.19427515072895918
309,atlas,FFwc?,D]_,7,5,2,1.0,5.0,120,0.3289478110373788,0.5230901662679986,0.19414235523061985
310,atlas,FFwc?,D]O,7,6,0,1.0,5.0,120,0.3289478110373788,0.5230901662679986,0.19414235523061985
403,atlas,FyQAg,DcK,7,4,1,1.0,10.0,120,0.31748005936650187,0.5114693133121098,0.1939892539456079
259,atlas,FH?NW,DgC,7,0,6,1.0,10.0,120,0.3697739218271319,0.5636989691932075,0.19392504736607558
394,atlas,FB}GO,DB_,7,6,4,1.0,10.0,120,0.37046239259607255,0.5636989691932072,0.1932365765971346
211,atlas,FhoG_,DhC,7,5,4,1.0,10.0,120,0.31831241033095425,0.5114693133121088,0.1931569029811545
736,unit_disk,J_jMMMKTtX?,HdvM[qx,11,3,9,1.0,10.0,120,0.40277280504951596,0.5955308189695522,0.19275801392003622
334,atlas,FFw_G,DFw,7,6,5,1.0,5.0,120,0.37919605630099584,0.5719295896887245,0.1927335333877287
2,atlas,CF,A?,4,0,3,1.0,10.0,120,0.5148959499630914,0.7076257205572795,0.19272977059418805
3,atlas,CF,A?,4,1,3,1.0,10.0,120,0.5148959499630914,0.7076257205572795,0.19272977059418805
4,atlas,CF,A?,4,2,3,1.0,10.0,120,0.5148959499630914,0.7076257205572795,0.19272977059418805
644,unit_disk,GyFs?O,Ey}?,8,7,4,1.0,5.0,120,0.3113887627189673,0.5030819906377424,0.19169322791877508
361,atlas,FjuA?,DL_,7,6,1,1.0,10.0,120,0.3198764268838106,0.5114693133121088,0.19159288642829814
289,atlas,FFwH?,DFG,7,5,4,1.0,5.0,120,0.6389740389737286,0.8299891303728326,0.191015091399104
422,atlas,FhdW_,DkS,7,6,3,1.0,10.0,120,0.3137936557117927,0.5043028756125119,0.19050921990071917
474,atlas,FyVI?,D`c,7,6,1,1.0,10.0,120,0.3209740447851182,0.5114693133121097,0.19049526852699145
110,atlas,E~|?,C~,6,5,1,1.0,10.0,120,0.7726095979321772,0.9627696029289098,0.19016000499673258
435,atlas,FJyG_,DNc,7,6,3,1.0,5.0,120,0.7429460836058266,0.932937052509635,0.1899909689038084
530,atlas,Fn{`?,D~?,7,5,2,1.0,10.0,120,0.6199674300176246,0.8098865285985866,0.189919098580962
531,atlas,Fn{`?,D~?,7,6,2,1.0,10.0,120,0.6199674300176246,0.8098865285985866,0.189919098580962
636,unit_disk,G~aoN_,EzF_,8,4,0,1.0,10.0,120,0.6996541269344564,0.8895195682035855,0.18986544126912908
254,atlas,FjKGO,DxG,7,0,1,1.0,10.0,120,0.3442638465125615,0.533862163692739,0.1895983171801775
88,atlas,Exd?,Cl,6,5,1,1.0,5.0,120,0.6268860719004725,0.8162416695660463,0.18935559766557375
301,atlas,FjCHO,Dhg,7,0,1,1.0,10.0,120,0.31498974089363135,0.5043028756125116,0.18931313471888028
517,atlas,F^MGG,D^K,7,6,5,1.0,5.0,120,0.4684441839880684,0.6576308612743248,0.18918667728625638
532,atlas,Fn{c?,D~_,7,5,2,1.0,10.0,120,0.48756219341791796,0.6759756240795742,0.18841343066165628
533,atlas,Fn{c?,D~O,7,6,0,1.0,10.0,120,0.48756219341791796,0.6759756240795731,0.18841343066165517
679,unit_disk,H`QpiKq,FN[ZO,9,4,1,1.0,5.0,120,0.5083887122243325,0.6964720561723456,0.18808334394801318
584,atlas,Fn}GO,Dn_,7,6,4,1.0,10.0,120,0.6114013087960906,0.7991646704340479,0.18776336163795737
590,atlas,F~wWO,D~C,7,6,4,1.0,10.0,120,0.48848130968321607,0.6759756240795741,0.18749431439635805
322,atlas,FSYK_,Dsg,7,1,4,1.0,5.0,120,0.6777421196645248,0.8643296926881476,0.18658757302362283
606,atlas,Fp~o_,Dvw,7,6,3,1.0,10.0,120,0.5198533278675184,0.7058580496123528,0.1860047217448344
64,atlas,EQKo,Ci,6,0,2,1.0,5.0,120,0.6082471026476077,0.794169324090696,0.18592222144308823
65,atlas,EQKo,Ci,6,1,3,1.0,5.0,120,0.6082471026476077,0.794169324090696,0.18592222144308823
360,atlas,FjuA?,D|_,7,5,0,1.0,5.0,120,0.4382563977437593,0.6240979723390873,0.18584157459532796
407,atlas,FhMgO,Dhg,7,6,4,1.0,10.0,120,0.31859052563304335,0.5043028756125116,0.18571234997946828
771,unit_disk,KOCI?Eo?sfgY,IOOL_Y^RO,12,5,4,1.0,5.0,120,0.34298274974312914,0.5285020018302213,0.1855192520870922
386,atlas,Fv`_G,D]C,7,4,0,1.0,10.0,120,0.31932110029286714,0.5043028756125115,0.18498177531964438
260,atlas,FH?NW,D@{,7,3,2,1.0,5.0,120,0.6794747947707954,0.8643296926881474,0.184854897917352
225,atlas,Fk_`G,DaS,7,3,0,1.0,5.0,120,0.6715663543921502,0.8561218836120412,0.18455552921989105
226,atlas,Fk_`G,DaS,7,4,0,1.0,5.0,120,0.6715663543921502,0.8561218836120412,0.18455552921989105
681,unit_disk,HB?qa}K,FWYdw,9,0,8,1.0,5.0,120,0.6174864340746343,0.8018184297267242,0.1843319956520899
213,atlas,FhD@G,Dgc,7,0,1,1.0,5.0,120,0.32419995998909196,0.508121826018677,0.183921866029585
577,atlas,F?\~_,DF{,7,0,6,1.0,5.0,120,0.4739936113459275,0.657630861274325,0.18363724992839753
434,atlas,FhdY?,DLK,7,6,1,1.0,5.0,120,0.4415771991079413,0.6251365048081504,0.18355930570020912
83,atlas,EtoO,Cu,6,5,3,1.0,5.0,120,0.6917952004805165,0.8749708955141827,0.18317569503366626
118,atlas,FhG`?,D_?,7,3,2,1.0,10.0,120,0.38284442194563384,0.5657083253722244,0.18286390342659053
119,atlas,FhG`?,D_?,7,4,2,1.0,10.0,120,0.38284442194563384,0.5657083253722244,0.18286390342659053
120,atlas,FhG`?,D_?,7,5,2,1.0,10.0,120,0.38284442194563384,0.5657083253722244,0.18286390342659053
121,atlas,FhG`?,D_?,7,6,2,1.0,10.0,120,0.38284442194563384,0.5657083253722244,0.18286390342659053
454,atlas,FZSw_,DzO,7,0,2,1.0,5.0,120,0.44128633174598625,0.6240979723390879,0.18281164059310168
223,atlas,FXAGg,DDS,7,1,2,1.0,10.0,120,0.3332837112637881,0.5157443594477862,0.1824606481839981
224,atlas,FXAGg,DXC,7,4,5,1.0,10.0,120,0.3332837112637881,0.5157443594477862,0.1824606481839981
780,unit_disk,KOkWwUgnywV},IfKwmb~~w,12,1,10,1.0,10.0,120,0.369793803402892,0.5520140840635793,0.18222028066068735
628,atlas,Fz~{?,D~{,7,6,0,0.8333333333333334,10.0,120,0.7188550066078702,0.9007462754746662,0.18189126886679607
563,atlas,FhfwG,Dhc,7,6,5,1.0,10.0,120,0.5819720140953261,0.7633954027225963,0.18142338862727025
206,atlas,FMoa?,DSO,7,6,1,1.0,5.0,120,0.5761966007368602,0.7573810758104078,0.18118447507354762
50,atlas,EC{O,CP,6,1,4,1.0,10.0,120,0.3178193582637222,0.49895558787881633,0.18113622961509412
51,atlas,EC{O,CP,6,2,4,1.0,10.0,120,0.3178193582637222,0.49895558787881633,0.18113622961509412
578,atlas,F~|A?,D~?,7,5,1,1.0,10.0,120,0.628902000226109,0.8098865285985866,0.18098452837247758
579,atlas,F~|A?,D~?,7,6,1,1.0,10.0,120,0.628902000226109,0.8098865285985866,0.18098452837247758
71,atlas,EB{G,CW,6,0,4,1.0,10.0,120,0.31885638553949064,0.4989555878788165,0.18009920233932586
72,atlas,EB{G,CB,6,5,4,1.0,10.0,120,0.31885638553949064,0.498955587878816,0.18009920233932536
395,atlas,Fxec?,DhO,7,6,0,1.0,10.0,120,0.33586764862002716,0.5157443594477861,0.1798767108277589
344,atlas,FzW`?,Di?,7,5,2,1.0,10.0,120,0.25405079954939763,0.43313300735344096,0.17908220780404333
345,atlas,FzW`?,Di?,7,6,2,1.0,10.0,120,0.25405079954939763,0.43313300735344096,0.17908220780404333
85,atlas,EXSg,CX,6,0,2,1.0,5.0,120,0.6151761506122374,0.794169324090696,0.17899317347845856
773,unit_disk,K_oSOhPab@A?,IeAOQESWO,12,11,3,1.0,10.0,120,0.32124699454075534,0.5001460796958876,0.1788990851551323
570,atlas,FzNGG,DzK,7,6,5,1.0,5.0,120,0.6732878139647059,0.8520827327036457,0.1787949187389397
427,atlas,FJyK?,D}C,7,6,0,1.0,5.0,120,0.7246348023149438,0.9033659338768653,0.17873113156192144
512,atlas,FlMk?,DjS,7,6,0,1.0,5.0,120,0.44550783859720205,0.6240979723390876,0.17859013374188554
441,atlas,FhUk?,DlS,7,6,0,1.0,5.0,120,0.39344607843192364,0.5719295896887242,0.17848351125680056
351,atlas,Fjt?O,DjO,7,6,4,1.0,10.0,120,0.35544017712304465,0.533862163692739,0.17842198656969432
775,unit_disk,K~{esVw?oC?I,I~}^_WG@O,12,5,2,1.0,10.0,120,0.4462185526004788,0.624609517337152,0.17839096473667315
439,atlas,FhNK?,Djc,7,6,0,1.0,5.0,120,0.740889155642606,0.9190406857648665,0.17815153012226048
70,atlas,Ehd?,CL,6,5,1,1.0,5.0,120,0.7913515977221952,0.9693177125537372,0.177966114831542
497,atlas,FlMh?,Dpc,7,6,2,1.0,10.0,120,0.3263736394697545,0.5043028756125121,0.17792923614275757
558,atlas,Fxv_O,Dxw,7,6,4,1.0,10.0,120,0.49808060887958083,0.675975624079572,0.17789501519999118
313,atlas,FxOY?,DgK,7,6,1,1.0,10.0,120,0.3337508412982706,0.5114693133121094,0.17771847201383884
438,atlas,Fhf_O,Dhw,7,6,4,1.0,5.0,120,0.7257825663856278,0.9033659338768651,0.17758336749123738
485,atlas,F^MG_,DXc,7,6,3,1.0,10.0,120,0.32679275802345426,0.5043028756125119,0.1775101175890576
125,atlas,FiO`?,Di?,7,5,2,1.0,10.0,120,0.2558866549140139,0.43313300735344096,0.17724635243942705
126,atlas,FiO`?,Di?,7,6,2,1.0,10.0,120,0.2558866549140139,0.43313300735344096,0.17724635243942705
58,atlas,E]a?,Co,6,4,0,1.0,5.0,120,0.5640850743944711,0.7412195989702152,0.17713452457574408
59,atlas,E]a?,Co,6,5,0,1.0,5.0,120,0.5640850743944711,0.7412195989702152,0.17713452457574408
251,atlas,F[EoG,DmC,7,1,2,1.0,5.0,120,0.4485513596842654,0.6251365048081512,0.1765851451238858
252,atlas,F[EoG,D\C,7,4,3,1.0,5.0,120,0.4485513596842654,0.6251365048081512,0.1765851451238858
396,atlas,FB}G_,DFc,7,6,3,1.0,10.0,120,0.35821376746136274,0.5338621636927396,0.1756483962313769
523,atlas,FlUk?,DlS,7,6,0,1.0,5.0,120,0.3963096154575702,0.5719295896887242,0.175619974231154
712,unit_disk,IAPKARYL?,GIUAfg,10,2,9,1.0,5.0,120,0.4266469862210389,0.6022127483775227,0.17556576215648378
177,atlas,FhoI?,DhO,7,5,4,1.0,10.0,120,0.3406509581368581,0.5157443594477861,0.175093401310928
715,unit_disk,I\}WO?Fz_,G\}WV[,10,7,8,1.0,5.0,120,0.5036822654177943,0.6787223536491547,0.1750400882313604
600,atlas,FR~k?,D^s,7,6,0,1.0,10.0,120,0.5310608426700782,0.7058580496123525,0.1747972069422743
711,unit_disk,I@`DrcpKg,GK|jJS,10,5,1,1.0,5.0,120,0.19473168755300133,0.36881459994729227,0.17408291239429094
203,atlas,Fpq?_,DKG,7,5,0,1.0,10.0,120,0.38982960377978315,0.5636989691932066,0.17386936541342346
283,atlas,FxSQ?,DyO,7,5,3,1.0,10.0,120,0.36008077311448394,0.5338621636927388,0.1737813905782548
143,atlas,FaOH_,D@o,7,0,1,1.0,5.0,120,0.5836546743254898,0.7573810758104078,0.17372640148491802
599,atlas,FR~g_,DV{,7,6,3,1.0,5.0,120,0.5491782537747266,0.7228052713359555,0.1736270175612289
269,atlas,FhDb?,Dk_,7,0,1,1.0,10.0,120,0.342117802113887,0.5157443594477862,0.1736265573338992
511,atlas,FhDjO,Dlg,7,0,1,1.0,10.0,120,0.2729773254490256,0.4464105615516232,0.1734332361025976
468,atlas,F?~wG,D?{,7,6,5,1.0,10.0,120,0.24924479652030768,0.4226017260094148,0.17335692948910714
280,atlas,Fewa?,DUO,7,6,1,1.0,10.0,120,0.33861575885162604,0.5114693133121094,0.1728535544604834
431,atlas,Fle_O,Dlg,7,6,4,1.0,10.0,120,0.2735811165700199,0.4464105615516232,0.1728294449816033
8,atlas,D?{,B?,5,0,4,1.0,10.0,120,0.4226017260094148,0.5952582389657382,0.17265651295632334
9,atlas,D?{,B?,5,1,4,1.0,10.0,120,0.4226017260094148,0.5952582389657382,0.17265651295632334
10,atlas,D?{,B?,5,2,4,1.0,10.0,120,0.4226017260094148,0.5952582389657382,0.17265651295632334
11,atlas,D?{,B?,5,3,4,1.0,10.0,120,0.4226017260094148,0.5952582389657382,0.17265651295632334
419,atlas,FhMk?,DjS,7,6,0,1.0,5.0,120,0.4515581909573429,0.6240979723390876,0.1725397813817447
681,unit_disk,HB?qa}K,FWYdw,9,0,8,1.0,10.0,120,0.45568494542939236,0.6278152105982975,0.17213026516890512
772,unit_disk,K_oSOhPab@A?,IeIPRESG?,12,2,10,1.0,5.0,120,0.4854951162575176,0.657491105377995,0.17199598912047742
152,atlas,FhCK?,Dh_,7,5,4,1.0,5.0,120,0.33645691572565023,0.5081218260186778,0.1716649102930276
153,atlas,FhCK?,DhC,7,6,0,1.0,5.0,120,0.33645691572565023,0.508121826018677,0.17166491029302672
532,atlas,Fn{c?,D~_,7,5,2,1.0,5.0,120,0.6628922724189267,0.8343983275726448,0.17150605515371808
533,atlas,Fn{c?,D~O,7,6,0,1.0,5.0,120,0.6628922724189267,0.8343983275726448,0.17150605515371808
106,atlas,EZSw,Cz,6,0,2,1.0,5.0,120,0.41735206723770385,0.5887582645292142,0.17140619729151035
774,unit_disk,KWYg_?zYDWVT,IWYgbQkmg,12,7,8,1.0,10.0,120,0.6308022404035039,0.8021332931064649,0.171331052702961
538,atlas,F^mH?,D\c,7,6,2,1.0,10.0,120,0.6278743790147271,0.7991646704340498,0.17129029141932273
665,unit_disk,GmCBCG,EgYO,8,4,3,1.0,5.0,120,0.4315108181889745,0.6027535565298839,0.17124273834090942
792,unit_disk,KGCYwEU_BEK@,I`MwHZEoG,12,9,0,1.0,5.0,120,0.24227053844581342,0.4132396516692227,0.1709691132234093
715,unit_disk,I\}WO?Fz_,G\}WV[,10,7,8,1.0,10.0,120,0.36407692836261535,0.5349944214358318,0.1709174930732164
60,atlas,EYWO,Cq,6,0,2,1.0,5.0,120,0.7984386004688108,0.969317712553737,0.17087911208492623
315,atlas,FhFE?,Dmo,7,4,3,1.0,5.0,120,0.4537052055859136,0.6240979723390876,0.170392766753174
557,atlas,Flfq?,D\w,7,6,1,1.0,5.0,120,0.6818360648593236,0.852082732703646,0.1702466678443224
639,unit_disk,GDmUkK,E^iG,8,1,6,1.0,10.0,120,0.648856399564848,0.8187459548333857,0.16988955526853777
662,unit_disk,GoTM?W,EqoO,8,3,4,1.0,10.0,120,0.37560080696222126,0.5453291188354694,0.16972831187324816
606,atlas,Fp~o_,Dvw,7,6,3,1.0,5.0,120,0.49291951738494877,0.6625381622652154,0.16961864488026668
110,atlas,E~|?,C~,6,5,1,1.0,5.0,120,0.6782978940237661,0.8478905370681411,0.16959264304437505
283,atlas,FxSQ?,DyO,7,5,3,1.0,5.0,120,0.6947583146536755,0.864329692688148,0.16957137803447242
237,atlas,FupA?,Ds?,7,5,1,1.0,10.0,120,0.2640337423969585,0.43313300735344096,0.16909926495648248
238,atlas,FupA?,Ds?,7,6,1,1.0,10.0,120,0.2640337423969585,0.43313300735344096,0.16909926495648248
391,atlas,Fr`s?,DWw,7,6,0,1.0,5.0,120,0.40700872069090105,0.5760749723277331,0.16906625163683203
390,atlas,Fr`s?,D^?,7,4,0,1.0,5.0,120,0.40700872069090105,0.5760749723277329,0.1690662516368318
672,unit_disk,HCPH_pK,FTOd_,9,0,3,1.0,5.0,120,0.6653653902179865,0.8342245597048463,0.16885916948685986
478,atlas,F^eG_,D[c,7,6,3,1.0,10.0,120,0.6118147716209648,0.7804965830877038,0.168681811466739
340,atlas,F~a@?,D{_,7,6,2,1.0,10.0,120,0.3652650511993693,0.5338621636927392,0.1685971124933699
558,atlas,Fxv_O,Dxw,7,6,4,1.0,5.0,120,0.6659655677321087,0.8343983275726441,0.1684327598405354
330,atlas,FhMK?,DjC,7,6,0,1.0,5.0,120,0.45712065652039463,0.625136504808151,0.16801584828775634
319,atlas,FhT@G,Dgc,7,0,1,1.0,5.0,120,0.3403237670711419,0.508121826018677,0.16779805894753502
42,atlas,EBe?,CS,6,1,3,1.0,5.0,120,0.5740302576603721,0.7412195989702163,0.1671893413098442
43,atlas,EBe?,CS,6,2,3,1.0,5.0,120,0.5740302576603721,0.7412195989702163,0.1671893413098442
470,atlas,F|e`?,Dt_,7,6,2,1.0,10.0,120,0.3671717683925566,0.5338621636927388,0.16669039530018215
311,atlas,FLg`G,DoC,7,1,2,1.0,10.0,120,0.3973172765370048,0.5636989691932075,0.16638169265620267
433,atlas,FhUgG,DhS,7,6,5,1.0,5.0,120,0.3567185973819685,0.5230901662679983,0.16637156888602983
568,atlas,F?\vg,DFw,7,0,6,1.0,10.0,120,0.28014397416830544,0.44641056155162345,0.166266587383318
220,atlas,Fh_gG,Dh_,7,6,5,1.0,10.0,120,0.34524395177783396,0.5114693133121094,0.16622536153427547
219,atlas,Fh_gG,DpC,7,3,2,1.0,10.0,120,0.34524395177783396,0.5114693133121093,0.16622536153427536
291,atlas,Fhoh?,Dx?,7,3,2,1.0,5.0,120,0.6900875374325377,0.8561218836120403,0.16603434617950263
292,atlas,Fhoh?,DeC,7,6,2,1.0,5.0,120,0.6900875374325377,0.8561218836120403,0.16603434617950263
469,atlas,F|ec?,DhO,7,6,0,1.0,10.0,120,0.3499527514038368,0.5157443594477861,0.16579160804394927
757,unit_disk,JOig?@An?b_,HOigAE{,11,7,10,1.0,10.0,120,0.2927291852125844,0.4582686883070472,0.1655395030944628
399,atlas,FhMh?,D`c,7,6,2,1.0,10.0,120,0.3461421368322966,0.5114693133121097,0.16532717647981304
702,unit_disk,I?T@IoB_G,GBPoKC,10,2,6,1.0,5.0,120,0.4351072312321421,0.6003954121232109,0.16528818089106878
382,atlas,FXSwO,DZG,7,0,2,1.0,10.0,120,0.36875439012957495,0.5338621636927392,0.16510777356316425
383,atlas,FXSwO,DXK,7,6,4,1.0,10.0,120,0.36875439012957495,0.533862163692739,0.16510777356316403
534,atlas,F_~wO,D_{,7,6,4,1.0,10.0,120,0.36878570827877694,0.5338621636927418,0.16507645541396482
372,atlas,FXSwG,DZC,7,0,2,1.0,5.0,120,0.4603110095204185,0.6251365048081512,0.16482549528773272
246,atlas,F\CoG,DXC,7,4,3,1.0,10.0,120,0.3509597573805449,0.5157443594477862,0.16478460206724127
245,atlas,F\CoG,DiC,7,1,2,1.0,10.0,120,0.3509597573805449,0.5157443594477858,0.16478460206724094
358,atlas,Fz`c?,D}?,7,4,0,1.0,10.0,120,0.252913754162767,0.4176147402927686,0.16470098613000161
359,atlas,Fz`c?,Dwo,7,6,0,1.0,10.0,120,0.252913754162767,0.4176147402927679,0.1647009861300009
260,atlas,FH?NW,D@{,7,3,2,1.0,10.0,120,0.3697739218271319,0.5338621636927412,0.16408824186560927
177,atlas,FhoI?,DhO,7,5,4,1.0,5.0,120,0.6659318359760954,0.8299891303728328,0.16405729439673744
123,atlas,FiO`?,DAO,7,3,1,1.0,10.0,120,0.2558866549140139,0.419723896311964,0.16383724139795008
124,atlas,FiO`?,DAO,7,4,1,1.0,10.0,120,0.2558866549140139,0.419723896311964,0.16383724139795008
122,atlas,FiO`?,DC_,7,0,1,1.0,10.0,120,0.2558866549140139,0.41972389631196383,0.16383724139794992
346,atlas,FzWa?,DiO,7,5,2,1.0,10.0,120,0.25889552873814814,0.42260172600941426,0.16370619727126612
347,atlas,FzWa?,DiO,7,6,1,1.0,10.0,120,0.25889552873814814,0.42260172600941426,0.16370619727126612
487,atlas,FO~oG,DO{,7,6,5,1.0,10.0,120,0.3703380661773853,0.5338621636927412,0.1635240975153559
98,atlas,Eju?,C|,6,5,0,1.0,5.0,120,0.4254964872957255,0.5887582645292148,0.16326177723348928
2,atlas,CF,A?,4,0,3,1.0,5.0,120,0.7941693240906964,0.9573791880348854,0.16320986394418902
3,atlas,CF,A?,4,1,3,1.0,5.0,120,0.7941693240906964,0.9573791880348854,0.16320986394418902
4,atlas,CF,A?,4,2,3,1.0,5.0,120,0.7941693240906964,0.9573791880348854,0.16320986394418902
66,atlas,EsCW,CJ,6,1,0,1.0,5.0,120,0.7953664681979246,0.9583610879354061,0.16299461973748153
67,atlas,EsCW,CJ,6,2,0,1.0,5.0,120,0.7953664681979246,0.9583610879354061,0.16299461973748153
77,atlas,EJwG,Cw,6,0,4,1.0,10.0,120,0.47612193610244746,0.6388697058755046,0.16274776977305716
78,atlas,EJwG,CJ,6,5,4,1.0,10.0,120,0.47612193610244746,0.6388697058755038,0.16274776977305638
224,atlas,FXAGg,DXC,7,4,5,1.0,5.0,120,0.6674028049763249,0.8299891303728326,0.16258632539650775
223,atlas,FXAGg,DDS,7,1,2,1.0,5.0,120,0.6674028049763249,0.8299891303728322,0.1625863253965073
320,atlas,FhDIO,DhG,7,0,1,1.0,5.0,120,0.6675234076882479,0.829989130372833,0.16246572268458503
509,atlas,Fxf__,D{w,7,6,3,1.0,10.0,120,0.5137051748955141,0.675975624079573,0.16227044918405886
735,unit_disk,JKcCs|D@GG_,HwzwgcP,11,2,1,1.0,5.0,120,0.2137939141396486,0.37601660581507285,0.16222269167542425
322,atlas,FSYK_,Dsg,7,1,4,1.0,10.0,120,0.37190556853603945,0.5338621636927385,0.16195659515669908
768,unit_disk,Ke??XJOd??ym,Ie?mco@vo,12,4,6,1.0,5.0,120,0.23483192969177097,0.3961768497459527,0.16134492005418172
616,atlas,F@\~g,DN{,7,0,6,1.0,5.0,120,0.5614721586871096,0.7228052713359555,0.16133311264884587
565,atlas,Fhfy?,DL{,7,6,1,1.0,10.0,120,0.5359322807791438,0.6971628964984208,0.161230615719277
158,atlas,FItA?,Ds_,7,0,4,1.0,5.0,120,0.623385077720124,0.7845556346290858,0.16117055690896187
484,atlas,F|e_O,D|g,7,6,4,1.0,5.0,120,0.4965634650341164,0.657630861274325,0.1610673962402086
783,unit_disk,KBa@`h?`PcOi,IWXs?hgDO,12,4,0,0.8620689655172413,10.0,120,0.6742346557094115,0.8352912561394045,0.16105660042999292
731,unit_disk,Jj|F{?FPg?_,Hj|F{?F,11,10,9,1.0,10.0,120,0.5894491956507006,0.7504529279209331,0.16100373227023246
158,atlas,FItA?,Ds_,7,0,4,1.0,10.0,120,0.26168304235634976,0.42260172600941454,0.16091868365306478
164,atlas,F?Bcw,D?w,7,3,6,1.0,10.0,120,0.27241177218982915,0.4331330073534417,0.16072123516361253
165,atlas,F?Bcw,D?w,7,4,6,1.0,10.0,120,0.27241177218982915,0.4331330073534417,0.16072123516361253
162,atlas,F?Bcw,D?k,7,1,5,1.0,10.0,120,0.27241177218982915,0.4331330073534408,0.16072123516361164
163,atlas,F?Bcw,D?k,7,2,5,1.0,10.0,120,0.27241177218982915,0.4331330073534408,0.16072123516361164
620,atlas,FB^bw,D^{,7,0,5,1.0,5.0,120,0.2858376124936882,0.44641227508365694,0.16057466258996872
374,atlas,F~_?g,DwK,7,4,0,1.0,10.0,120,0.6199927941775206,0.7804965830877041,0.16050378891018346
595,atlas,FlNw_,Dh{,7,6,3,1.0,10.0,120,0.536671923731667,0.697162896498421,0.16049097276675395
350,atlas,Fjt?O,DLC,7,5,1,1.0,10.0,120,0.35544017712304465,0.5157443594477863,0.16030418232474164
686,unit_disk,HwBBDOS,Fwpd_,9,3,8,0.8,5.0,120,0.6176265902709626,0.7778729026413623,0.16024631237039977
696,unit_disk,H~sevbY,F~~fo,9,5,2,1.0,10.0,120,0.5792038249085742,0.7394096103327481,0.16020578542417385
188,atlas,FbW`?,Ds_,7,0,1,1.0,5.0,120,0.6245959106986084,0.7845556346290858,0.15995972393047742
588,atlas,Fn}H?,D~c,7,6,2,1.0,5.0,120,0.5630950112495624,0.722805271335955,0.15971026008639255
770,unit_disk,KCoSSiIHPIcB,IPasQhTOW,12,1,4,1.0,10.0,120,0.5179835852101754,0.6776772010538061,0.15969361584363073
684,unit_disk,HQOQtAO,FQUc?,9,5,3,1.0,5.0,120,0.6973984290035908,0.8569999327725615,0.15960150376897064
482,atlas,Fxf`?,Ddo,7,6,2,1.0,10.0,120,0.6210420504366306,0.7804965830877043,0.15945453265107368
276,atlas,FxUA?,Dh_,7,6,1,1.0,10.0,120,0.35209919676008933,0.5114693133121094,0.1593701165520201
326,atlas,FHt@G,DkS,7,0,4,1.0,5.0,120,0.3640287862271933,0.5230901662679983,0.159061380040805
378,atlas,FlkG_,DlC,7,5,4,1.0,10.0,120,0.34540321868651436,0.5043028756125104,0.15889965692599606
379,atlas,FlkG_,DlC,7,6,3,1.0,10.0,120,0.34540321868651436,0.5043028756125104,0.15889965692599606
147,atlas,FEW`?,DY?,7,5,2,1.0,5.0,120,0.7897294818214113,0.9484362395875401,0.15870675776612875
148,atlas,FEW`?,DY?,7,6,2,1.0,5.0,120,0.7897294818214113,0.9484362395875401,0.15870675776612875
363,atlas,FXSx?,DBK,7,6,2,1.0,5.0,120,0.6974812859585283,0.8561218836120403,0.15864059765351202
362,atlas,FXSx?,DZ?,7,0,2,1.0,5.0,120,0.6974812859585283,0.8561218836120401,0.1586405976535118
236,atlas,FupA?,Ds_,7,2,0,1.0,10.0,120,0.2640337423969585,0.42260172600941454,0.15856798361245605
661,unit_disk,GoTM?W,E\_o,8,2,0,1.0,5.0,120,0.6889215196309371,0.8474778259918707,0.15855630636093365
137,atlas,FIo`?,DM?,7,5,2,1.0,5.0,120,0.7901071354985947,0.9484362395875405,0.15832910408894585
138,atlas,FIo`?,DM?,7,6,2,1.0,5.0,120,0.7901071354985947,0.9484362395875405,0.15832910408894585
648,unit_disk,GAE[HC,EDdG,8,1,3,1.0,10.0,120,0.3870900762578793,0.5453291188354698,0.15823904257759047
160,atlas,FItA?,DD?,7,5,1,1.0,10.0,120,0.26168304235634976,0.41972389631196383,0.15804085395561407
161,atlas,FItA?,DD?,7,6,1,1.0,10.0,120,0.26168304235634976,0.41972389631196383,0.15804085395561407
159,atlas,FItA?,DW?,7,2,1,1.0,10.0,120,0.26168304235634976,0.4197238963119634,0.15804085395561362
414,atlas,Fle`?,Dt_,7,6,2,1.0,5.0,120,0.7063456268951465,0.864329692688148,0.1579840657930015
414,atlas,Fle`?,Dt_,7,6,2,1.0,10.0,120,0.3759100619261152,0.5338621636927388,0.15795210176662355
26,atlas,E?Bw,C?,6,0,5,1.0,10.0,120,0.34357893773331694,0.5007341603942074,0.15715522266089044
27,atlas,E?Bw,C?,6,1,5,1.0,10.0,120,0.34357893773331694,0.5007341603942074,0.15715522266089044
28,atlas,E?Bw,C?,6,2,5,1.0,10.0,120,0.34357893773331694,0.5007341603942074,0.15715522266089044
29,atlas,E?Bw,C?,6,3,5,1.0,10.0,120,0.34357893773331694,0.5007341603942074,0.15715522266089044
30,atlas,E?Bw,C?,6,4,5,1.0,10.0,120,0.34357893773331694,0.5007341603942074,0.15715522266089044
185,atlas,FiG`G,DSc,7,0,1,1.0,10.0,120,0.3111557402603211,0.4681423821583372,0.1569866418980161
186,atlas,FiG`G,DIS,7,3,1,1.0,10.0,120,0.3111557402603211,0.46814238215833637,0.15698664189801526
648,unit_disk,GAE[HC,EDdG,8,1,3,1.0,5.0,120,0.6416417527856693,0.7984386004688105,0.15679684768314128
551,atlas,FjvG_,Dms,7,6,3,1.0,5.0,120,0.6776151529304453,0.8343983275726441,0.15678317464219882
233,atlas,FmpA?,Do?,7,2,1,1.0,10.0,120,0.26295364236526814,0.4197238963119633,0.15677025394669514
234,atlas,FmpA?,DS?,7,5,1,1.0,10.0,120,0.26295364236526814,0.4197238963119631,0.15677025394669497
235,atlas,FmpA?,DS?,7,6,1,1.0,10.0,120,0.26295364236526814,0.4197238963119631,0.15677025394669497
603,atlas,Fp~oO,Dp{,7,6,4,1.0,5.0,120,0.6954845611274499,0.8520827327036463,0.15659817157619638
52,atlas,EC{O,CF,6,5,3,1.0,5.0,120,0.6379133960883253,0.7941693240906964,0.1562559280023711
284,atlas,FxSQ?,DhG,7,6,1,1.0,10.0,120,0.36008077311448394,0.5157443594477867,0.1556635863333028
353,atlas,Fz`a?,DkO,7,6,1,1.0,10.0,120,0.36039341134901787,0.5157443594477861,0.1553509480987682
565,atlas,Fhfy?,DL{,7,6,1,1.0,5.0,120,0.6968103475308592,0.8520827327036459,0.15527238517278663
590,atlas,F~wWO,D~C,7,6,4,1.0,5.0,120,0.6795137977648014,0.8343983275726448,0.1548845298078434
646,unit_disk,GODKcC,ELOG,8,2,0,1.0,5.0,120,0.7112176623684248,0.8660824341769423,0.15486477180851754
444,atlas,F~Ha?,DyO,7,4,2,1.0,10.0,120,0.3790346335172695,0.5338621636927388,0.15482753017546924
445,atlas,F~Ha?,DyO,7,6,1,1.0,10.0,120,0.3790346335172695,0.5338621636927388,0.15482753017546924
621,atlas,FBX~o,D]{,7,0,6,1.0,5.0,120,0.5080741799870598,0.6625381622652154,0.1544639822781556
787,unit_disk,K?SfGBBH??O@,I@{EX_?_G,12,3,4,1.0,5.0,120,0.30463313844913026,0.4588286315330942,0.15419549308396396
789,unit_disk,K?SfGBBH??O@,I?SfGBBH?,12,10,11,1.0,5.0,120,0.30463313844913026,0.45882863153309406,0.1541954930839638
760,unit_disk,JTOAV_CQoG_,HTPNa[@,11,8,5,1.0,10.0,120,0.5164813778744766,0.6706659378151866,0.15418455994071
201,atlas,Fko`?,Du?,7,5,2,1.0,5.0,120,0.7020237804096405,0.8561218836120406,0.15409810320240003
202,atlas,Fko`?,Du?,7,6,2,1.0,5.0,120,0.7020237804096405,0.8561218836120406,0.15409810320240003
254,atlas,FjKGO,DxG,7,0,1,1.0,5.0,120,0.7103819140967935,0.864329692688148,0.15394777859135444
307,atlas,FMs`?,D^?,7,5,2,1.0,5.0,120,0.42222055543009823,0.5760749723277329,0.15385441689763463
308,atlas,FMs`?,D^?,7,6,2,1.0,5.0,120,0.42222055543009823,0.5760749723277329,0.15385441689763463
548,atlas,FjvGG,Djs,7,6,5,1.0,5.0,120,0.6982552780619787,0.8520827327036458,0.15382745464166703
320,atlas,FhDIO,DhG,7,0,1,1.0,10.0,120,0.36201576419561377,0.5157443594477867,0.15372859525217297
486,atlas,F~aH?,D{c,7,6,2,1.0,5.0,120,0.7792591209800683,0.9329370525096342,0.15367793152956588
111,atlas,F??Fw,D??,7,0,6,1.0,10.0,120,0.2678511075070563,0.4212200402657873,0.15336893275873098
112,atlas,F??Fw,D??,7,1,6,1.0,10.0,120,0.2678511075070563,0.4212200402657873,0.15336893275873098
113,atlas,F??Fw,D??,7,2,6,1.0,10.0,120,0.2678511075070563,0.4212200402657873,0.15336893275873098
114,atlas,F??Fw,D??,7,3,6,1.0,10.0,120,0.2678511075070563,0.4212200402657873,0.15336893275873098
115,atlas,F??Fw,D??,7,4,6,1.0,10.0,120,0.2678511075070563,0.4212200402657873,0.15336893275873098
116,atlas,F??Fw,D??,7,5,6,1.0,10.0,120,0.2678511075070563,0.4212200402657873,0.15336893275873098
601,atlas,Fn}GG,Dn{,7,6,5,1.0,5.0,120,0.29309004757341434,0.44641227508365683,0.1533222275102425
396,atlas,FB}G_,DFc,7,6,3,1.0,5.0,120,0.7111885724281133,0.8643296926881476,0.15314112026003435
189,atlas,FbW`?,Di?,7,5,2,1.0,5.0,120,0.6245959106986084,0.7770609755515069,0.15246506485289846
190,atlas,FbW`?,Di?,7,6,2,1.0,5.0,120,0.6245959106986084,0.7770609755515069,0.15246506485289846
273,atlas,FFwG_,DFC,7,5,4,1.0,5.0,120,0.63222063925799,0.7845556346290848,0.15233499537109485
274,atlas,FFwG_,DFC,7,6,3,1.0,5.0,120,0.63222063925799,0.7845556346290848,0.15233499537109485
229,atlas,FK_h_,DpO,7,1,2,1.0,5.0,120,0.3558140229886635,0.508121826018677,0.15230780303001346
293,atlas,Fmo`?,D}?,7,5,2,1.0,10.0,120,0.26531153132439567,0.4176147402927686,0.15230320896837296
294,atlas,Fmo`?,D}?,7,6,2,1.0,10.0,120,0.26531153132439567,0.4176147402927686,0.15230320896837296
275,atlas,FxUA?,Dl_,7,5,0,1.0,10.0,120,0.35209919676008933,0.5043028756125115,0.1522036788524222
8,atlas,D?{,B?,5,0,4,1.0,5.0,120,0.7845556346290862,0.9367549000698151,0.15219926544072893
9,atlas,D?{,B?,5,1,4,1.0,5.0,120,0.7845556346290862,0.9367549000698151,0.15219926544072893
10,atlas,D?{,B?,5,2,4,1.0,5.0,120,0.7845556346290862,0.9367549000698151,0.15219926544072893
11,atlas,D?{,B?,5,3,4,1.0,5.0,120,0.7845556346290862,0.9367549000698151,0.15219926544072893
141,atlas,Fk_`?,Ds?,7,5,2,1.0,5.0,120,0.6249187494383056,0.7770609755515069,0.15214222611320127
142,atlas,Fk_`?,Ds?,7,6,2,1.0,5.0,120,0.6249187494383056,0.7770609755515069,0.15214222611320127
139,atlas,Fk_`?,DaO,7,3,0,1.0,5.0,120,0.6249187494383056,0.7770609755515067,0.15214222611320105
140,atlas,Fk_`?,DaO,7,4,0,1.0,5.0,120,0.6249187494383056,0.7770609755515067,0.15214222611320105
231,atlas,FMo@G,DMo,7,5,6,1.0,5.0,120,0.37120607765779007,0.5230901662679984,0.15188408861020836
572,atlas,FlfoO,Dl{,7,6,4,1.0,10.0,120,0.5542787563873559,0.7058580496123535,0.15157929322499764
514,atlas,Flf`?,Dto,7,6,2,1.0,5.0,120,0.7814738554239821,0.9329370525096342,0.15146319708565215
265,atlas,Flg`?,Ds?,7,5,2,1.0,5.0,120,0.6257962835692064,0.7770609755515069,0.15126469198230053
266,atlas,Flg`?,Ds?,7,6,2,1.0,5.0,120,0.6257962835692064,0.7770609755515069,0.15126469198230053
404,atlas,Flec?,DhO,7,6,0,1.0,10.0,120,0.3645067107703862,0.5157443594477861,0.15123764867739986
575,atlas,FyUx?,Djk,7,6,2,1.0,5.0,120,0.6630144800252751,0.8135071887114438,0.1504927086861687
548,atlas,FjvGG,Djs,7,6,5,1.0,10.0,120,0.5467182605047153,0.6971628964984188,0.1504446359937035
328,atlas,F_sPg,DfG,7,2,6,1.0,5.0,120,0.8067544586948444,0.9571425786018872,0.15038811990704282
462,atlas,F~`_G,D}C,7,4,0,1.0,5.0,120,0.7530165267365783,0.9033659338768653,0.150349407140287
611,atlas,F}~I?,Dvc,7,6,1,1.0,10.0,120,0.2117647003907652,0.3620561984020246,0.15029149801125938
723,unit_disk,I`TXExKC?,GaSeqo,10,9,3,0.8888888888888888,10.0,120,0.6160310321881315,0.7659743597434594,0.1499433275553279
472,atlas,F|e__,D{g,7,6,3,1.0,10.0,120,0.23742593295271291,0.38687185836940063,0.14944592541668772
174,atlas,FMpA?,DS?,7,5,1,1.0,5.0,120,0.576004563609603,0.7252519169424817,0.14924735333287875
175,atlas,FMpA?,DS?,7,6,1,1.0,5.0,120,0.576004563609603,0.7252519169424817,0.14924735333287875
173,atlas,FMpA?,Do?,7,2,1,1.0,5.0,120,0.576004563609603,0.7252519169424806,0.14924735333287764
542,atlas,F^Mg_,DXk,7,6,3,1.0,5.0,120,0.4749652394644459,0.6240979723390875,0.14913273287464157
108,atlas,En{G,Cn,6,5,4,1.0,10.0,120,0.3479511691214634,0.4964482844092489,0.14849711528778547
269,atlas,FhDb?,Dk_,7,0,1,1.0,5.0,120,0.6815006778786326,0.8299891303728327,0.14848845249420017
281,atlas,FxSI?,DxO,7,5,4,1.0,5.0,120,0.47672151359975756,0.6251365048081512,0.14841499120839363
392,atlas,F~AGG,D~?,7,4,5,1.0,5.0,120,0.6812892099822292,0.8296249022831993,0.1483356923009701
393,atlas,F~AGG,D~?,7,6,5,1.0,5.0,120,0.6812892099822292,0.8296249022831993,0.1483356923009701
580,atlas,F~{OO,D~C,7,5,3,1.0,5.0,120,0.6861094940993315,0.8343983275726448,0.14828883347331323
581,atlas,F~{OO,D~C,7,6,4,1.0,5.0,120,0.6861094940993315,0.8343983275726448,0.14828883347331323
13,atlas,DBc,BO,5,1,3,1.0,5.0,120,0.8299891303728322,0.9782537865967821,0.1482646562239499
14,atlas,DBc,BO,5,2,3,1.0,5.0,120,0.8299891303728322,0.9782537865967821,0.1482646562239499
378,atlas,FlkG_,DlC,7,5,4,1.0,5.0,120,0.37513152584843973,0.5230901662679983,0.14795864041955858
379,atlas,FlkG_,DlC,7,6,3,1.0,5.0,120,0.37513152584843973,0.5230901662679983,0.14795864041955858
201,atlas,Fko`?,Du?,7,5,2,1.0,10.0,120,0.32023339794196576,0.4681423821583367,0.14790898421637094
202,atlas,Fko`?,Du?,7,6,2,1.0,10.0,120,0.32023339794196576,0.4681423821583367,0.14790898421637094
553,atlas,F^MgG,D^K,7,6,5,1.0,5.0,120,0.5097847662951038,0.6576308612743248,0.14784609497922097
679,unit_disk,H`QpiKq,FN[ZO,9,4,1,1.0,10.0,120,0.41135677933587955,0.5590598217028957,0.14770304236701615
598,atlas,F}bBg,Ds{,7,4,0,1.0,5.0,120,0.5099708675589814,0.657630861274325,0.14765999371534366
398,atlas,F?~oO,D?{,7,6,4,1.0,5.0,120,0.6372894869413944,0.7845556346290862,0.14726614768769175
249,atlas,FE|A?,DV?,7,5,1,1.0,10.0,120,0.3211964247025959,0.4681423821583369,0.14694595745574102
250,atlas,FE|A?,DV?,7,6,1,1.0,10.0,120,0.3211964247025959,0.4681423821583369,0.14694595745574102
529,atlas,Fn{_O,DnG,7,6,4,1.0,10.0,120,0.652830977784353,0.7991646704340485,0.14633369264969553
255,atlas,FjKGO,Dj?,7,5,4,1.0,5.0,120,0.7103819140967935,0.8561218836120407,0.14573996951524715
256,atlas,FjKGO,Dj?,7,6,4,1.0,5.0,120,0.7103819140967935,0.8561218836120407,0.14573996951524715
578,atlas,F~|A?,D~?,7,5,1,1.0,5.0,120,0.6841184712559494,0.8296249022831993,0.14550643102724992
579,atlas,F~|A?,D~?,7,6,1,1.0,5.0,120,0.6841184712559494,0.8296249022831993,0.14550643102724992
597,atlas,FyVx?,Dj{,7,6,2,1.0,5.0,120,0.5773257690747063,0.7228052713359552,0.14547950226124884
695,unit_disk,HTWST_{,Fxbb_,9,1,4,1.0,10.0,120,0.4014801995362018,0.5467182605047138,0.14523806096851205
404,atlas,Flec?,DhO,7,6,0,1.0,5.0,120,0.6848128302275862,0.8299891303728328,0.14517630014524663
758,unit_disk,JJXoBp|A{g?,H}wFfsV,11,0,10,1.0,10.0,120,0.45032483847951293,0.5954030411187856,0.14507820263927268
25,atlas,DJ{,Bw,5,0,4,1.0,5.0,120,0.8343983275726463,0.9794610736954107,0.14506274612276437
198,atlas,Fg?hg,DgK,7,3,6,1.0,10.0,120,0.36693005193136974,0.5114693133121094,0.1445392613807397
199,atlas,Fg?hg,DgK,7,4,5,1.0,10.0,120,0.36693005193136974,0.5114693133121094,0.1445392613807397
26,atlas,E?Bw,C?,6,0,5,1.0,5.0,120,0.7722003423187174,0.9165749096823304,0.14437456736361298
27,atlas,E?Bw,C?,6,1,5,1.0,5.0,120,0.7722003423187174,0.9165749096823304,0.14437456736361298
28,atlas,E?Bw,C?,6,2,5,1.0,5.0,120,0.7722003423187174,0.9165749096823304,0.14437456736361298
29,atlas,E?Bw,C?,6,3,5,1.0,5.0,120,0.7722003423187174,0.9165749096823304,0.14437456736361298
30,atlas,E?Bw,C?,6,4,5,1.0,5.0,120,0.7722003423187174,0.9165749096823304,0.14437456736361298
513,atlas,Flf__,Dkw,7,6,3,1.0,5.0,120,0.7590908222606843,0.9033659338768654,0.14427511161618112
204,atlas,Fpq?_,Du_,7,6,3,1.0,10.0,120,0.38982960377978315,0.5338621636927393,0.14403255991295616
541,atlas,FjvI?,DLc,7,6,1,1.0,10.0,120,0.6366459993023197,0.7804965830877036,0.14385058378538396
476,atlas,FlfO_,Dko,7,6,3,1.0,5.0,120,0.4816600125338738,0.625136504808151,0.14347649227427717
64,atlas,EQKo,Ci,6,0,2,1.0,10.0,120,0.37188175659547484,0.5148959499630903,0.14301419336761545
65,atlas,EQKo,Ci,6,1,3,1.0,10.0,120,0.37188175659547484,0.5148959499630903,0.14301419336761545
275,atlas,FxUA?,Dl_,7,5,0,1.0,5.0,120,0.38010330467040704,0.523090166267999,0.14298686159759194
678,unit_disk,HGadH`e,FaTeo,9,4,0,1.0,10.0,120,0.40209549010039847,0.5447240628948263,0.14262857279442787
227,atlas,FMo`?,D]?,7,5,2,1.0,5.0,120,0.6560350038418544,0.7986578287508211,0.14262282490896672
228,atlas,FMo`?,D]?,7,6,2,1.0,5.0,120,0.6560350038418544,0.7986578287508211,0.14262282490896672
610,atlas,F~{WO,D~C,7,6,4,1.0,5.0,120,0.6917934723754635,0.8343983275726448,0.14260485519718125
96,atlas,EjsG,Cj,6,5,4,1.0,5.0,120,0.73250024657625,0.8749708955141827,0.1424706489379327
374,atlas,F~_?g,DwK,7,4,0,1.0,5.0,120,0.8147292324970653,0.957142578601887,0.1424133461048217
411,atlas,Fxe_O,Dxg,7,6,4,1.0,10.0,120,0.2447919308723357,0.38687185836940036,0.14207992749706466
633,unit_disk,G~JsGC,E~cG,8,4,2,1.0,5.0,120,0.6842681082732932,0.8261465103610084,0.14187840208771518
370,atlas,FjsH?,DjG,7,5,4,1.0,5.0,120,0.48328201529746007,0.6251365048081512,0.14185448951069113
636,unit_disk,G~aoN_,EzF_,8,4,0,1.0,5.0,120,0.6844184228743156,0.8261465103610083,0.14172808748669263
583,atlas,F~Xo_,DzW,7,6,3,1.0,10.0,120,0.22033182584935102,0.3620561984020243,0.14172437255267328
464,atlas,FZSwO,DzG,7,0,2,1.0,5.0,120,0.48259764898753216,0.6240979723390881,0.141500323351556
465,atlas,FZSwO,DZK,7,6,4,1.0,5.0,120,0.48259764898753216,0.6240979723390876,0.14150032335155543
436,atlas,F~AGO,D~_,7,6,4,1.0,10.0,120,0.5344908823443837,0.6759756240795742,0.14148474173519054
780,unit_disk,KOkWwUgnywV},IfKwmb~~w,12,1,10,1.0,5.0,120,0.420695371363349,0.5617372370433473,0.14104186567999832
695,unit_disk,HTWST_{,Fxbb_,9,1,4,1.0,5.0,120,0.5574206597751522,0.6982552780619786,0.14083461828682642
371,atlas,FjsH?,DnC,7,6,2,1.0,5.0,120,0.48328201529746007,0.6240979723390879,0.14081595704162786
131,atlas,FiO_G,DCC,7,0,1,1.0,5.0,120,0.5844985550418526,0.7252519169424815,0.14075336190062893
132,atlas,FiO_G,DAC,7,3,1,1.0,5.0,120,0.5844985550418526,0.7252519169424815,0.14075336190062893
133,atlas,FiO_G,DAC,7,4,1,1.0,5.0,120,0.5844985550418526,0.7252519169424815,0.14075336190062893
487,atlas,FO~oG,DO{,7,6,5,1.0,5.0,120,0.7235858634047128,0.8643296926881475,0.14074382928343476
704,unit_disk,IATK`DWQG,GTdDcc,10,0,6,1.0,5.0,120,0.3742948233628508,0.5149352560922961,0.14064043272944526
99,atlas,Ev`_,C],6,4,0,1.0,5.0,120,0.6756371461271296,0.8162416695660463,0.14060452343891672
44,atlas,EBe?,CX,6,5,0,1.0,10.0,120,0.3742946692591896,0.514895949963092,0.14060128070390238
100,atlas,EXSw,CZ,6,0,2,1.0,10.0,120,0.41615578940502657,0.5565140787866716,0.14035828938164502
529,atlas,Fn{_O,DnG,7,6,4,1.0,5.0,120,0.7631115714967536,0.9033659338768649,0.14025436238011135
104,atlas,E~`_,C},6,4,0,1.0,10.0,120,0.3563064191281728,0.4964482844092489,0.14014186528107608
762,unit_disk,Kut^vtWwvv_G,Iut^qra}w,12,11,7,1.0,10.0,120,0.39353515627305896,0.533305195531478,0.13977003925841908
209,atlas,Fpa?g,D_S,7,1,0,1.0,5.0,120,0.808699640651244,0.948436239587541,0.13973659893629697
210,atlas,Fpa?g,DGK,7,4,0,1.0,5.0,120,0.808699640651244,0.9484362395875408,0.13973659893629675
571,atlas,FzNG_,Dxs,7,6,3,1.0,5.0,120,0.673870018486862,0.813507188711444,0.139637170224582
192,atlas,FiO`G,DAS,7,3,1,1.0,5.0,120,0.7981033794914683,0.9377156474462851,0.13961226795481685
193,atlas,FiO`G,DAS,7,4,1,1.0,5.0,120,0.7981033794914683,0.9377156474462851,0.13961226795481685
191,atlas,FiO`G,DCc,7,0,1,1.0,5.0,120,0.7981033794914683,0.9377156474462841,0.13961226795481585
383,atlas,FXSwO,DXK,7,6,4,1.0,5.0,120,0.7251174286537563,0.864329692688148,0.1392122640343917
382,atlas,FXSwO,DZG,7,0,2,1.0,5.0,120,0.7251174286537563,0.8643296926881471,0.1392122640343908
488,atlas,F^eH?,D\c,7,6,2,1.0,5.0,120,0.7641834665827806,0.9033659338768644,0.1391824672940838
582,atlas,F~Xq?,DyW,7,6,1,1.0,10.0,120,0.247756703993976,0.3868718583694009,0.1391151543754249
692,unit_disk,HCecqE[,FTqto,9,1,7,1.0,5.0,120,0.15406445342303096,0.29309004757341445,0.13902559415038349
725,unit_disk,Iep??SCXG,G}O?gO,10,2,9,1.0,10.0,120,0.2651148436953455,0.40406147387456726,0.13894663017922176
96,atlas,EjsG,Cj,6,5,4,1.0,10.0,120,0.4176611315763148,0.556514078786672,0.13885294721035724
758,unit_disk,JJXoBp|A{g?,H}wFfsV,11,0,10,1.0,5.0,120,0.27452827787289835,0.41317299474352187,0.13864471687062352
325,atlas,FxOWO,DxC,7,6,4,0.8333333333333334,10.0,120,0.6421458495538651,0.7804965830877041,0.13835073353383898
271,atlas,FmW`?,Dy?,7,5,2,1.0,5.0,120,0.7178235201193969,0.8561218836120403,0.13829836349264346
272,atlas,FmW`?,Dy?,7,6,2,1.0,5.0,120,0.7178235201193969,0.8561218836120403,0.13829836349264346
767,unit_disk,Ke??XJOd??ym,Iw?^DO@yo,12,2,7,1.0,5.0,120,0.23483192969177097,0.3729305527926958,0.13809862310092486
185,atlas,FiG`G,DSc,7,0,1,1.0,5.0,120,0.718032074346006,0.856121883612041,0.13808980926603498
186,atlas,FiG`G,DIS,7,3,1,1.0,5.0,120,0.718032074346006,0.856121883612041,0.13808980926603498
311,atlas,FLg`G,DoC,7,1,2,1.0,5.0,120,0.6193488248980618,0.7573810758104078,0.13803225091234606
587,atlas,Fn}K?,D~C,7,6,0,1.0,5.0,120,0.6964720561723452,0.8343983275726448,0.13792627140029956
479,atlas,FyVK?,Dtc,7,6,0,1.0,5.0,120,0.4863402326367206,0.6240979723390876,0.137757739702367
643,unit_disk,GyFs?O,EpwO,8,6,0,1.0,10.0,120,0.3074728023051881,0.4451571600120004,0.1376843577068123
506,atlas,Fhe{?,Dh[,7,6,0,1.0,5.0,120,0.7657805598770665,0.9033659338768645,0.13758537399979798
607,atlas,Fl^k?,Dns,7,6,0,1.0,10.0,120,0.4309077658613144,0.568416641396145,0.1375088755348306
699,unit_disk,IbI?Zp??_,GbIBq?,10,9,6,1.0,5.0,120,0.33788346188863294,0.4750715210956611,0.13718805920702815
536,atlas,FjtWO,DjS,7,6,4,1.0,10.0,120,0.2497361028178514,0.38687185836940036,0.13713575555154894
612,atlas,Ftilg,Dts,7,1,0,1.0,10.0,120,0.5601288695637979,0.6971628964984188,0.13703402693462086
658,unit_disk,GWB_k[,EWwW,8,4,7,1.0,5.0,120,0.5045011666584872,0.6411181489144789,0.13661698225599173
777,unit_disk,KA@PAiGVrKbi,IOhDT~LMo,12,0,8,0.8571428571428571,5.0,120,0.49032129000360236,0.6266067006120258,0.13628541060842347
111,atlas,F??Fw,D??,7,0,6,1.0,5.0,120,0.7610750507464978,0.8968296456165348,0.13575459487003694
112,atlas,F??Fw,D??,7,1,6,1.0,5.0,120,0.7610750507464978,0.8968296456165348,0.13575459487003694
113,atlas,F??Fw,D??,7,2,6,1.0,5.0,120,0.7610750507464978,0.8968296456165348,0.13575459487003694
114,atlas,F??Fw,D??,7,3,6,1.0,5.0,120,0.7610750507464978,0.8968296456165348,0.13575459487003694
115,atlas,F??Fw,D??,7,4,6,1.0,5.0,120,0.7610750507464978,0.8968296456165348,0.13575459487003694
116,atlas,F??Fw,D??,7,5,6,1.0,5.0,120,0.7610750507464978,0.8968296456165348,0.13575459487003694
82,atlas,Eht?,CL,6,5,1,1.0,5.0,120,0.8337006544355368,0.9693177125537372,0.13561705811820046
284,atlas,FxSQ?,DhG,7,6,1,1.0,5.0,120,0.6947583146536755,0.829989130372833,0.1352308157191574
143,atlas,FaOH_,D@o,7,0,1,1.0,10.0,120,0.4285787470259914,0.5636989691932068,0.13512022216721542
493,atlas,Fxf_G,Dxc,7,6,5,1.0,5.0,120,0.7840758233672291,0.9190406857648666,0.1349648623976375
94,atlas,EzW_,Ci,6,5,2,1.0,5.0,120,0.6592052279854096,0.794169324090696,0.13496409610528637
83,atlas,EtoO,Cu,6,5,3,1.0,10.0,120,0.42171429321993736,0.5565140787866727,0.13479978556673533
31,atlas,EhP?,C_,6,0,1,1.0,5.0,120,0.8224303232425705,0.9571798087520129,0.13474948550944243
33,atlas,EhP?,CG,6,4,1,1.0,5.0,120,0.8224303232425705,0.9571798087520129,0.13474948550944243
34,atlas,EhP?,CG,6,5,1,1.0,5.0,120,0.8224303232425705,0.9571798087520129,0.13474948550944243
327,atlas,FHFEG,DMs,7,4,3,0.8,10.0,120,0.6646611130711414,0.7991646704340494,0.13450355736290798
551,atlas,FjvG_,Dms,7,6,3,1.0,10.0,120,0.5417035995348236,0.6759756240795729,0.1342720245447493
118,atlas,FhG`?,D_?,7,3,2,1.0,5.0,120,0.8023917338354863,0.936559815904069,0.13416808206858266
119,atlas,FhG`?,D_?,7,4,2,1.0,5.0,120,0.8023917338354863,0.936559815904069,0.13416808206858266
120,atlas,FhG`?,D_?,7,5,2,1.0,5.0,120,0.8023917338354863,0.936559815904069,0.13416808206858266
121,atlas,FhG`?,D_?,7,6,2,1.0,5.0,120,0.8023917338354863,0.936559815904069,0.13416808206858266
440,atlas,Fr@sO,Dr[,7,4,6,0.75,5.0,120,0.6794141302100926,0.8135071887114438,0.13409305850135123
327,atlas,FHFEG,DMs,7,4,3,0.8,5.0,120,0.7694102736226982,0.9033659338768651,0.13395566025416694
490,atlas,FlfQ?,D\g,7,6,1,1.0,10.0,120,0.25294222232719393,0.3868718583694005,0.1339296360422066
73,atlas,EhX_,Cs,6,0,1,1.0,5.0,120,0.6603545798770192,0.794169324090696,0.13381474421367678
74,atlas,EhX_,Ci,6,3,2,1.0,5.0,120,0.6603545798770192,0.794169324090696,0.13381474421367678
508,atlas,Flfa?,D\o,7,6,1,1.0,5.0,120,0.7852737111402376,0.9190406857648665,0.13376697462462894
417,atlas,Fju?G,Djs,7,6,5,0.75,5.0,120,0.71839405140644,0.8520827327036458,0.1336886812972058
90,atlas,E~a?,Cw,6,4,0,1.0,5.0,120,0.8247444246281512,0.9583610879354056,0.1336166633072544
91,atlas,E~a?,Cw,6,5,0,1.0,5.0,120,0.8247444246281512,0.9583610879354056,0.1336166633072544
180,atlas,FhoGO,Dh?,7,5,4,1.0,5.0,120,0.8148871696113813,0.9484362395875403,0.133549069976159
181,atlas,FhoGO,Dh?,7,6,4,1.0,5.0,120,0.8148871696113813,0.9484362395875403,0.133549069976159
569,atlas,FyUy?,D`{,7,6,1,1.0,5.0,120,0.7994039285100442,0.9329370525096352,0.13353312399959105
500,atlas,F~aGG,D~_,7,6,5,1.0,10.0,120,0.5424751275648587,0.6759756240795742,0.13350049651471552
23,atlas,DjW,Bo,5,0,1,1.0,5.0,120,0.6240979723390876,0.7575388372825778,0.13344086494349017
103,atlas,E~H_,Cy,6,4,2,1.0,5.0,120,0.7415936329201074,0.8749708955141827,0.13337726259407534
351,atlas,Fjt?O,DjO,7,6,4,1.0,5.0,120,0.7311520593364185,0.864329692688148,0.1331776333517295
772,unit_disk,K_oSOhPab@A?,IeIPRESG?,12,2,10,1.0,10.0,120,0.32124699454075534,0.45427336802065277,0.13302637347989743
335,atlas,F~aC?,Dw?,7,4,0,1.0,5.0,120,0.8047428012988083,0.9377156474462847,0.1329728461474764
336,atlas,F~aC?,Dw?,7,5,0,1.0,5.0,120,0.8047428012988083,0.9377156474462847,0.1329728461474764
337,atlas,F~aC?,Dw?,7,6,0,1.0,5.0,120,0.8047428012988083,0.9377156474462847,0.1329728461474764
78,atlas,EJwG,CJ,6,5,4,1.0,5.0,120,0.8254374845205386,0.9583610879354061,0.13292360341486753
77,atlas,EJwG,Cw,6,0,4,1.0,5.0,120,0.8254374845205386,0.9583610879354056,0.1329236034148671
550,atlas,FrXx?,Di[,7,6,2,1.0,5.0,120,0.49149165844563536,0.6240979723390875,0.13260631389345212
457,atlas,F~@h?,DwS,7,6,2,1.0,5.0,120,0.8247281048921254,0.957142578601887,0.13241447370976156
20,atlas,Dx_,Bg,5,4,0,1.0,5.0,120,0.6251365048081504,0.7575388372825782,0.1324023324744278
19,atlas,Dx_,Bo,5,3,2,1.0,5.0,120,0.6251365048081504,0.7575388372825778,0.13240233247442734
592,atlas,FyVy?,D`{,7,6,1,1.0,5.0,120,0.8006933782465921,0.9329370525096352,0.13224367426304307
526,atlas,Fn{OO,DnC,7,5,3,1.0,10.0,120,0.2546885474428468,0.38687185836940063,0.13218331092655383
527,atlas,Fn{OO,DnC,7,6,4,1.0,10.0,120,0.2546885474428468,0.38687185836940063,0.13218331092655383
85,atlas,EXSg,CX,6,0,2,1.0,10.0,120,0.3828072314022165,0.514895949963092,0.13208871856087545
475,atlas,F~aK?,DwC,7,6,0,1.0,5.0,120,0.8476053327952505,0.9792570957429855,0.13165176294773495
125,atlas,FiO`?,Di?,7,5,2,1.0,5.0,120,0.6456114684356633,0.7770609755515069,0.13144950711584358
126,atlas,FiO`?,Di?,7,6,2,1.0,5.0,120,0.6456114684356633,0.7770609755515069,0.13144950711584358
702,unit_disk,I?T@IoB_G,GBPoKC,10,2,6,1.0,10.0,120,0.3206727886724556,0.4520544607586554,0.13138167208619983
595,atlas,FlNw_,Dh{,7,6,3,1.0,5.0,120,0.7207330267148306,0.8520827327036462,0.13134970598881557
543,atlas,FjvGO,Djo,7,6,4,1.0,5.0,120,0.8018184297267243,0.932937052509635,0.13111862278291064
458,atlas,FZSx?,Dz?,7,0,2,1.0,5.0,120,0.4450100181880635,0.5760749723277335,0.13106495413967
459,atlas,FZSx?,DJK,7,6,2,1.0,5.0,120,0.4450100181880635,0.5760749723277335,0.13106495413967
524,atlas,Fn{GO,Dn?,7,5,4,1.0,10.0,120,0.28657950214863903,0.4176147402927689,0.13103523814412987
525,atlas,Fn{GO,Dn?,7,6,4,1.0,10.0,120,0.28657950214863903,0.4176147402927689,0.13103523814412987
405,atlas,FJyGO,DJ_,7,6,4,1.0,10.0,120,0.5908313372693214,0.7217680358722731,0.13093669860295176
470,atlas,F|e`?,Dt_,7,6,2,1.0,5.0,120,0.733546650943602,0.864329692688148,0.1307830417445459
384,atlas,Fju@?,D|O,7,5,0,0.8,10.0,120,0.6683902562259936,0.799164670434049,0.13077441420805547
385,atlas,Fju@?,Dn_,7,6,2,0.8,10.0,120,0.6683902562259936,0.7991646704340479,0.13077441420805436
448,atlas,F~`c?,D}?,7,4,0,1.0,10.0,120,0.28691575145231096,0.4176147402927686,0.13069898884045766
449,atlas,F~`c?,Dwo,7,6,0,1.0,10.0,120,0.28691575145231096,0.4176147402927679,0.13069898884045694
522,atlas,FtTgO,DtW,7,6,4,1.0,5.0,120,0.7883534501284668,0.9190406857648659,0.13068723563639906
694,unit_disk,HAJ_dYd,F@y|W,9,6,3,1.0,10.0,120,0.446323187309729,0.5769016816718812,0.1305784943621522
242,atlas,FMtA?,Dw?,7,2,1,1.0,5.0,120,0.8072729505653768,0.9377156474462847,0.13044269688090782
243,atlas,FMtA?,DT?,7,5,1,1.0,5.0,120,0.8072729505653768,0.9377156474462841,0.13044269688090726
244,atlas,FMtA?,DT?,7,6,1,1.0,5.0,120,0.8072729505653768,0.9377156474462841,0.13044269688090726
432,atlas,FyAIg,DyS,7,4,5,0.8,10.0,120,0.6024034031577057,0.7327653492250137,0.130361946067308
198,atlas,Fg?hg,DgK,7,3,6,1.0,5.0,120,0.377841792831987,0.508121826018677,0.13028003318668996
199,atlas,Fg?hg,DgK,7,4,5,1.0,5.0,120,0.377841792831987,0.508121826018677,0.13028003318668996
236,atlas,FupA?,Ds_,7,2,0,1.0,5.0,120,0.6543409426738382,0.7845556346290858,0.1302146919552476
192,atlas,FiO`G,DAS,7,3,1,1.0,10.0,120,0.4075143826710571,0.5374203410081276,0.12990595833707053
193,atlas,FiO`G,DAS,7,4,1,1.0,10.0,120,0.4075143826710571,0.5374203410081276,0.12990595833707053
191,atlas,FiO`G,DCc,7,0,1,1.0,10.0,120,0.4075143826710571,0.5374203410081271,0.12990595833706997
69,atlas,EBy?,C],6,5,0,0.6666666666666666,10.0,120,0.836194643416551,0.9659932005120554,0.12979855709550436
616,atlas,F@\~g,DN{,7,0,6,1.0,10.0,120,0.4386747075198337,0.5684166413961452,0.12974193387631155
366,atlas,F~a?G,DwC,7,4,0,1.0,5.0,120,0.8495908373481054,0.9792570957429855,0.1296662583948801
584,atlas,Fn}GO,Dn_,7,6,4,1.0,5.0,120,0.7737508918976663,0.9033659338768646,0.12961504197919826
182,atlas,FHAgg,DgG,7,0,5,1.0,5.0,120,0.8189398861476735,0.9484362395875412,0.12949635343986765
184,atlas,FHAgg,DHC,7,4,5,1.0,5.0,120,0.8189398861476735,0.9484362395875403,0.12949635343986676
553,atlas,F^MgG,D^K,7,6,5,1.0,10.0,120,0.23276319511462978,0.3620561984020244,0.12929300328739463
376,atlas,FjuC?,D|?,7,5,0,1.0,10.0,120,0.28845064534907144,0.4176147402927689,0.12916409494369746
377,atlas,FjuC?,D|?,7,6,0,1.0,10.0,120,0.28845064534907144,0.4176147402927689,0.12916409494369746
504,atlas,FhewO,Dhk,7,6,4,1.0,5.0,120,0.7901270274542664,0.9190406857648667,0.1289136583106003
297,atlas,Fpa_g,DcS,7,1,0,1.0,5.0,120,0.6697503359452859,0.7986578287508198,0.12890749280553393
298,atlas,Fpa_g,DIK,7,4,0,1.0,5.0,120,0.6697503359452859,0.7986578287508198,0.12890749280553393
640,unit_disk,GUiOcg,E{AO,8,1,3,1.0,5.0,120,0.7841140399967961,0.9128393078910894,0.12872526789429328
641,unit_disk,GUiOcg,ETaG,8,6,3,1.0,5.0,120,0.7841140399967961,0.9128393078910886,0.1287252678942925
464,atlas,FZSwO,DzG,7,0,2,1.0,10.0,120,0.2582979967586998,0.3868718583694011,0.12857386161070128
465,atlas,FZSwO,DZK,7,6,4,1.0,10.0,120,0.2582979967586998,0.3868718583694005,0.12857386161070072
559,atlas,Fxv_G,Dxs,7,6,5,1.0,5.0,120,0.6853758780070455,0.813507188711444,0.12813131070439854
304,atlas,F`DbG,Db[,7,4,3,0.6666666666666666,10.0,120,0.6711454115765724,0.7991646704340492,0.12801925885747678
276,atlas,FxUA?,Dh_,7,6,1,1.0,5.0,120,0.38010330467040704,0.5081218260186778,0.1280185213482708
346,atlas,FzWa?,DiO,7,5,2,1.0,5.0,120,0.6565514490881025,0.7845556346290852,0.1280041855409827
347,atlas,FzWa?,DiO,7,6,1,1.0,5.0,120,0.6565514490881025,0.7845556346290852,0.1280041855409827
612,atlas,Ftilg,Dts,7,1,0,1.0,5.0,120,0.7240993863534816,0.852082732703646,0.1279833463501644
200,atlas,Fko`?,DqO,7,3,0,1.0,5.0,120,0.7020237804096405,0.8299891303728327,0.1279653499631922
585,atlas,Fn}I?,D^c,7,6,1,1.0,5.0,120,0.7245642559897957,0.852082732703646,0.1275184767138503
431,atlas,Fle_O,Dlg,7,6,4,1.0,5.0,120,0.4445413135637525,0.5719295896887248,0.12738827612497228
353,atlas,Fz`a?,DkO,7,6,1,1.0,5.0,120,0.702835255337626,0.8299891303728331,0.12715387503520703
194,atlas,FMoG_,DpO,7,2,1,0.5,5.0,120,0.6351449306680957,0.508121826018677,0.1270231046494188
206,atlas,FMoa?,DSO,7,6,1,1.0,10.0,120,0.43690020304583244,0.5636989691932079,0.1267987661473755
568,atlas,F?\vg,DFw,7,0,6,1.0,5.0,120,0.44546398322453845,0.5719295896887245,0.1264656064641861
759,unit_disk,JJXoBp|A{g?,HJXrr}S,11,6,9,1.0,10.0,120,0.45032483847951293,0.576507964023163,0.12618312554365002
354,atlas,FjsGO,Dj?,7,5,4,1.0,5.0,120,0.730084008178599,0.8561218836120407,0.1260378754334417
355,atlas,FjsGO,Dj?,7,6,4,1.0,5.0,120,0.730084008178599,0.8561218836120407,0.1260378754334417
357,atlas,FjsG_,DmC,7,6,3,1.0,10.0,120,0.24660459742057733,0.3725738802174793,0.12596928279690195
356,atlas,FjsG_,DjC,7,5,4,1.0,10.0,120,0.24660459742057733,0.372573880217479,0.12596928279690167
468,atlas,F?~wG,D?{,7,6,5,1.0,5.0,120,0.6586522530770003,0.7845556346290862,0.1259033815520859
402,atlas,FB}K?,D^C,7,6,0,1.0,5.0,120,0.4981979019472099,0.6240979723390873,0.12590007039187734
598,atlas,F}bBg,Ds{,7,4,0,1.0,10.0,120,0.23621945155333776,0.36205619840202413,0.12583674684868637
79,atlas,E`Xg,Ct,6,0,1,1.0,10.0,120,0.4308322589547847,0.5565140787866727,0.12568181983188798
80,atlas,E`Xg,Cj,6,3,2,1.0,10.0,120,0.4308322589547847,0.556514078786672,0.1256818198318873
443,atlas,F~H`?,DwO,7,6,2,1.0,5.0,120,0.7304459445389738,0.856121883612041,0.12567593907306718
442,atlas,F~H`?,Dy?,7,4,2,1.0,5.0,120,0.7304459445389738,0.8561218836120403,0.1256759390730665
651,unit_disk,GUc`HK,EqTW,8,1,3,1.0,5.0,120,0.7301623637120304,0.8558088355722692,0.1256464718602388
437,atlas,Fhd[?,Dhk,7,6,0,0.8,10.0,120,0.6591027856390744,0.7845681192910863,0.12546533365201185
466,atlas,F~@gG,D~?,7,4,5,1.0,5.0,120,0.7042019315451886,0.8296249022831993,0.12542297073801068
467,atlas,F~@gG,D~?,7,6,5,1.0,5.0,120,0.7042019315451886,0.8296249022831993,0.12542297073801068
395,atlas,Fxec?,DhO,7,6,0,1.0,5.0,120,0.7045731252445219,0.8299891303728328,0.12541600512831097
402,atlas,FB}K?,D^C,7,6,0,1.0,10.0,120,0.26184322717106706,0.3868718583694008,0.12502863119833374
261,atlas,Fh?Dw,Dh?,7,4,6,1.0,5.0,120,0.8234461316212358,0.9484362395875403,0.1249901079663045
262,atlas,Fh?Dw,Dh?,7,5,6,1.0,5.0,120,0.8234461316212358,0.9484362395875403,0.1249901079663045
537,atlas,F_~y?,DF{,7,6,1,1.0,10.0,120,0.2370668009118311,0.3620561984020246,0.12498939749019347
363,atlas,FXSx?,DBK,7,6,2,1.0,10.0,120,0.34320551653863046,0.46814238215833665,0.12493686561970618
362,atlas,FXSx?,DZ?,7,0,2,1.0,10.0,120,0.34320551653863046,0.4681423821583366,0.12493686561970613
639,unit_disk,GDmUkK,E^iG,8,1,6,1.0,5.0,120,0.7447231248386731,0.8695682214825723,0.1248450966438992
7,atlas,CN,A_,4,0,3,1.0,5.0,120,0.8749708955141825,0.9997917447074598,0.1248208491932773
622,atlas,F~~I?,D~c,7,6,1,1.0,5.0,120,0.5980159330876269,0.722805271335955,0.12478933824832805
42,atlas,EBe?,CS,6,1,3,1.0,10.0,120,0.3742946692591896,0.498955587878816,0.12466091861962642
43,atlas,EBe?,CS,6,2,3,1.0,10.0,120,0.3742946692591896,0.498955587878816,0.12466091861962642
486,atlas,F~aH?,D{c,7,6,2,1.0,10.0,120,0.6082150306969418,0.7327653492250138,0.12455031852807197
344,atlas,FzW`?,Di?,7,5,2,1.0,5.0,120,0.652588457973459,0.7770609755515069,0.12447251757804789
345,atlas,FzW`?,Di?,7,6,2,1.0,5.0,120,0.652588457973459,0.7770609755515069,0.12447251757804789
541,atlas,FjvI?,DLc,7,6,1,1.0,5.0,120,0.8331064614674641,0.957142578601887,0.12403611713442286
255,atlas,FjKGO,Dj?,7,5,4,1.0,10.0,120,0.3442638465125615,0.4681423821583373,0.12387853564577583
256,atlas,FjKGO,Dj?,7,6,4,1.0,10.0,120,0.3442638465125615,0.4681423821583373,0.12387853564577583
629,atlas,F~~x?,D~{,7,6,2,1.0,5.0,120,0.5202034210640615,0.6440781364789318,0.12387471541487027
550,atlas,FrXx?,Di[,7,6,2,1.0,10.0,120,0.2630447015091324,0.3868718583694011,0.12382715686026868
613,atlas,F@\}w,DN{,7,0,6,1.0,5.0,120,0.5990421818836004,0.7228052713359555,0.12376308945235515
271,atlas,FmW`?,Dy?,7,5,2,1.0,10.0,120,0.3445065078476279,0.46814238215833665,0.12363587431070877
272,atlas,FmW`?,Dy?,7,6,2,1.0,10.0,120,0.3445065078476279,0.46814238215833665,0.12363587431070877
561,atlas,F^mI?,D~c,7,6,1,1.0,10.0,120,0.4450883861432095,0.5684166413961457,0.12332825525293617
93,atlas,E~_O,C{,6,5,3,1.0,10.0,120,0.4332506997843564,0.5565140787866725,0.1232633790023161
92,atlas,E~_O,Cx,6,4,0,1.0,10.0,120,0.4332506997843564,0.5565140787866716,0.12326337900231521
511,atlas,FhDjO,Dlg,7,0,1,1.0,5.0,120,0.4486890214940419,0.5719295896887248,0.12324056819468288
545,atlas,Flfs?,Dhw,7,6,0,1.0,5.0,120,0.7802451288957194,0.9033659338768651,0.12312080498114575
485,atlas,F^MG_,DXc,7,6,3,1.0,5.0,120,0.40000530886890295,0.523090166267999,0.12308485739909603
538,atlas,F^mH?,D\c,7,6,2,1.0,5.0,120,0.780476244306971,0.9033659338768644,0.12288968956989332
530,atlas,Fn{`?,D~?,7,5,2,1.0,5.0,120,0.7067470175482244,0.8296249022831993,0.12287788473497485
531,atlas,Fn{`?,D~?,7,6,2,1.0,5.0,120,0.7067470175482244,0.8296249022831993,0.12287788473497485
92,atlas,E~_O,Cx,6,4,0,1.0,5.0,120,0.7521595463985616,0.8749708955141827,0.12281134911562108
93,atlas,E~_O,C{,6,5,3,1.0,5.0,120,0.7521595463985616,0.8749708955141827,0.12281134911562108
237,atlas,FupA?,Ds?,7,5,1,1.0,5.0,120,0.6543409426738382,0.7770609755515069,0.12272003287766864
238,atlas,FupA?,Ds?,7,6,1,1.0,5.0,120,0.6543409426738382,0.7770609755515069,0.12272003287766864
409,atlas,FyaAg,Dok,7,4,0,1.0,5.0,120,0.5026073524401629,0.6251365048081512,0.12252915236798834
106,atlas,EZSw,Cz,6,0,2,1.0,10.0,120,0.3739364886557074,0.4964482844092492,0.12251179575354182
740,unit_disk,JJ\|?H~?O?_,HJ\|?H~,11,10,9,1.0,10.0,120,0.5262736360012175,0.6486449235602278,0.12237128755901039
446,atlas,F~`a?,D}_,7,4,0,1.0,10.0,120,0.26453936837953684,0.3868718583694005,0.12233248998986368
412,atlas,FJyH?,DMc,7,6,2,1.0,5.0,120,0.8348244725295004,0.9571425786018869,0.12231810607238647
690,unit_disk,HovmY]_,Fvt\?,9,3,4,1.0,5.0,120,0.649407551182343,0.7717192546975441,0.12231170351520115
47,atlas,E?Fw,C@,6,0,5,1.0,5.0,120,0.8351093982177833,0.9571798087520126,0.12207041053422929
48,atlas,E?Fw,C@,6,1,5,1.0,5.0,120,0.8351093982177833,0.9571798087520126,0.12207041053422929
49,atlas,E?Fw,C@,6,2,5,1.0,5.0,120,0.8351093982177833,0.9571798087520126,0.12207041053422929
154,atlas,FsaC_,D?O,7,1,0,1.0,5.0,120,0.8144990481304856,0.93655981590407,0.12206076777358443
155,atlas,FsaC_,D?O,7,2,0,1.0,5.0,120,0.8144990481304856,0.93655981590407,0.12206076777358443
156,atlas,FsaC_,D?G,7,4,0,1.0,5.0,120,0.8144990481304856,0.9365598159040699,0.12206076777358432
157,atlas,FsaC_,D?G,7,5,0,1.0,5.0,120,0.8144990481304856,0.9365598159040699,0.12206076777358432
698,unit_disk,IbI?Zp??_,GI_Z_G,10,8,1,1.0,10.0,120,0.2552414603248037,0.37729047922770387,0.12204901890290015
479,atlas,FyVK?,Dtc,7,6,0,1.0,10.0,120,0.26484409911645695,0.3868718583694005,0.12202775925294357
76,atlas,E^_O,C[,6,5,3,1.0,5.0,120,0.8474778259918705,0.9693177125537377,0.12183988656186717
225,atlas,Fk_`G,DaS,7,3,0,1.0,10.0,120,0.3463145187370082,0.46814238215833687,0.12182786342132867
226,atlas,Fk_`G,DaS,7,4,0,1.0,10.0,120,0.3463145187370082,0.46814238215833687,0.12182786342132867
717,unit_disk,I`Ks@EAIO,G}AGTG,10,1,0,1.0,10.0,120,0.1955542273440393,0.31703081717260523,0.12147658982856593
490,atlas,FlfQ?,D\g,7,6,1,1.0,5.0,120,0.5028263523091618,0.6240979723390881,0.12127162002992631
675,unit_disk,HMXx[gO,FJ[{O,9,8,3,1.0,10.0,120,0.316014643622363,0.43725288979927635,0.12123824617691337
230,atlas,FIc`G,DqS,7,0,4,0.7142857142857143,10.0,120,0.6594071972831378,0.7804965830877042,0.12108938580456641
71,atlas,EB{G,CW,6,0,4,1.0,5.0,120,0.6201370171735308,0.741219598970216,0.1210825817966853
72,atlas,EB{G,CB,6,5,4,1.0,5.0,120,0.6201370171735308,0.741219598970216,0.1210825817966853
203,atlas,Fpq?_,DKG,7,5,0,1.0,5.0,120,0.6363861515389139,0.7573810758104074,0.1209949242714935
600,atlas,FR~k?,D^s,7,6,0,1.0,5.0,120,0.541596159143695,0.6625381622652159,0.12094200312152092
231,atlas,FMo@G,DMo,7,5,6,1.0,10.0,120,0.38347406302055326,0.5043028756125137,0.12082881259196049
534,atlas,F_~wO,D_{,7,6,4,1.0,5.0,120,0.7437394056595164,0.8643296926881474,0.12059028702863106
459,atlas,FZSx?,DJK,7,6,2,1.0,10.0,120,0.297129473102537,0.4176147402927708,0.12048526719023378
458,atlas,FZSx?,Dz?,7,0,2,1.0,10.0,120,0.297129473102537,0.4176147402927689,0.12048526719023189
625,atlas,FB\~W,D^{,7,0,6,1.0,5.0,120,0.32604003709494617,0.44641227508365694,0.12037223798871077
585,atlas,Fn}I?,D^c,7,6,1,1.0,10.0,120,0.57690168167188,0.6971628964984197,0.12026121482653962
348,atlas,FjtA?,DL?,7,5,1,1.0,5.0,120,0.8281767151162892,0.9484362395875405,0.12025952447125132
349,atlas,FjtA?,DL?,7,6,1,1.0,5.0,120,0.8281767151162892,0.9484362395875405,0.12025952447125132
552,atlas,Fxv`?,Dfo,7,6,2,1.0,5.0,120,0.7831727877177332,0.9033659338768654,0.12019314615913212
763,unit_disk,K@aASYNQiSrK,ISYtzThh_,12,2,3,0.8333333333333334,5.0,120,0.2947585110357098,0.4147240153793821,0.11996550434367226
620,atlas,FB^bw,D^{,7,0,5,1.0,10.0,120,0.3515763808743957,0.47118998387155664,0.11961360299716095
287,atlas,FxaGG,DtC,7,3,2,1.0,5.0,120,0.5056023731061202,0.625136504808151,0.11953413170203075
288,atlas,FxaGG,Dx_,7,6,5,1.0,5.0,120,0.5056023731061202,0.6251365048081504,0.1195341317020302
95,atlas,Ejt?,CL,6,5,1,1.0,5.0,120,0.8500607482582204,0.9693177125537372,0.1192569642955168
105,atlas,El{G,Cl,6,5,4,1.0,5.0,120,0.6974538800673432,0.8162416695660463,0.11878778949870306
45,atlas,E`EG,Ch,6,1,0,0.75,10.0,120,0.7398361926722213,0.8585371953604195,0.11870100268819817
46,atlas,E`EG,Cd,6,2,3,0.75,10.0,120,0.7398361926722213,0.8585371953604194,0.11870100268819805
766,unit_disk,KQTGK__cO_}M,IQUPCgP|o,12,6,5,1.0,5.0,120,0.5092454705256878,0.6276792277797139,0.11843375725402605
734,unit_disk,J?D?rW`I[u_,H@_uqDR,11,0,10,1.0,5.0,120,0.687859328303305,0.8061030550038735,0.11824372670056849
240,atlas,FexA?,DU?,7,5,1,1.0,5.0,120,0.8302095309706163,0.9484362395875405,0.11822670861692419
241,atlas,FexA?,DU?,7,6,1,1.0,5.0,120,0.8302095309706163,0.9484362395875405,0.11822670861692419
743,unit_disk,JvBUnn@tto?,Hvv^}F],11,4,10,1.0,10.0,120,0.3528885350697418,0.4709875858082596,0.11809905073851779
790,unit_disk,K_H@UGgPQg?E,I`OuP`I?W,12,3,10,0.8333333333333334,5.0,120,0.38711207458395047,0.5049171124441032,0.11780503786015273
371,atlas,FjsH?,DnC,7,6,2,1.0,10.0,120,0.2691681738240394,0.38687185836940063,0.11770368454536123
788,unit_disk,K?SfGBBH??O@,I?SfHG?_G,12,7,8,1.0,5.0,120,0.30463313844913026,0.422165560198727,0.11753242174959672
421,atlas,FyIAg,Dk[,7,4,2,0.8,10.0,120,0.6670542794225888,0.7845681192910863,0.1175138398684975
625,atlas,FB\~W,D^{,7,0,6,1.0,10.0,120,0.3536892550265362,0.47118998387155664,0.11750072884502044
164,atlas,F?Bcw,D?w,7,3,6,1.0,5.0,120,0.6599631766455449,0.7770609755515071,0.11709779890596217
165,atlas,F?Bcw,D?w,7,4,6,1.0,5.0,120,0.6599631766455449,0.7770609755515071,0.11709779890596217
162,atlas,F?Bcw,D?k,7,1,5,1.0,5.0,120,0.6599631766455449,0.7770609755515063,0.11709779890596139
163,atlas,F?Bcw,D?k,7,2,5,1.0,5.0,120,0.6599631766455449,0.7770609755515063,0.11709779890596139
743,unit_disk,JvBUnn@tto?,Hvv^}F],11,4,10,1.0,5.0,120,0.363214766267884,0.48023793360001976,0.11702316733213575
169,atlas,FkoK?,DcC,7,6,0,1.0,5.0,120,0.8314173923577161,0.948436239587541,0.11701884722982492
167,atlas,FkoK?,Dp?,7,3,0,1.0,5.0,120,0.8314173923577161,0.9484362395875405,0.11701884722982447
587,atlas,Fn}K?,D~C,7,6,0,1.0,10.0,120,0.5590598217028964,0.6759756240795741,0.11691580237667776
268,atlas,FXAgg,DXC,7,4,5,1.0,5.0,120,0.7131154573673621,0.8299891303728326,0.11687367300547047
267,atlas,FXAgg,DDS,7,1,2,1.0,5.0,120,0.7131154573673621,0.8299891303728322,0.11687367300547002
245,atlas,F\CoG,DiC,7,1,2,1.0,5.0,120,0.7134224080158424,0.8299891303728326,0.11656672235699017
246,atlas,F\CoG,DXC,7,4,3,1.0,5.0,120,0.7134224080158424,0.8299891303728326,0.11656672235699017
89,atlas,EYOw,Cr,6,0,2,0.6666666666666666,10.0,120,0.8495590060178473,0.9659932005120554,0.11643419449420811
424,atlas,FhNGO,Dho,7,6,4,1.0,5.0,120,0.8407508666815995,0.9571425786018872,0.11639171192028774
86,atlas,Eld?,C\,6,5,1,1.0,10.0,120,0.4401372229508651,0.5565140787866714,0.11637685583580626
708,unit_disk,IE`cQHDa_,G[dAKo,10,2,5,1.0,10.0,120,0.36423641763228853,0.4802835661189301,0.11604714848664155
290,atlas,FFwH?,D]C,7,6,2,0.5,5.0,120,0.6389740389737286,0.5230901662679984,0.1158838727057302
292,atlas,Fhoh?,DeC,7,6,2,1.0,10.0,120,0.35275839270010434,0.46814238215833764,0.1153839894582333
291,atlas,Fhoh?,Dx?,7,3,2,1.0,10.0,120,0.35275839270010434,0.4681423821583374,0.11538398945823308
103,atlas,E~H_,Cy,6,4,2,1.0,10.0,120,0.441142122580041,0.556514078786672,0.11537195620663104
340,atlas,F~a@?,D{_,7,6,2,1.0,5.0,120,0.7492495256887661,0.8643296926881474,0.11508016699938128
399,atlas,FhMh?,D`c,7,6,2,1.0,5.0,120,0.39316720412713885,0.5081218260186778,0.11495462189153899
731,unit_disk,Jj|F{?FPg?_,Hj|F{?F,11,10,9,1.0,5.0,120,0.526960761454144,0.641896697209017,0.11493593575487293
542,atlas,F^Mg_,DXk,7,6,3,1.0,10.0,120,0.27202243747398536,0.3868718583694008,0.11484942089541544
469,atlas,F|ec?,DhO,7,6,0,1.0,5.0,120,0.7152245461551768,0.8299891303728328,0.11476458421765601
727,unit_disk,I`?U@SrA?,G_oxW_,10,5,3,0.8571428571428571,5.0,120,0.7757589037694925,0.8903349478082405,0.11457604403874799
429,atlas,Fhfc?,Dho,7,6,0,1.0,5.0,120,0.8425677538435986,0.9571425786018872,0.11457482475828862
696,unit_disk,H~sevbY,F~~fo,9,5,2,1.0,5.0,120,0.4101215409772847,0.5245607400378411,0.11443919906055644
243,atlas,FMtA?,DT?,7,5,1,1.0,10.0,120,0.42328883491345265,0.5374203410081271,0.11413150609467443
244,atlas,FMtA?,DT?,7,6,1,1.0,10.0,120,0.42328883491345265,0.5374203410081271,0.11413150609467443
242,atlas,FMtA?,Dw?,7,2,1,1.0,10.0,120,0.42328883491345265,0.5374203410081265,0.11413150609467387
611,atlas,F}~I?,Dvc,7,6,1,1.0,5.0,120,0.5436151685696998,0.657630861274325,0.1140156927046252
288,atlas,FxaGG,Dx_,7,6,5,1.0,10.0,120,0.25857117630791937,0.3725738802174794,0.11400270390956002
287,atlas,FxaGG,DtC,7,3,2,1.0,10.0,120,0.25857117630791937,0.37257388021747917,0.1140027039095598
744,unit_disk,JGpjY^N\k??,HM\y}}?,11,3,9,1.0,10.0,120,0.5358430667334881,0.6498447674703419,0.11400170073685378
364,atlas,Fv`c?,D]?,7,4,0,1.0,5.0,120,0.6846997742341412,0.7986578287508211,0.11395805451667995
365,atlas,Fv`c?,DWo,7,6,0,1.0,5.0,120,0.6846997742341412,0.7986578287508205,0.11395805451667929
17,atlas,D@{,BG,5,0,4,1.0,5.0,120,0.8643296926881474,0.9782537865967821,0.11392409390863467
18,atlas,D@{,BG,5,1,4,1.0,5.0,120,0.8643296926881474,0.9782537865967821,0.11392409390863467
386,atlas,Fv`_G,D]C,7,4,0,1.0,5.0,120,0.40929902507498284,0.5230901662679984,0.11379114119301559
482,atlas,Fxf`?,Ddo,7,6,2,1.0,5.0,120,0.843522595791627,0.9571425786018871,0.11361998281026009
426,atlas,Fhfa?,DLo,7,6,1,1.0,5.0,120,0.8670682706973489,0.9806165797512272,0.11354830905387825
234,atlas,FmpA?,DS?,7,5,1,1.0,5.0,120,0.6120594681056416,0.7252519169424817,0.1131924488368401
235,atlas,FmpA?,DS?,7,6,1,1.0,5.0,120,0.6120594681056416,0.7252519169424817,0.1131924488368401
233,atlas,FmpA?,Do?,7,2,1,1.0,5.0,120,0.6120594681056416,0.7252519169424806,0.11319244883683899
127,atlas,FiOG_,D@O,7,0,1,1.0,5.0,120,0.8649023962656965,0.9780500600682792,0.11314766380258268
128,atlas,FiOG_,D@O,7,2,1,1.0,5.0,120,0.8649023962656965,0.9780500600682792,0.11314766380258268
752,unit_disk,J@t@sQHqMR_,HL]SkeV,11,5,1,1.0,5.0,120,0.24689954270280845,0.3599678232094891,0.11306828050668066
751,unit_disk,JGeW`ID?c??,H`KaOSC,11,10,0,0.9,5.0,120,0.7002358907304099,0.8132937037700501,0.11305781303964013
444,atlas,F~Ha?,DyO,7,4,2,1.0,5.0,120,0.7513477496320258,0.864329692688148,0.11298194305612219
445,atlas,F~Ha?,DyO,7,6,1,1.0,5.0,120,0.7513477496320258,0.864329692688148,0.11298194305612219
674,unit_disk,HLnzLy?,Fj~Jo,9,8,0,1.0,5.0,120,0.5715996240117673,0.684537160538666,0.11293753652689864
608,atlas,F~wWG,D~w,7,6,5,1.0,10.0,120,0.35829737449262306,0.47118998387155664,0.11289260937893358
473,atlas,FyuK?,DtC,7,6,0,1.0,10.0,120,0.25970441852051607,0.37257388021747917,0.1128694616969631
614,atlas,FC\zw,D^{,7,0,3,0.5,5.0,120,0.5591906515890743,0.44641227508365694,0.11277837650541739
264,atlas,Fepa?,DSO,7,6,1,1.0,5.0,120,0.6450141876227125,0.7573810758104078,0.11236688818769536
588,atlas,Fn}H?,D~c,7,6,2,1.0,10.0,120,0.45621310048707364,0.5684166413961457,0.11220354090907203
265,atlas,Flg`?,Ds?,7,5,2,1.0,10.0,120,0.32107633234076793,0.43313300735344096,0.11205667501267302
266,atlas,Flg`?,Ds?,7,6,2,1.0,10.0,120,0.32107633234076793,0.43313300735344096,0.11205667501267302
554,atlas,FlfoG,Dlc,7,6,5,1.0,5.0,120,0.8072871109818653,0.9190406857648667,0.11175357478300141
299,atlas,FFw`?,D]?,7,5,2,1.0,5.0,120,0.6869051559005126,0.7986578287508211,0.11175267285030854
300,atlas,FFw`?,D]?,7,6,2,1.0,5.0,120,0.6869051559005126,0.7986578287508211,0.11175267285030854
478,atlas,F^eG_,D[c,7,6,3,1.0,5.0,120,0.8454817004582746,0.9571425786018872,0.11166087814361259
753,unit_disk,JkGRU_ioRT?,Hh^@uHy,11,5,3,0.7083333333333334,10.0,120,0.7269034390626359,0.8385396515237348,0.1116362124610989
229,atlas,FK_h_,DpO,7,1,2,1.0,10.0,120,0.40003870027632205,0.5114693133121088,0.11143061303578672
307,atlas,FMs`?,D^?,7,5,2,1.0,10.0,120,0.30627502927168293,0.4176147402927689,0.11133971102108597
308,atlas,FMs`?,D^?,7,6,2,1.0,10.0,120,0.30627502927168293,0.4176147402927689,0.11133971102108597
604,atlas,Fp~s?,DNw,7,6,0,1.0,5.0,120,0.702176315702316,0.813507188711444,0.11133087300912803
484,atlas,F|e_O,D|g,7,6,4,1.0,10.0,120,0.2508010130296965,0.3620561984020243,0.11125518537232781
638,unit_disk,GTn||{,E~~w,8,1,5,1.0,10.0,120,0.5203836952428285,0.6312377490453522,0.11085405380252378
537,atlas,F_~y?,DF{,7,6,1,1.0,5.0,120,0.5467942575801032,0.657630861274325,0.11083660369422177
303,atlas,F`DbG,Dkc,7,0,1,0.8333333333333334,5.0,120,0.8463116983740677,0.9571425786018865,0.11083088022781873
329,atlas,FhFK?,Dhc,7,6,0,0.8333333333333334,10.0,120,0.6526973150238414,0.7633954027225963,0.11069808769875489
376,atlas,FjuC?,D|?,7,5,0,1.0,5.0,120,0.46539521771545556,0.5760749723277335,0.11067975461227797
377,atlas,FjuC?,D|?,7,6,0,1.0,5.0,120,0.46539521771545556,0.5760749723277335,0.11067975461227797
411,atlas,Fxe_O,Dxg,7,6,4,1.0,5.0,120,0.51379267810571,0.6240979723390873,0.1103052942333772
609,atlas,F@\|w,DN{,7,0,6,1.0,5.0,120,0.6126930431204551,0.7228052713359555,0.11011222821550037
409,atlas,FyaAg,Dok,7,4,0,1.0,10.0,120,0.2625441295922966,0.372573880217479,0.11002975062518239
280,atlas,Fewa?,DUO,7,6,1,1.0,5.0,120,0.3981406403099009,0.5081218260186778,0.10998118570877696
535,atlas,FjtY?,DLK,7,6,1,1.0,10.0,120,0.26282656447901104,0.37257388021748183,0.1097473157384708
407,atlas,FhMgO,Dhg,7,6,4,1.0,5.0,120,0.41348161482851536,0.5230901662679986,0.10960855143948328
662,unit_disk,GoTM?W,EqoO,8,3,4,1.0,5.0,120,0.6889215196309371,0.7984386004688107,0.10951708083787359
526,atlas,Fn{OO,DnC,7,5,3,1.0,5.0,120,0.5147427017063921,0.6240979723390879,0.10935527063269579
527,atlas,Fn{OO,DnC,7,6,4,1.0,5.0,120,0.5147427017063921,0.6240979723390879,0.10935527063269579
303,atlas,F`DbG,Dkc,7,0,1,0.8333333333333334,10.0,120,0.6711454115765724,0.7804965830877034,0.10935117151113105
457,atlas,F~@h?,DwS,7,6,2,1.0,10.0,120,0.6711469195537486,0.7804965830877038,0.10934966353395514
354,atlas,FjsGO,Dj?,7,5,4,1.0,10.0,120,0.3588087375138734,0.4681423821583373,0.10933364464446393
355,atlas,FjsGO,Dj?,7,6,4,1.0,10.0,120,0.3588087375138734,0.4681423821583373,0.10933364464446393
497,atlas,FlMh?,Dpc,7,6,2,1.0,5.0,120,0.41379837600161096,0.523090166267999,0.10929179026638802
452,atlas,Fl{GO,Dl?,7,5,4,1.0,5.0,120,0.6894979764948324,0.7986578287508211,0.10915985225598879
453,atlas,Fl{GO,Dl?,7,6,4,1.0,5.0,120,0.6894979764948324,0.7986578287508211,0.10915985225598879
443,atlas,F~H`?,DwO,7,6,2,1.0,10.0,120,0.3590055565533968,0.4681423821583373,0.10913682560494053
442,atlas,F~H`?,Dy?,7,4,2,1.0,10.0,120,0.3590055565533968,0.46814238215833665,0.10913682560493987
547,atlas,Fxva?,Dlo,7,6,1,1.0,5.0,120,0.8100549925851503,0.9190406857648661,0.10898569317971574
640,unit_disk,GUiOcg,E{AO,8,1,3,1.0,10.0,120,0.5075737182755523,0.6164058183347063,0.108832100059154
641,unit_disk,GUiOcg,ETaG,8,6,3,1.0,10.0,120,0.5075737182755523,0.6164058183347048,0.10883210005915245
770,unit_disk,KCoSSiIHPIcB,IPasQhTOW,12,1,4,1.0,5.0,120,0.6189372883123944,0.727516069667918,0.10857878135552368
108,atlas,En{G,Cn,6,5,4,1.0,5.0,120,0.4802796048059709,0.5887582645292145,0.10847865972324361
503,atlas,FlfOO,Dls,7,6,4,0.75,10.0,120,0.6786377318539236,0.787033763526746,0.10839603167282241
754,unit_disk,J`wFOG?P]D?,HwwOAnI,11,3,2,0.7333333333333333,10.0,120,0.5565389354953141,0.6649263511529284,0.10838741565761434
650,unit_disk,Gb?W}_,E`N?,8,2,3,0.9,5.0,120,0.8513065118374554,0.9593439948845668,0.10803748304711136
447,atlas,F~`a?,D{O,7,6,1,1.0,10.0,120,0.26453936837953684,0.3725738802174794,0.10803451183794255
583,atlas,F~Xo_,DzW,7,6,3,1.0,5.0,120,0.5496201293904937,0.657630861274325,0.10801073188383137
724,unit_disk,IhpCVRjX?,GyjfY_,10,3,2,1.0,10.0,120,0.43383985269006853,0.5417522517581297,0.10791239906806116
697,unit_disk,HDc|~a@,F\^{?,9,1,7,1.0,10.0,120,0.28546768459260746,0.3933235539045768,0.10785586931196933
109,atlas,En}?,C~,6,5,0,0.8,10.0,120,0.8551403876777165,0.9627696029289098,0.10762921525119329
139,atlas,Fk_`?,DaO,7,3,0,1.0,10.0,120,0.3255395781081319,0.4331330073534417,0.10759342924530979
140,atlas,Fk_`?,DaO,7,4,0,1.0,10.0,120,0.3255395781081319,0.4331330073534417,0.10759342924530979
141,atlas,Fk_`?,Ds?,7,5,2,1.0,10.0,120,0.3255395781081319,0.43313300735344096,0.10759342924530907
142,atlas,Fk_`?,Ds?,7,6,2,1.0,10.0,120,0.3255395781081319,0.43313300735344096,0.10759342924530907
326,atlas,FHt@G,DkS,7,0,4,1.0,10.0,120,0.3967637266990624,0.5043028756125119,0.10753914891344946
685,unit_disk,HGYSKNc,FJaN?,9,3,5,1.0,10.0,120,0.3037045664333414,0.4109648564346203,0.10726029000127885
58,atlas,E]a?,Co,6,4,0,1.0,10.0,120,0.39170519934468423,0.49895558787881633,0.1072503885341321
59,atlas,E]a?,Co,6,5,0,1.0,10.0,120,0.39170519934468423,0.49895558787881633,0.1072503885341321
599,atlas,FR~g_,DV{,7,6,3,1.0,10.0,120,0.46116818161490547,0.568416641396145,0.10724845978123954
338,atlas,F~a@?,DwO,7,4,0,1.0,5.0,120,0.7492495256887661,0.856121883612041,0.10687235792327487
339,atlas,F~a@?,DwO,7,5,0,1.0,5.0,120,0.7492495256887661,0.856121883612041,0.10687235792327487
257,atlas,F`?Fw,D`?,7,4,6,1.0,5.0,120,0.8712725395313138,0.9780500600682785,0.10677752053696477
258,atlas,F`?Fw,D`?,7,5,6,1.0,5.0,120,0.8712725395313138,0.9780500600682785,0.10677752053696477
593,atlas,FlNwG,DlK,7,6,5,1.0,5.0,120,0.8124440239251123,0.9190406857648667,0.10659666183975447
517,atlas,F^MGG,D^K,7,6,5,1.0,10.0,120,0.2556007745400748,0.3620561984020244,0.10645542386194962
420,atlas,FhMg_,Dhk,7,6,3,0.8,5.0,120,0.8128166394056068,0.9190406857648667,0.10622404635925997
692,unit_disk,HCecqE[,FTqto,9,1,7,1.0,10.0,120,0.281348925167102,0.3875276703606532,0.1061787451935512
750,unit_disk,JGeW`ID?c??,HGeXKM?,11,9,6,0.7,10.0,120,0.5027485536934833,0.6085441188424037,0.10579556514892041
749,unit_disk,JGeW`ID?c??,H^OSgQ?,11,1,2,0.7,10.0,120,0.5027485536934833,0.6085441188424026,0.1057955651489193
419,atlas,FhMk?,DjS,7,6,0,1.0,10.0,120,0.2811327169811631,0.38687185836940036,0.10573914138823726
535,atlas,FjtY?,DLK,7,6,1,1.0,5.0,120,0.5195283260827943,0.6251365048081504,0.1056081787253561
171,atlas,FhG`G,D_C,7,3,2,1.0,5.0,120,0.8725170264580578,0.9780500600682785,0.1055330336102207
172,atlas,FhG`G,D_C,7,4,2,1.0,5.0,120,0.8725170264580578,0.9780500600682785,0.1055330336102207
582,atlas,F~Xq?,DyW,7,6,1,1.0,5.0,120,0.5186506726285782,0.6240979723390875,0.10544729971050926
219,atlas,Fh_gG,DpC,7,3,2,1.0,5.0,120,0.4027318958498785,0.5081218260186778,0.10538993016879933
220,atlas,Fh_gG,Dh_,7,6,5,1.0,5.0,120,0.4027318958498785,0.5081218260186778,0.10538993016879933
249,atlas,FE|A?,DV?,7,5,1,1.0,5.0,120,0.7507732342890248,0.8561218836120406,0.1053486493230158
250,atlas,FE|A?,DV?,7,6,1,1.0,5.0,120,0.7507732342890248,0.8561218836120406,0.1053486493230158
152,atlas,FhCK?,Dh_,7,5,4,1.0,10.0,120,0.40621836229869573,0.5114693133121094,0.1052509510134137
153,atlas,FhCK?,DhC,7,6,0,1.0,10.0,120,0.40621836229869573,0.5114693133121088,0.10525095101341303
564,atlas,FzNI?,Djc,7,6,1,1.0,5.0,120,0.8138979944858049,0.9190406857648665,0.10514269127906162
301,atlas,FjCHO,Dhg,7,0,1,1.0,5.0,120,0.4180451163922332,0.5230901662679986,0.10504504987576546
543,atlas,FjvGO,Djo,7,6,4,1.0,10.0,120,0.6278152105982974,0.7327653492250137,0.10495013862671632
97,atlas,Ez`_,C},6,4,0,0.5,5.0,120,0.693382659434004,0.5887582645292148,0.10462439490478925
618,atlas,Fp~y?,Dn{,7,6,1,1.0,5.0,120,0.341795446273822,0.44641227508365683,0.1046168288098348
781,unit_disk,Ku?L?W_{_OGg,IwE?vGOQ_,12,8,2,1.0,5.0,120,0.4644995592117405,0.5690913597962849,0.10459180058454437
189,atlas,FbW`?,Di?,7,5,2,1.0,10.0,120,0.32874179143965054,0.43313300735344096,0.10439121591379041
190,atlas,FbW`?,Di?,7,6,2,1.0,10.0,120,0.32874179143965054,0.43313300735344096,0.10439121591379041
592,atlas,FyVy?,D`{,7,6,1,1.0,10.0,120,0.6288518769653734,0.732765349225014,0.10391347225964065
405,atlas,FJyGO,DJ_,7,6,4,1.0,5.0,120,0.8755421880919582,0.9792570957429855,0.10371490765102731
742,unit_disk,J~Bvnf@}^n_,H~~~mF~,11,4,9,1.0,10.0,120,0.5078921742692181,0.6115727055564519,0.10368053128723387
134,atlas,FiO_G,DiO,7,6,5,1.0,10.0,120,0.3190684153422428,0.42260172600941426,0.10353331066717147
370,atlas,FjsH?,DjG,7,5,4,1.0,10.0,120,0.2691681738240394,0.37257388021747917,0.10340570639343977
50,atlas,EC{O,CP,6,1,4,1.0,5.0,120,0.6379133960883253,0.7412195989702155,0.10330620288189019
51,atlas,EC{O,CP,6,2,4,1.0,5.0,120,0.6379133960883253,0.7412195989702155,0.10330620288189019
703,unit_disk,I~QtgPG|_,G~myFw,10,7,4,1.0,5.0,120,0.46466805487065066,0.5679240151935837,0.10325596032293305
46,atlas,E`EG,Cd,6,2,3,0.75,5.0,120,0.8660824341769416,0.9693177125537373,0.10323527837679569
45,atlas,E`EG,Ch,6,1,0,0.75,5.0,120,0.8660824341769416,0.969317712553737,0.10323527837679536
315,atlas,FhFE?,Dmo,7,4,3,1.0,10.0,120,0.2836510427409358,0.38687185836940036,0.10322081562846458
573,atlas,Fxv__,D}w,7,6,3,1.0,10.0,120,0.4653004180518342,0.5684166413961442,0.10311622334431003
338,atlas,F~a@?,DwO,7,4,0,1.0,10.0,120,0.3652650511993693,0.4681423821583373,0.102877330958968
339,atlas,F~a@?,DwO,7,5,0,1.0,10.0,120,0.3652650511993693,0.4681423821583373,0.102877330958968
693,unit_disk,HCecqE[,FTlL_,9,2,5,1.0,10.0,120,0.281348925167102,0.3842103241369273,0.10286139896982527
711,unit_disk,I@`DrcpKg,GK|jJS,10,5,1,1.0,10.0,120,0.3031239894098116,0.4059710609299349,0.10284707152012329
222,atlas,FpQO_,Dq_,7,6,3,1.0,10.0,120,0.4129523431227833,0.5157443594477866,0.10279201632500334
602,atlas,Fl^gG,Dl[,7,6,5,1.0,5.0,120,0.7110272278093341,0.813507188711444,0.10247996090210987
563,atlas,FhfwG,Dhc,7,6,5,1.0,5.0,120,0.8782297396944433,0.9806165797512272,0.10238684005678389
499,atlas,Flfc?,Dho,7,6,0,1.0,5.0,120,0.85523833394227,0.9571425786018872,0.10190424465961723
160,atlas,FItA?,DD?,7,5,1,1.0,5.0,120,0.623385077720124,0.7252519169424815,0.10186683922235751
161,atlas,FItA?,DD?,7,6,1,1.0,5.0,120,0.623385077720124,0.7252519169424815,0.10186683922235751
159,atlas,FItA?,DW?,7,2,1,1.0,5.0,120,0.623385077720124,0.7252519169424806,0.10186683922235662
610,atlas,F~{WO,D~C,7,6,4,1.0,10.0,120,0.5743241951732759,0.6759756240795741,0.10165142890629819
759,unit_disk,JJXoBp|A{g?,HJXrr}S,11,6,9,1.0,5.0,120,0.27452827787289835,0.376103633104268,0.10157535523136962
418,atlas,FhMi?,DJs,7,6,1,0.8,10.0,120,0.6976694887626234,0.7991646704340502,0.10149518167142679
321,atlas,F_{Og,D`K,7,2,4,1.0,5.0,120,0.8779150897001683,0.9792570957429849,0.10134200604281662
687,unit_disk,HwBBDOS,Fwp_o,9,4,7,0.8,5.0,120,0.6176265902709626,0.7183940514064401,0.10076746113547752
394,atlas,FB}GO,DB_,7,6,4,1.0,5.0,120,0.6567056494905747,0.7573810758104074,0.10067542631983262
131,atlas,FiO_G,DCC,7,0,1,1.0,10.0,120,0.3190684153422428,0.41972389631196383,0.10065548096972105
132,atlas,FiO_G,DAC,7,3,1,1.0,10.0,120,0.3190684153422428,0.41972389631196355,0.10065548096972077
133,atlas,FiO_G,DAC,7,4,1,1.0,10.0,120,0.3190684153422428,0.41972389631196355,0.10065548096972077
733,unit_disk,Jb?IXp^KRb?,H`Nb}JE,11,0,1,1.0,10.0,120,0.4007350861059962,0.5013661090694133,0.10063102296341708
713,unit_disk,Imv[B@d~W,GtnE^{,10,6,0,1.0,5.0,120,0.5147729149773859,0.6151397125430913,0.10036679756570543
589,atlas,F~wY?,D}K,7,6,1,1.0,5.0,120,0.7139889859321888,0.813507188711444,0.09951820277925516
324,atlas,Fgogg,DmK,7,3,6,0.6666666666666666,10.0,120,0.685083099468797,0.7845681192910865,0.09948501982228952
173,atlas,FMpA?,Do?,7,2,1,1.0,10.0,120,0.32034351579714976,0.4197238963119633,0.09938038051481352
174,atlas,FMpA?,DS?,7,5,1,1.0,10.0,120,0.32034351579714976,0.4197238963119631,0.09938038051481335
175,atlas,FMpA?,DS?,7,6,1,1.0,10.0,120,0.32034351579714976,0.4197238963119631,0.09938038051481335
447,atlas,F~`a?,D{O,7,6,1,1.0,5.0,120,0.525946495907852,0.6251365048081512,0.09919000890029916
39,atlas,EiGO,CQ,6,0,1,0.8,10.0,120,0.8042468172642664,0.9031799957795289,0.09893317851526251
350,atlas,Fjt?O,DLC,7,5,1,1.0,5.0,120,0.7311520593364185,0.8299891303728322,0.0988370710364137
289,atlas,FFwH?,DFG,7,5,4,1.0,10.0,120,0.4169801836313019,0.5157443594477853,0.09876417581648339
384,atlas,Fju@?,D|O,7,5,0,0.8,5.0,120,0.8046618928574937,0.9033659338768654,0.09870404101937169
385,atlas,Fju@?,Dn_,7,6,2,0.8,5.0,120,0.8046618928574937,0.9033659338768646,0.09870404101937091
707,unit_disk,IoaG{^l@o,Gse^wW,10,3,6,1.0,5.0,120,0.34652107235245544,0.4450211684141849,0.09850009606172944
98,atlas,Eju?,C|,6,5,0,1.0,10.0,120,0.39807789336615396,0.49644828440924826,0.09837039104309431
724,unit_disk,IhpCVRjX?,GyjfY_,10,3,2,1.0,5.0,120,0.3041984494328709,0.40244002848745947,0.09824157905458858
446,atlas,F~`a?,D}_,7,4,0,1.0,5.0,120,0.525946495907852,0.6240979723390876,0.09815147643123556
342,atlas,F~_Q?,D{O,7,5,3,1.0,5.0,120,0.5270674501976426,0.6251365048081512,0.09806905461050863
341,atlas,F~_Q?,Dx_,7,4,0,1.0,5.0,120,0.5270674501976426,0.6251365048081504,0.09806905461050786
343,atlas,F~_Q?,D{G,7,6,1,1.0,5.0,120,0.5270674501976426,0.6251365048081504,0.09806905461050786
680,unit_disk,HA^Yjx~,FVjvw,9,0,5,1.0,5.0,120,0.5707106276921622,0.6687446780157633,0.09803405032360113
617,atlas,FBX|w,D]{,7,0,6,1.0,5.0,120,0.5650681903545054,0.6625381622652154,0.09746997191071005
341,atlas,F~_Q?,Dx_,7,4,0,1.0,10.0,120,0.2751195472091562,0.3725738802174794,0.09745433300832318
342,atlas,F~_Q?,D{O,7,5,3,1.0,10.0,120,0.2751195472091562,0.3725738802174794,0.09745433300832318
343,atlas,F~_Q?,D{G,7,6,1,1.0,10.0,120,0.2751195472091562,0.37257388021747917,0.09745433300832296
476,atlas,FlfO_,Dko,7,6,3,1.0,10.0,120,0.27548003310066094,0.37257388021747967,0.09709384711681873
81,atlas,EtaG,C`,6,1,0,1.0,5.0,120,0.9026276142289333,0.9995835327851986,0.09695591855626529
682,unit_disk,H\hvy?G,F}Zw_,9,7,1,1.0,5.0,120,0.24499982336721252,0.3417954462738225,0.09679562290661001
683,unit_disk,H\hvy?G,F\^y?,9,8,4,1.0,5.0,120,0.24499982336721252,0.3417954462738224,0.0967956229066099
498,atlas,FhewG,Dhc,7,6,5,1.0,5.0,120,0.8841829706659264,0.9806165797512272,0.09643360908530074
335,atlas,F~aC?,Dw?,7,4,0,1.0,10.0,120,0.4415336660545185,0.5374203410081265,0.09588667495360803
336,atlas,F~aC?,Dw?,7,5,0,1.0,10.0,120,0.4415336660545185,0.5374203410081265,0.09588667495360803
337,atlas,F~aC?,Dw?,7,6,0,1.0,10.0,120,0.4415336660545185,0.5374203410081265,0.09588667495360803
422,atlas,FhdW_,DkS,7,6,3,1.0,5.0,120,0.4273306452140567,0.5230901662679983,0.09575952105394159
329,atlas,FhFK?,Dhc,7,6,0,0.8333333333333334,5.0,120,0.8850921032257242,0.9806165797512272,0.095524476525503
615,atlas,Fse|o,DNw,7,1,0,1.0,5.0,120,0.7179987402552646,0.813507188711444,0.09550844845617945
524,atlas,Fn{GO,Dn?,7,5,4,1.0,5.0,120,0.48087116161594295,0.5760749723277331,0.09520381071179013
525,atlas,Fn{GO,Dn?,7,6,4,1.0,5.0,120,0.48087116161594295,0.5760749723277331,0.09520381071179013
734,unit_disk,J?D?rW`I[u_,H@_uqDR,11,0,10,1.0,10.0,120,0.7134359479982946,0.8080365671321782,0.09460061913388362
418,atlas,FhMi?,DJs,7,6,1,0.8,5.0,120,0.8089146498845218,0.9033659338768645,0.0944512839923427
747,unit_disk,JMYAsIT`W_?,HJ`SSUJ,11,10,3,1.0,10.0,120,0.35286536393794077,0.44717394314741765,0.09430857920947688
624,atlas,Fsmtw,D]{,7,1,0,1.0,5.0,120,0.5683458292156602,0.6625381622652154,0.09419233304955521
463,atlas,F~`_G,D~_,7,6,5,0.75,10.0,120,0.5819362623818654,0.6759756240795742,0.09403936169770888
390,atlas,Fr`s?,D^?,7,4,0,1.0,10.0,120,0.3236764229899339,0.4176147402927689,0.09393831730283503
391,atlas,Fr`s?,DWw,7,6,0,1.0,10.0,120,0.3236764229899339,0.41761474029276774,0.09393831730283386
188,atlas,FbW`?,Ds_,7,0,1,1.0,10.0,120,0.32874179143965054,0.42260172600941454,0.09385993456976399
783,unit_disk,KBa@`h?`PcOi,IWXs?hgDO,12,4,0,0.8620689655172413,5.0,120,0.6529911368262904,0.7464790492956899,0.09348791246939947
437,atlas,Fhd[?,Dhk,7,6,0,0.8,5.0,120,0.8256385192908346,0.9190406857648667,0.0934021664740321
56,atlas,EG}?,CK,6,3,4,1.0,5.0,120,0.9062746059554863,0.9995835327851986,0.09330892682971237
313,atlas,FxOY?,DgK,7,6,1,1.0,5.0,120,0.4149449680103506,0.508121826018677,0.09317685800832637
728,unit_disk,I`?U@SrA?,G`F@Hk,10,9,4,0.6428571428571429,10.0,120,0.5691163859901494,0.6622265310443259,0.09311014505417659
594,atlas,F}RBg,Ds[,7,4,1,1.0,5.0,120,0.478989506284741,0.5719295896887245,0.09294008340398352
775,unit_disk,K~{esVw?oC?I,I~}^_WG@O,12,5,2,1.0,5.0,120,0.5268909208840217,0.6195474187494066,0.09265649786538488
712,unit_disk,IAPKARYL?,GIUAfg,10,2,9,1.0,10.0,120,0.20660667226876217,0.29922464723049325,0.09261797496173108
708,unit_disk,IE`cQHDa_,G[dAKo,10,2,5,1.0,5.0,120,0.6035914036985722,0.695634796301261,0.09204339260268879
693,unit_disk,HCecqE[,FTlL_,9,2,5,1.0,5.0,120,0.15406445342303096,0.2460693387227179,0.09200488529968695
505,atlas,FlfP?,Dtw,7,6,2,0.75,5.0,120,0.76012727563465,0.8520827327036458,0.09195545706899577
769,unit_disk,Ke??XJOd??ym,Ie??XJOtW,12,10,9,1.0,5.0,120,0.23483192969177097,0.3267248318048797,0.09189290211310874
577,atlas,F?\~_,DF{,7,0,6,1.0,10.0,120,0.27017496665685536,0.3620561984020246,0.09188123174516921
560,atlas,FrXwO,Dr[,7,6,4,0.75,10.0,120,0.6951704714154412,0.7870337635267456,0.0918632921113044
5,atlas,Ck,A_,4,2,1,0.6666666666666666,10.0,120,0.8585371953604192,0.9503578251266923,0.09182062976627314
6,atlas,Ck,A_,4,3,0,0.6666666666666666,10.0,120,0.8585371953604192,0.9503578251266923,0.09182062976627314
316,atlas,FK{@G,DK{,7,5,6,0.6666666666666666,10.0,120,0.6409706881902244,0.732765349225014,0.09179466103478962
35,atlas,EsCO,CI,6,1,0,1.0,5.0,120,0.6496070521816512,0.7412195989702155,0.09161254678856434
36,atlas,EsCO,CI,6,2,0,1.0,5.0,120,0.6496070521816512,0.7412195989702155,0.09161254678856434
37,atlas,EsCO,Co,6,4,3,1.0,5.0,120,0.6496070521816512,0.7412195989702152,0.09161254678856401
38,atlas,EsCO,Co,6,5,3,1.0,5.0,120,0.6496070521816512,0.7412195989702152,0.09161254678856401
505,atlas,FlfP?,Dtw,7,6,2,0.75,10.0,120,0.6056159541644464,0.6971628964984183,0.09154694233397198
178,atlas,FhoI?,DKC,7,6,1,1.0,5.0,120,0.6659318359760954,0.7573810758104078,0.09144923983431241
494,atlas,FyuGG,Dys,7,6,5,0.75,10.0,120,0.6057590194263376,0.6971628964984188,0.0914038770720812
221,atlas,FpQO_,DlG,7,4,1,0.5,10.0,120,0.4129523431227833,0.504302875612512,0.09135053248972869
496,atlas,FyVH?,Djs,7,6,2,0.75,5.0,120,0.7609561171835753,0.8520827327036458,0.09112661552007051
213,atlas,FhD@G,Dgc,7,0,1,1.0,10.0,120,0.420367502336919,0.5114693133121088,0.09110181097518977
319,atlas,FhT@G,Dgc,7,0,1,1.0,10.0,120,0.42044166131347954,0.5114693133121088,0.09102765199862922
716,unit_disk,I{YFSaPCW,Ges`HK,10,5,0,0.9411764705882353,5.0,120,0.6279120766398628,0.7189183628497002,0.09100628620983742
317,atlas,FsNA?,Dr_,7,6,1,1.0,5.0,120,0.43237060077013856,0.523090166267999,0.09071956549786042
663,unit_disk,G@s{wg,EJko,8,1,4,1.0,10.0,120,0.3591053556476276,0.4497850814526561,0.09067972580502853
330,atlas,FhMK?,DjC,7,6,0,1.0,10.0,120,0.2820270300343473,0.372573880217479,0.09054685018313169
665,unit_disk,GmCBCG,EgYO,8,4,3,1.0,10.0,120,0.38249226189656826,0.47299747787240676,0.0905052159758385
195,atlas,FMoG_,DMC,7,5,4,1.0,10.0,120,0.42528304990387755,0.515744359447786,0.09046130954390841
196,atlas,FMoG_,DMC,7,6,3,1.0,10.0,120,0.42528304990387755,0.515744359447786,0.09046130954390841
433,atlas,FhUgG,DhS,7,6,5,1.0,10.0,120,0.4139097705395206,0.5043028756125115,0.09039310507299092
788,unit_disk,K?SfGBBH??O@,I?SfHG?_G,12,7,8,1.0,10.0,120,0.20591414031197647,0.29607829532300856,0.09016415501103209
398,atlas,F?~oO,D?{,7,6,4,1.0,10.0,120,0.3324697409025242,0.4226017260094148,0.09013198510689063
416,atlas,F?~q?,DFw,7,6,1,0.5,5.0,120,0.6617141923801074,0.5719295896887245,0.08978460269138289
673,unit_disk,HCPH_pK,FQSqo,9,2,6,0.5,10.0,120,0.4448540445526674,0.5344908823443845,0.08963683779171705
454,atlas,FZSw_,DzO,7,0,2,1.0,10.0,120,0.2973080696874764,0.38687185836940063,0.08956378868192422
746,unit_disk,JSe^T]jal~_,Htn]kf~,11,1,6,1.0,10.0,120,0.43678384070983095,0.5262812793681466,0.08949743865831566
733,unit_disk,Jb?IXp^KRb?,H`Nb}JE,11,0,1,1.0,5.0,120,0.2811783154856657,0.37047046242185483,0.08929214693618914
432,atlas,FyAIg,DyS,7,4,5,0.8,5.0,120,0.843668580826918,0.932937052509635,0.08926847168271701
417,atlas,Fju?G,Djs,7,6,5,0.75,10.0,120,0.6082193191979368,0.6971628964984188,0.08894357730048197
22,atlas,DbW,Bo,5,0,1,1.0,10.0,120,0.5043028756125121,0.593143923572217,0.08884104795970493
221,atlas,FpQO_,DlG,7,4,1,0.5,5.0,120,0.6118329071907522,0.523090166267999,0.08874274092275325
675,unit_disk,HMXx[gO,FJ[{O,9,8,3,1.0,5.0,120,0.3973047016167391,0.4859901346321769,0.0886854330154378
420,atlas,FhMg_,Dhk,7,6,3,0.8,10.0,120,0.6961553669198688,0.7845681192910863,0.08841275237121748
428,atlas,FHS|?,Dl[,7,0,6,0.6,10.0,120,0.698665004404993,0.7870337635267468,0.08836875912175379
247,atlas,F\CoG,D\C,7,6,5,0.5,5.0,120,0.7134224080158424,0.6251365048081512,0.08828590320769125
389,atlas,Fv@h?,DwS,7,6,2,0.8333333333333334,5.0,120,0.8688922794015356,0.957142578601887,0.08825029920035143
109,atlas,En}?,C~,6,5,0,0.8,5.0,120,0.7596762511344158,0.8478905370681411,0.08821428593372527
699,unit_disk,IbI?Zp??_,GbIBq?,10,9,6,1.0,10.0,120,0.2552414603248037,0.34345536527856246,0.08821390495375875
536,atlas,FjtWO,DjS,7,6,4,1.0,5.0,120,0.5360420694094943,0.6240979723390876,0.08805590292959331
687,unit_disk,HwBBDOS,Fwp_o,9,4,7,0.8,10.0,120,0.5204478825627116,0.608219319197937,0.08777143663522546
512,atlas,FlMk?,DjS,7,6,0,1.0,10.0,120,0.29938894246563735,0.38687185836940036,0.087482915903763
90,atlas,E~a?,Cw,6,4,0,1.0,10.0,120,0.5514561041171453,0.6388697058755046,0.08741360175835933
91,atlas,E~a?,Cw,6,5,0,1.0,10.0,120,0.5514561041171453,0.6388697058755046,0.08741360175835933
290,atlas,FFwH?,D]C,7,6,2,0.5,10.0,120,0.4169801836313019,0.5043028756125115,0.08732269198120962
645,unit_disk,GODKcC,E`iG,8,1,5,0.75,5.0,120,0.7112176623684248,0.7984386004688108,0.087220938100386
144,atlas,FaOH_,DiC,7,2,6,1.0,10.0,120,0.4285787470259914,0.5157443594477858,0.08716561242179444
752,unit_disk,J@t@sQHqMR_,HL]SkeV,11,5,1,1.0,10.0,120,0.3436172728598962,0.4306353291935304,0.08701805633363424
562,atlas,Fn{@G,Dn{,7,5,6,1.0,10.0,120,0.38421032413692796,0.4711899838715571,0.08697965973462912
685,unit_disk,HGYSKNc,FJaN?,9,3,5,1.0,5.0,120,0.34499031836018357,0.43195464806516914,0.08696432970498558
635,unit_disk,Gszka?,Euu_,8,7,1,0.75,10.0,120,0.8569346237048137,0.9436773157206769,0.08674269201586327
566,atlas,FjvH?,Dns,7,6,2,1.0,10.0,120,0.4816932617856424,0.568416641396145,0.08672337961050258
53,atlas,E@dW,CL,6,0,4,0.75,10.0,120,0.7719345287131171,0.8585371953604194,0.08660266664730232
54,atlas,E@dW,CL,6,1,5,0.75,10.0,120,0.7719345287131171,0.8585371953604194,0.08660266664730232
55,atlas,E@dW,CR,6,2,3,0.75,10.0,120,0.7719345287131171,0.8585371953604194,0.08660266664730232
710,unit_disk,ITQOAqslg,GTQQtg,10,6,9,1.0,5.0,120,0.37744067794055447,0.4639765124117767,0.0865358344712222
684,unit_disk,HQOQtAO,FQUc?,9,5,3,1.0,10.0,120,0.33628179670278724,0.4226556176644035,0.08637382096161628
194,atlas,FMoG_,DpO,7,2,1,0.5,10.0,120,0.42528304990387755,0.5114693133121088,0.08618626340823121
627,atlas,Fz~y?,Dn{,7,6,1,1.0,10.0,120,0.38510123100858046,0.4711899838715571,0.08608875286297663
104,atlas,E~`_,C},6,4,0,1.0,5.0,120,0.5030819906377424,0.5887582645292148,0.08567627389147237
686,unit_disk,HwBBDOS,Fwpd_,9,3,8,0.8,10.0,120,0.5204478825627116,0.6057590194263367,0.08531113686362513
642,unit_disk,G_vMv?,Efvo,8,2,7,0.6666666666666666,10.0,120,0.7206853699400286,0.8059852189267206,0.08529984898669196
773,unit_disk,K_oSOhPab@A?,IeAOQESWO,12,11,3,1.0,5.0,120,0.4854951162575176,0.5707062903303772,0.08521117407285961
286,atlas,FEtB?,DTO,7,5,1,0.8571428571428571,5.0,120,0.894163722089122,0.9792570957429855,0.08509337365386349
461,atlas,FxqgG,Dxo,7,6,5,0.8,5.0,120,0.8183491922800858,0.9033659338768654,0.08501674159677952
460,atlas,FxqgG,D|C,7,3,2,0.8,5.0,120,0.8183491922800858,0.9033659338768646,0.08501674159677874
698,unit_disk,IbI?Zp??_,GI_Z_G,10,8,1,1.0,5.0,120,0.33788346188863294,0.4228723183642853,0.08498885647565235
273,atlas,FFwG_,DFC,7,5,4,1.0,10.0,120,0.3377490978999337,0.4226017260094157,0.08485262810948202
274,atlas,FFwG_,DFC,7,6,3,1.0,10.0,120,0.3377490978999337,0.4226017260094157,0.08485262810948202
630,unit_disk,G@nhKW,ENQO,8,1,5,1.0,5.0,120,0.6069772687422718,0.6917952004805157,0.08481793173824392
415,atlas,Fz@cO,DzW,7,4,6,1.0,10.0,120,0.2775415268343471,0.3620561984020243,0.08451467156767722
483,atlas,FyVGG,DyS,7,6,5,0.8,5.0,120,0.8485676010827955,0.932937052509635,0.08436945142683949
372,atlas,FXSwG,DZC,7,0,2,1.0,10.0,120,0.2883077993025715,0.37257388021747917,0.08426608091490767
510,atlas,FJS|?,D|[,7,0,6,0.6666666666666666,5.0,120,0.5783794047886006,0.6625381622652159,0.08415875747661528
421,atlas,FyIAg,Dk[,7,4,2,0.8,5.0,120,0.8348924355911611,0.9190406857648667,0.08414825017370564
774,unit_disk,KWYg_?zYDWVT,IWYgbQkmg,12,7,8,1.0,5.0,120,0.6058967620744109,0.6900173054217615,0.08412054334735064
331,atlas,FxU?G,DxS,7,6,5,0.6666666666666666,5.0,120,0.8350757964464158,0.919040685764866,0.08396488931845014
214,atlas,FhD@G,DiK,7,4,3,1.0,10.0,120,0.420367502336919,0.5043028756125116,0.08393537327559264
729,unit_disk,JOF_o`?F_S_,HOwQ?wT,11,7,3,0.7916666666666666,10.0,120,0.7050119363486883,0.7888251967509159,0.08381326040222759
555,atlas,FrXwG,DrW,7,6,5,1.0,5.0,120,0.48822767492961505,0.5719295896887252,0.08370191475911015
601,atlas,Fn}GG,Dn{,7,6,5,1.0,10.0,120,0.3875276703606523,0.4711899838715571,0.0836623135109048
68,atlas,EJe?,Cx,6,5,0,1.0,10.0,120,0.4729974778724055,0.5565140787866716,0.0835166009142661
25,atlas,DJ{,Bw,5,0,4,1.0,10.0,120,0.6759756240795736,0.7594697668491858,0.0834941427696122
769,unit_disk,Ke??XJOd??ym,Ie??XJOtW,12,10,9,1.0,10.0,120,0.4164784582998573,0.4997379678972269,0.08325950959736961
492,atlas,F~@cO,D~W,7,4,6,0.6666666666666666,5.0,120,0.6396269623652122,0.7228052713359552,0.08317830897074296
700,unit_disk,IGaIdYdWg,GKe|ZC,10,3,6,1.0,10.0,120,0.21451575545166787,0.29766246834507987,0.083146712893412
325,atlas,FxOWO,DxC,7,6,4,0.8333333333333334,5.0,120,0.8740364796208466,0.9571425786018872,0.0831060989810406
388,atlas,Fv@h?,DvG,7,4,5,0.6666666666666666,10.0,120,0.7160681899902179,0.7991646704340503,0.08309648044383233
145,atlas,FaOH_,DaK,7,5,4,0.5,10.0,120,0.4285787470259914,0.5114693133121094,0.08289056628611802
627,atlas,Fz~y?,Dn{,7,6,1,1.0,5.0,120,0.36361201813745564,0.44641227508365683,0.08280025694620119
281,atlas,FxSI?,DxO,7,5,4,1.0,10.0,120,0.2899543785240938,0.37257388021747956,0.08261950169338578
580,atlas,F~{OO,D~C,7,5,3,1.0,10.0,120,0.5933845501437588,0.6759756240795741,0.08259107393581533
581,atlas,F~{OO,D~C,7,6,4,1.0,10.0,120,0.5933845501437588,0.6759756240795741,0.08259107393581533
441,atlas,FhUk?,DlS,7,6,0,1.0,10.0,120,0.3639573405268366,0.4464105615516238,0.0824532210247872
540,atlas,F^Mh?,DXc,7,6,2,1.0,5.0,120,0.4409946808578044,0.523090166267999,0.08209548541019457
211,atlas,FhoG_,DhC,7,5,4,1.0,5.0,120,0.4262716268847464,0.508121826018677,0.08185019913393055
455,atlas,FZSw_,DYK,7,6,3,1.0,5.0,120,0.44128633174598625,0.523090166267999,0.08180383452201273
15,atlas,Dh_,Bo,5,3,2,1.0,10.0,120,0.5114693133121094,0.593143923572217,0.08167461026010758
16,atlas,Dh_,Bg,5,4,0,1.0,10.0,120,0.5114693133121094,0.593143923572217,0.08167461026010758
520,atlas,FlMi?,DZs,7,6,1,0.75,10.0,120,0.7053925383350999,0.7870337635267451,0.0816412251916453
735,unit_disk,JKcCs|D@GG_,HwzwgcP,11,2,1,1.0,10.0,120,0.42491938603274515,0.5064433090557888,0.08152392302304368
463,atlas,F~`_G,D~_,7,6,5,0.75,5.0,120,0.7530165267365783,0.8343983275726448,0.0813818008360665
516,atlas,F^MI?,Dzc,7,6,1,0.75,5.0,120,0.732182574359056,0.8135071887114438,0.0813246143523878
310,atlas,FFwc?,D]O,7,6,0,1.0,10.0,120,0.4231068141372544,0.504302875612512,0.0811960614752576
309,atlas,FFwc?,D]_,7,5,2,1.0,10.0,120,0.4231068141372544,0.5043028756125116,0.08119606147525726
738,unit_disk,JIHjeXQSi`_,HqvdLMb,11,0,7,1.0,10.0,120,0.31766714823289344,0.3988199074484236,0.08115275921553017
781,unit_disk,Ku?L?W_{_OGg,IwE?vGOQ_,12,8,2,1.0,10.0,120,0.331340204320757,0.41225937795052864,0.08091917362977163
650,unit_disk,Gb?W}_,E`N?,8,2,3,0.9,10.0,120,0.6575119783507842,0.5767943267579608,0.0807176515928234
369,atlas,Fju?O,Dj_,7,6,4,0.8333333333333334,5.0,120,0.8764727976073595,0.957142578601887,0.08066978099452748
634,unit_disk,G~JsGC,E~Jo,8,7,6,0.6666666666666666,10.0,120,0.692434415763143,0.7726095979321776,0.08017518216903463
744,unit_disk,JGpjY^N\k??,HM\y}}?,11,3,9,1.0,5.0,120,0.3921576064547404,0.47205603733241763,0.07989843087767723
334,atlas,FFw_G,DFw,7,6,5,1.0,10.0,120,0.36654535608969563,0.44641056155162345,0.07986520546192782
729,unit_disk,JOF_o`?F_S_,HOwQ?wT,11,7,3,0.7916666666666666,5.0,120,0.7365932338247989,0.8164091988474491,0.0798159650226502
123,atlas,FiO`?,DAO,7,3,1,1.0,5.0,120,0.6456114684356633,0.7252519169424815,0.07964044850681817
124,atlas,FiO`?,DAO,7,4,1,1.0,5.0,120,0.6456114684356633,0.7252519169424815,0.07964044850681817
122,atlas,FiO`?,DC_,7,0,1,1.0,5.0,120,0.6456114684356633,0.7252519169424813,0.07964044850681795
474,atlas,FyVI?,D`c,7,6,1,1.0,5.0,120,0.42867322251780404,0.5081218260186778,0.0794486035008738
248,atlas,FE|A?,DYO,7,2,4,1.0,5.0,120,0.7507732342890248,0.8299891303728322,0.07921589608380741
657,unit_disk,GWB_k[,EWyW,8,3,6,0.5,5.0,120,0.5045011666584872,0.4254964872957255,0.07900467936276173
673,unit_disk,HCPH_pK,FQSqo,9,2,6,0.5,5.0,120,0.6653653902179865,0.5864018288718517,0.0789635613461348
658,unit_disk,GWB_k[,EWwW,8,4,7,1.0,10.0,120,0.3669887596468838,0.4459301915118571,0.07894143186497327
408,atlas,FhMgG,DhK,7,6,5,0.8333333333333334,5.0,120,0.8782279075458552,0.957142578601887,0.07891467105603178
515,atlas,F~@_W,D~W,7,4,6,1.0,10.0,120,0.4895457369731209,0.568416641396145,0.07887090442302408
516,atlas,F^MI?,Dzc,7,6,1,0.75,10.0,120,0.7082564636017727,0.7870337635267466,0.07877729992497384
352,atlas,Fz`a?,D}_,7,4,0,0.5,5.0,120,0.702835255337626,0.6240979723390876,0.07873728299853844
473,atlas,FyuK?,DtC,7,6,0,1.0,5.0,120,0.5465658881311418,0.625136504808151,0.07857061667700915
136,atlas,FIo`?,DQO,7,3,1,0.6666666666666666,10.0,120,0.4853111375870057,0.5636989691932075,0.07838783160620177
751,unit_disk,JGeW`ID?c??,H`KaOSC,11,10,0,0.9,10.0,120,0.5027485536934833,0.5810591654935775,0.07831061180009424
746,unit_disk,JSe^T]jal~_,Htn]kf~,11,1,6,1.0,5.0,120,0.43797888888595127,0.5161366361313774,0.07815774724542612
259,atlas,FH?NW,DgC,7,0,6,1.0,5.0,120,0.6794747947707954,0.7573810758104081,0.07790628103961272
618,atlas,Fp~y?,Dn{,7,6,1,1.0,10.0,120,0.3933235539045765,0.4711899838715571,0.07786642996698057
596,atlas,F~XoO,D~[,7,6,4,0.5,5.0,120,0.5240725290588177,0.44641227508365694,0.0776602539751608
333,atlas,FLJK?,Dic,7,6,0,1.0,5.0,120,0.4455550986611239,0.523090166267999,0.07753506760687506
495,atlas,FO~s?,DFw,7,6,0,1.0,5.0,120,0.49443679313565564,0.5719295896887245,0.0774927965530689
635,unit_disk,Gszka?,Euu_,8,7,1,0.75,5.0,120,0.7649727350933792,0.842465298827926,0.07749256373454683
12,atlas,DBc,BW,5,0,4,0.5,10.0,120,0.5157443594477858,0.5931439235722177,0.07739956412443183
293,atlas,Fmo`?,D}?,7,5,2,1.0,5.0,120,0.49879484654632067,0.5760749723277331,0.07728012578141241
294,atlas,Fmo`?,D}?,7,6,2,1.0,5.0,120,0.49879484654632067,0.5760749723277331,0.07728012578141241
732,unit_disk,JjI?@Dw?pQ?,Hy@N_XS,11,5,0,0.631578947368421,10.0,120,0.6696127794108739,0.7465912716069133,0.07697849219603936
520,atlas,FlMi?,DZs,7,6,1,0.75,5.0,120,0.7365339499857579,0.8135071887114439,0.07697323872568596
710,unit_disk,ITQOAqslg,GTQQtg,10,6,9,1.0,10.0,120,0.30333997101106075,0.38022712738036785,0.0768871563693071
597,atlas,FyVx?,Dj{,7,6,2,1.0,10.0,120,0.491803335008171,0.5684166413961455,0.07661330638797442
61,atlas,EYWO,CZ,6,5,3,0.6666666666666666,5.0,120,0.7984386004688108,0.8749708955141827,0.07653229504537196
491,atlas,F^MGO,D^_,7,6,4,0.8,5.0,120,0.8272500442388258,0.9033659338768648,0.07611588963803906
24,atlas,Db[,Bw,5,0,1,0.75,5.0,120,0.9033659338768648,0.9794610736954107,0.07609513981854588
145,atlas,FaOH_,DaK,7,5,4,0.5,5.0,120,0.5836546743254898,0.508121826018677,0.07553284830681284
102,atlas,Er`o,C^,6,4,0,1.0,10.0,120,0.4210905484905187,0.49644828440924965,0.07535773591873096
691,unit_disk,HGZZRVG,FJ\}_,9,3,5,0.7272727272727273,10.0,120,0.8174401917383344,0.8927580969428155,0.07531790520448112
494,atlas,FyuGG,Dys,7,6,5,0.75,5.0,120,0.7778729026413616,0.852082732703646,0.07420983006228443
757,unit_disk,JOig?@An?b_,HOigAE{,11,7,10,1.0,5.0,120,0.43987635683741066,0.5138369979699839,0.07396064113257328
626,atlas,FK\zw,D~{,7,0,3,0.7142857142857143,10.0,120,0.8269522743516717,0.9007462754746662,0.0737940011229945
720,unit_disk,IgM?J@`B_,GkDbGo,10,3,4,0.75,5.0,120,0.621864207546903,0.695634796301261,0.07377058875435805
689,unit_disk,H`XGEYA,F`XMW,9,6,8,1.0,10.0,120,0.45029788876157584,0.5238352692522099,0.07353738049063407
107,atlas,E~@g,C~,6,4,5,0.6666666666666666,10.0,120,0.889519568203585,0.9627696029289098,0.07325003472532476
440,atlas,Fr@sO,Dr[,7,4,6,0.75,10.0,120,0.7140551568420961,0.7870337635267456,0.0729786066846495
637,unit_disk,G~aoN_,E~bo,8,6,5,0.6666666666666666,10.0,120,0.6996541269344564,0.7726095979321772,0.07295547099772082
613,atlas,F@\}w,DN{,7,0,6,1.0,10.0,120,0.495657348264709,0.5684166413961452,0.07275929313143625
12,atlas,DBc,BW,5,0,4,0.5,5.0,120,0.8299891303728322,0.7575388372825778,0.07245029309025441
574,atlas,F^NI?,Dzc,7,6,1,0.75,10.0,120,0.7146650612175465,0.7870337635267466,0.07236870230920012
460,atlas,FxqgG,D|C,7,3,2,0.8,10.0,120,0.7269202716045006,0.7991646704340492,0.07224439882954858
461,atlas,FxqgG,Dxo,7,6,5,0.8,10.0,120,0.7269202716045006,0.7991646704340487,0.07224439882954814
507,atlas,FlMgG,DlK,7,6,5,0.8,10.0,120,0.7124854274575249,0.7845681192910863,0.07208269183356142
503,atlas,FlfOO,Dls,7,6,4,0.75,5.0,120,0.7417338594872297,0.8135071887114442,0.07177332922421453
704,unit_disk,IATK`DWQG,GTdDcc,10,0,6,1.0,10.0,120,0.20919146419199924,0.28091208874874024,0.071720624556741
750,unit_disk,JGeW`ID?c??,HGeXKM?,11,9,6,0.7,5.0,120,0.7002358907304099,0.771730085612539,0.07149419488212905
749,unit_disk,JGeW`ID?c??,H^OSgQ?,11,1,2,0.7,5.0,120,0.7002358907304099,0.7717300856125379,0.07149419488212794
528,atlas,Fn{_O,D~C,7,5,2,0.75,5.0,120,0.7631115714967536,0.8343983275726448,0.07128675607589119
217,atlas,FIo`G,DqS,7,0,4,0.625,10.0,120,0.7093792196396136,0.7804965830877042,0.07111736344809061
69,atlas,EBy?,C],6,5,0,0.6666666666666666,5.0,120,0.7453078885875649,0.8162416695660463,0.07093378097848135
576,atlas,FrX{?,D]{,7,6,0,0.6666666666666666,10.0,120,0.6350652742721321,0.7058580496123525,0.07079277534022044
707,unit_disk,IoaG{^l@o,Gse^wW,10,3,6,1.0,10.0,120,0.19363695306430712,0.26438930575398006,0.07075235268967295
697,unit_disk,HDc|~a@,F\^{?,9,1,7,1.0,5.0,120,0.27122594927131743,0.3417954462738225,0.07056949700250509
652,unit_disk,G`k|x{,E~~w,8,1,0,0.6,10.0,120,0.7017816414542167,0.6312377490453522,0.0705438924088645
622,atlas,F~~I?,D~c,7,6,1,1.0,10.0,120,0.4982591624133921,0.5684166413961457,0.0701574789827536
747,unit_disk,JMYAsIT`W_?,HJ`SSUJ,11,10,3,1.0,5.0,120,0.30920856517209394,0.3792063258545475,0.06999776068245356
361,atlas,FjuA?,DL_,7,6,1,1.0,5.0,120,0.4382563977437593,0.508121826018678,0.06986542827491865
738,unit_disk,JIHjeXQSi`_,HqvdLMb,11,0,7,1.0,5.0,120,0.1912637349797503,0.26101244306929783,0.06974870808954753
448,atlas,F~`c?,D}?,7,4,0,1.0,5.0,120,0.5070664650569882,0.5760749723277331,0.06900850727074492
449,atlas,F~`c?,Dwo,7,6,0,1.0,5.0,120,0.5070664650569882,0.5760749723277324,0.06900850727074426
450,atlas,F~`__,D}G,7,4,0,0.8,5.0,120,0.8343735521718043,0.9033659338768653,0.06899238170506095
451,atlas,F~`__,D{W,7,6,3,0.8,5.0,120,0.8343735521718043,0.9033659338768653,0.06899238170506095
430,atlas,FhdWG,Dhc,7,6,5,0.8333333333333334,5.0,120,0.9118476076815957,0.9806165797512272,0.0687689720696315
777,unit_disk,KA@PAiGVrKbi,IOhDT~LMo,12,0,8,0.8571428571428571,10.0,120,0.56791580079699,0.6366233693578179,0.06870756856082794
434,atlas,FhdY?,DLK,7,6,1,1.0,10.0,120,0.3038682455679056,0.37257388021748183,0.06870563464957624
523,atlas,FlUk?,DlS,7,6,0,1.0,10.0,120,0.3778510478908816,0.4464105615516238,0.0685595136607422
782,unit_disk,Ku?L?W_{_OGg,IuA_PBsQ_,12,10,4,0.8333333333333334,5.0,120,0.4644995592117405,0.5326352984399727,0.06813573922823218
507,atlas,FlMgG,DlK,7,6,5,0.8,5.0,120,0.8510954601298746,0.9190406857648667,0.06794522563499217
387,atlas,Fv`_G,Dv_,7,6,5,1.0,10.0,120,0.31932110029286714,0.3868718583694009,0.06755075807653377
205,atlas,FMoa?,D]O,7,5,2,0.5,10.0,120,0.43690020304583244,0.504302875612512,0.06740267256667953
475,atlas,F~aK?,DwC,7,6,0,1.0,10.0,120,0.6544141077390121,0.7217680358722727,0.06735392813326058
150,atlas,Fk_G_,DkC,7,5,4,1.0,10.0,120,0.4442517571058112,0.5114693133121097,0.06721755620629843
151,atlas,Fk_G_,DkC,7,6,3,1.0,10.0,120,0.4442517571058112,0.5114693133121097,0.06721755620629843
149,atlas,Fk_G_,DpO,7,2,1,1.0,10.0,120,0.4442517571058112,0.5114693133121088,0.06721755620629755
676,unit_disk,H@MKIc{,FJeJo,9,1,7,0.7142857142857143,10.0,120,0.7216274694910061,0.7887639590975044,0.06713648960649832
360,atlas,FjuA?,D|_,7,5,0,1.0,10.0,120,0.3198764268838106,0.38687185836940063,0.06699543148559
632,unit_disk,Gxw?cG,E~AG,8,6,3,0.5833333333333334,10.0,120,0.8442900589800324,0.9111265344784899,0.0668364754984575
631,unit_disk,Gxw?cG,ExwO,8,5,7,0.5833333333333334,10.0,120,0.8442900589800324,0.9111265344784898,0.06683647549845739
645,unit_disk,GODKcC,E`iG,8,1,5,0.75,10.0,120,0.47853881991098013,0.5453291188354707,0.06679029892449062
791,unit_disk,KeFX@DbGz`c?,Ix{?IKFWW,12,11,2,1.0,5.0,120,0.26580215597729595,0.33218099781927274,0.06637884184197679
357,atlas,FjsG_,DmC,7,6,3,1.0,5.0,120,0.558807508931108,0.6251365048081512,0.06632899587704322
356,atlas,FjsG_,DjC,7,5,4,1.0,5.0,120,0.558807508931108,0.625136504808151,0.066328995877043
786,unit_disk,KC_uSTaD?U@?,ICNCJGW@_,12,11,4,1.0,10.0,120,0.13480266895586152,0.20110010697626837,0.06629743802040686
472,atlas,F|e__,D{g,7,6,3,1.0,5.0,120,0.5581969487615621,0.6240979723390879,0.06590102357752581
736,unit_disk,J_jMMMKTtX?,HdvM[qx,11,3,9,1.0,5.0,120,0.32632675743945694,0.3913791830091738,0.06505242556971685
389,atlas,Fv@h?,DwS,7,6,2,0.8333333333333334,10.0,120,0.7160681899902179,0.7804965830877038,0.06442839309748583
518,atlas,FO~q?,Dfw,7,6,1,0.6,10.0,120,0.7228247752055237,0.7870337635267455,0.0642089883212218
755,unit_disk,JOig?@An?b_,Hes?Fob,11,1,8,1.0,5.0,120,0.43987635683741066,0.503976486256785,0.06410012941937437
756,unit_disk,JOig?@An?b_,HOigDwR,11,6,8,1.0,5.0,120,0.43987635683741066,0.5039764862567846,0.06410012941937393
489,atlas,FPzs?,DMw,7,6,0,0.8,5.0,120,0.8552573960363222,0.9190406857648667,0.06378328972854452
544,atlas,F@`zw,DN{,7,0,4,0.5,5.0,120,0.7865337671520631,0.7228052713359555,0.06372849581610762
546,atlas,F^Mk?,DzS,7,6,0,0.75,5.0,120,0.7884405035308153,0.8520827327036455,0.06364222917283024
567,atlas,F^Mi?,Dzs,7,6,1,0.6666666666666666,10.0,120,0.6423467595493111,0.7058580496123525,0.06351129006304146
305,atlas,FhogG,DxC,7,3,2,0.7142857142857143,10.0,120,0.7172045986724648,0.7804965830877041,0.06329198441523931
306,atlas,FhogG,Dho,7,6,5,0.7142857142857143,10.0,120,0.7172045986724648,0.7804965830877035,0.06329198441523876
767,unit_disk,Ke??XJOd??ym,Iw?^DO@yo,12,2,7,1.0,10.0,120,0.4164784582998573,0.47946885645824977,0.06299039815839247
667,unit_disk,HQAdIbH,FQii_,9,4,8,0.8,5.0,120,0.7676583770729111,0.8304757758129407,0.06281739874002967
480,atlas,FPzp?,DEw,7,6,2,1.0,5.0,120,0.46029446487312875,0.5230901662679984,0.06279570139486967
373,atlas,FXSwG,DXS,7,6,5,1.0,5.0,120,0.4603110095204185,0.5230901662679988,0.06277915674758028
62,atlas,E]_O,Cp,6,4,0,0.75,10.0,120,0.79576783890113,0.8585371953604191,0.06276935645928905
63,atlas,E]_O,C[,6,5,3,0.75,10.0,120,0.79576783890113,0.8585371953604184,0.06276935645928838
230,atlas,FIc`G,DqS,7,0,4,0.7142857142857143,5.0,120,0.8945743732749397,0.9571425786018867,0.06256820532694696
510,atlas,FJS|?,D|[,7,0,6,0.6666666666666666,10.0,120,0.6435909533905686,0.7058580496123528,0.06226709622178417
688,unit_disk,H`XGEYA,FjBsO,9,3,2,0.6666666666666666,5.0,120,0.39367869066186056,0.4556121000884406,0.061933409426580044
63,atlas,E]_O,C[,6,5,3,0.75,5.0,120,0.9075198454541126,0.9693177125537377,0.06179786709962509
62,atlas,E]_O,Cp,6,4,0,0.75,5.0,120,0.9075198454541126,0.9693177125537372,0.06179786709962465
312,atlas,FwaK_,D{c,7,3,6,0.5,10.0,120,0.7943443908693425,0.7327653492250138,0.0615790416443287
430,atlas,FhdWG,Dhc,7,6,5,0.8333333333333334,10.0,120,0.7018421103452621,0.7633954027225963,0.0615532923773342
719,unit_disk,I|OCH?@`_,G|OCKK,10,8,7,0.5882352941176471,10.0,120,0.6845250678497719,0.7452393904714653,0.060714322621693406
705,unit_disk,IATK`DWQG,GJUbac,10,2,7,0.5,5.0,120,0.3742948233628508,0.3138213809185652,0.0604734424442856
278,atlas,FeoJ?,DeW,7,5,4,0.7142857142857143,5.0,120,0.8974692314997679,0.9571425786018872,0.059673347102119356
253,atlas,F[EoG,D[C,7,6,5,1.0,5.0,120,0.4485513596842654,0.5081218260186773,0.059570466334411876
764,unit_disk,K?dYlY?O@QtH,I@mis@RSg,12,8,0,1.0,10.0,120,0.15711697659229212,0.21613614305360762,0.0590191664613155
768,unit_disk,Ke??XJOd??ym,Ie?mco@vo,12,4,6,1.0,10.0,120,0.4164784582998573,0.4754746792311527,0.05899622093129542
251,atlas,F[EoG,DmC,7,1,2,1.0,10.0,120,0.3136453889737942,0.3725738802174793,0.0589284912436851
252,atlas,F[EoG,D\C,7,4,3,1.0,10.0,120,0.3136453889737942,0.372573880217479,0.05892849124368482
630,unit_disk,G@nhKW,ENQO,8,1,5,1.0,10.0,120,0.36326509153717557,0.4217142932199376,0.05844920168276202
324,atlas,Fgogg,DmK,7,3,6,0.6666666666666666,5.0,120,0.8608884306314253,0.9190406857648662,0.05815225513344091
302,atlas,FjCHO,DjG,7,5,4,1.0,10.0,120,0.31498974089363135,0.37257388021747917,0.057584139323847816
776,unit_disk,K~{esVw?oC?I,I~{cVoA?g,12,10,6,0.9285714285714286,10.0,120,0.4462185526004788,0.5037870929247796,0.05756854032430081
270,atlas,FhDb?,DjW,7,4,3,0.5,5.0,120,0.6815006778786326,0.6240979723390876,0.05740270553954496
605,atlas,F}BJg,D}[,7,4,5,0.6666666666666666,10.0,120,0.6485044726914431,0.7058580496123525,0.05735357692090948
304,atlas,F`DbG,Db[,7,4,3,0.6666666666666666,5.0,120,0.8463116983740677,0.9033659338768648,0.05705423550279709
316,atlas,FK{@G,DK{,7,5,6,0.6666666666666666,5.0,120,0.8759171334688328,0.9329370525096352,0.05701991904080239
323,atlas,FFwGG,DFw,7,6,5,0.5,5.0,120,0.6287060236206587,0.5719295896887245,0.05677643393193421
623,atlas,FB\|w,D^{,7,0,6,1.0,5.0,120,0.3902260534724926,0.44641227508365694,0.05618622161116432
375,atlas,F~_?g,D~_,7,5,6,0.6,10.0,120,0.6199927941775206,0.6759756240795742,0.05598282990205361
40,atlas,EiGO,Ch,6,4,2,0.6,10.0,120,0.8042468172642664,0.8585371953604195,0.054290378096153113
41,atlas,EiGO,Ch,6,5,3,0.6,10.0,120,0.8042468172642664,0.8585371953604195,0.054290378096153113
212,atlas,FhoG_,DmC,7,6,3,1.0,10.0,120,0.31831241033095425,0.3725738802174793,0.05426146988652503
489,atlas,FPzs?,DMw,7,6,0,0.8,10.0,120,0.7305098669444017,0.7845681192910867,0.05405825234668504
471,atlas,F?~y?,DF{,7,6,1,0.5,5.0,120,0.7116310615167827,0.657630861274325,0.05400020024245766
401,atlas,FB}H?,DNc,7,6,2,0.6666666666666666,5.0,120,0.8793040818019436,0.932937052509635,0.05363297070769135
53,atlas,E@dW,CL,6,0,4,0.75,5.0,120,0.9158899880436606,0.9693177125537372,0.0534277245100766
54,atlas,E@dW,CL,6,1,5,0.75,5.0,120,0.9158899880436606,0.9693177125537372,0.0534277245100766
55,atlas,E@dW,CR,6,2,3,0.75,5.0,120,0.9158899880436606,0.9693177125537372,0.0534277245100766
663,unit_disk,G@s{wg,EJko,8,1,4,1.0,5.0,120,0.6399722236380933,0.6933826594340053,0.05341043579591209
728,unit_disk,I`?U@SrA?,G`F@Hk,10,9,4,0.6428571428571429,5.0,120,0.7757589037694925,0.8289045962945941,0.053145692525101595
205,atlas,FMoa?,D]O,7,5,2,0.5,5.0,120,0.5761966007368602,0.5230901662679986,0.05310643446886154
609,atlas,F@\|w,DN{,7,0,6,1.0,10.0,120,0.515631013360977,0.5684166413961452,0.052785628035168175
765,unit_disk,Key[[MF`yo?W,I|e[{|_B?,12,2,4,0.8181818181818182,10.0,120,0.5073283200376126,0.5599607499734031,0.052632429935790426
84,atlas,EB}?,C^,6,5,0,0.5,5.0,120,0.6411181489144789,0.5887582645292149,0.052359884385264066
791,unit_disk,KeFX@DbGz`c?,Ix{?IKFWW,12,11,2,1.0,10.0,120,0.21443033215104904,0.26672138357543707,0.05229105142438803
323,atlas,FFwGG,DFw,7,6,5,0.5,10.0,120,0.3941989968401166,0.44641056155162345,0.05221156471150684
403,atlas,FyQAg,DcK,7,4,1,1.0,5.0,120,0.4561898387642658,0.508121826018677,0.05193198725441117
660,unit_disk,GJXngG,EJZo,8,7,5,1.0,5.0,120,0.45129796251864246,0.5030819906377428,0.05178402811910038
659,unit_disk,GJXngG,E}sG,8,0,6,1.0,5.0,120,0.45129796251864246,0.5030819906377426,0.051784028119100156
406,atlas,FjsGG,Djs,7,6,5,0.6,10.0,120,0.6454189155779082,0.6971628964984188,0.05174398092051058
701,unit_disk,I?T@IoB_G,GD`L_K,10,0,9,1.0,10.0,120,0.3206727886724556,0.37240843755805986,0.05173564888560428
101,atlas,E~AG,C~,6,4,5,0.5714285714285714,10.0,120,0.9111265344784899,0.9627696029289098,0.05164306845041988
179,atlas,FhoGO,DxG,7,3,2,0.6666666666666666,10.0,120,0.4822891960930268,0.533862163692739,0.051572967599712194
87,atlas,EJy?,C},6,5,0,1.0,10.0,120,0.4451571600120005,0.4964482844092489,0.05129112439724837
539,atlas,FjtWG,Djs,7,6,5,0.75,5.0,120,0.8009255535631333,0.8520827327036458,0.05115717914051243
623,atlas,FB\|w,D^{,7,0,6,1.0,10.0,120,0.4200965658021167,0.47118998387155664,0.051093418069439955
332,atlas,FHhGg,DkK,7,0,4,0.7142857142857143,10.0,120,0.7123257409488477,0.7633954027225963,0.05106966177374861
84,atlas,EB}?,C^,6,5,0,0.5,10.0,120,0.4459301915118564,0.49644828440924965,0.05051809289739323
39,atlas,EiGO,CQ,6,0,1,0.8,5.0,120,0.9493061499801354,0.9995835327851986,0.05027738280506322
786,unit_disk,KC_uSTaD?U@?,ICNCJGW@_,12,11,4,1.0,5.0,120,0.19558247114756855,0.24580574123158366,0.050223270084015115
649,unit_disk,GAE[HC,EHmG,8,2,7,0.6666666666666666,5.0,120,0.6416417527856693,0.6917952004805155,0.0501534476948462
501,atlas,Fl{?W,Dl{,7,5,6,0.5,5.0,120,0.7126703450057188,0.6625381622652159,0.050132182740502906
771,unit_disk,KOCI?Eo?sfgY,IOOL_Y^RO,12,5,4,1.0,10.0,120,0.29996829893969057,0.34961961926848506,0.04965132032879449
789,unit_disk,K?SfGBBH??O@,I?SfGBBH?,12,10,11,1.0,10.0,120,0.20591414031197647,0.25542774209638647,0.04951360178441
787,unit_disk,K?SfGBBH??O@,I@{EX_?_G,12,3,4,1.0,10.0,120,0.20591414031197647,0.25542774209638636,0.04951360178440989
179,atlas,FhoGO,DxG,7,3,2,0.6666666666666666,5.0,120,0.8148871696113813,0.864329692688148,0.049442523076766665
318,atlas,F_{p?,DfG,7,6,2,0.7142857142857143,5.0,120,0.9079085637781292,0.9571425786018872,0.049234014823758
763,unit_disk,K@aASYNQiSrK,ISYtzThh_,12,2,3,0.8333333333333334,10.0,120,0.46906134912795405,0.517914560782644,0.04885321165468992
423,atlas,Flea?,D\o,7,6,1,0.6666666666666666,10.0,120,0.7357172633872886,0.7845681192910869,0.04885085590379834
644,unit_disk,GyFs?O,Ey}?,8,7,4,1.0,10.0,120,0.3074728023051881,0.3563064191281729,0.048833616822984816
285,atlas,FEtB?,D^O,7,2,6,0.5714285714285714,10.0,120,0.7504063574694426,0.7991646704340489,0.04875831296460631
723,unit_disk,I`TXExKC?,GaSeqo,10,9,3,0.8888888888888888,5.0,120,0.7114728049930147,0.7601209633068756,0.048648158313860934
700,unit_disk,IGaIdYdWg,GKe|ZC,10,3,6,1.0,5.0,120,0.12937295179950598,0.17774310014690084,0.048370148347394865
279,atlas,Fewa?,D}O,7,5,2,1.0,10.0,120,0.33861575885162604,0.38687185836940036,0.04825609951777432
416,atlas,F?~q?,DFw,7,6,1,0.5,10.0,120,0.3984644409553353,0.44641056155162345,0.047946120596288166
366,atlas,F~a?G,DwC,7,4,0,1.0,10.0,120,0.6739676975464446,0.7217680358722727,0.047800338325828085
705,unit_disk,IATK`DWQG,GJUbac,10,2,7,0.5,10.0,120,0.20919146419199924,0.25687830110813215,0.0476868369161329
709,unit_disk,IOdAGy\P_,GKdrko,10,2,0,0.6666666666666666,10.0,120,0.8017577979058629,0.849307767790674,0.04754996988481108
218,atlas,FIo`G,DQS,7,3,1,0.75,5.0,120,0.9321775320899555,0.9792570957429855,0.04707956365303001
664,unit_disk,GApXHK,ETTW,8,0,4,0.7,10.0,120,0.7452393904714653,0.7920346792296811,0.046795288758215814
754,unit_disk,J`wFOG?P]D?,HwwOAnI,11,3,2,0.7333333333333333,5.0,120,0.6517687872735732,0.6985392045975387,0.046770417323965474
97,atlas,Ez`_,C},6,4,0,0.5,10.0,120,0.44978508145265567,0.4964482844092489,0.04666320295659321
714,unit_disk,IvvyTYsC?,Gu|TtO,10,9,3,1.0,5.0,120,0.3728114136951194,0.41934252195868316,0.04653110826356377
652,unit_disk,G`k|x{,E~~w,8,1,0,0.6,5.0,120,0.5524383008642951,0.5060519858067137,0.046386315057581395
664,unit_disk,GApXHK,ETTW,8,0,4,0.7,5.0,120,0.8539934609118358,0.8997354527491835,0.04574199183734773
677,unit_disk,HGadH`e,FKijW,9,3,7,0.5,5.0,120,0.5517722553369518,0.5060602252741973,0.045712030062754594
682,unit_disk,H\hvy?G,F}Zw_,9,7,1,1.0,10.0,120,0.34775508845851977,0.3933235539045769,0.04556846544605714
683,unit_disk,H\hvy?G,F\^y?,9,8,4,1.0,10.0,120,0.34775508845851977,0.3933235539045769,0.04556846544605714
654,unit_disk,GPae?O,EkoO,8,1,6,0.6,5.0,120,0.7529986483896345,0.7984386004688107,0.04543995207917617
656,unit_disk,GPae?O,EPj?,8,7,4,0.6,5.0,120,0.7529986483896345,0.7984386004688103,0.04543995207917584
332,atlas,FHhGg,DkK,7,0,4,0.7142857142857143,5.0,120,0.9352006566149752,0.9806165797512272,0.04541592313625198
270,atlas,FhDb?,DjW,7,4,3,0.5,10.0,120,0.342117802113887,0.3868718583694009,0.04475405625551393
492,atlas,F~@cO,D~W,7,4,6,0.6666666666666666,10.0,120,0.5238352692522101,0.568416641396145,0.04458137214393487
741,unit_disk,JeBVhFSrml_,HevxMr\,11,4,9,0.8666666666666667,5.0,120,0.6101314742941406,0.5656205947984894,0.044510879495651245
576,atlas,FrX{?,D]{,7,6,0,0.6666666666666666,5.0,120,0.6184537488335156,0.6625381622652154,0.04408441343169989
549,atlas,Fjt[?,D|k,7,6,0,0.6666666666666666,5.0,120,0.6797950593085018,0.7228052713359555,0.0430102120274537
677,unit_disk,HGadH`e,FKijW,9,3,7,0.5,10.0,120,0.40209549010039847,0.4450883861432097,0.04299289604281126
296,atlas,Fh?JW,D`[,7,3,2,0.7142857142857143,5.0,120,0.9146651501949433,0.9571425786018872,0.04247742840694391
295,atlas,Fh?JW,D`k,7,0,1,0.7142857142857143,5.0,120,0.9146651501949433,0.957142578601887,0.042477428406943685
496,atlas,FyVH?,Djs,7,6,2,0.75,10.0,120,0.6546978777294221,0.6971628964984188,0.042465018768996665
785,unit_disk,KKYRWhit?ADS,IKYRZVSIo,12,10,7,0.75,10.0,120,0.3693088679456573,0.41132875082894005,0.04201988288328273
643,unit_disk,GyFs?O,EpwO,8,6,0,1.0,5.0,120,0.3113887627189673,0.3532894775303895,0.04190071481142216
146,atlas,FEW`?,DYO,7,0,3,0.6666666666666666,10.0,120,0.47387842284007087,0.5157443594477867,0.04186593660771587
717,unit_disk,I`Ks@EAIO,G}AGTG,10,1,0,1.0,5.0,120,0.22780843180543847,0.2695180984517087,0.04170966664627024
669,unit_disk,H@RB`Dr,FKXJW,9,4,1,0.6666666666666666,5.0,120,0.4880225378857351,0.4463193073647168,0.041703230521018264
792,unit_disk,KGCYwEU_BEK@,I`MwHZEoG,12,9,0,1.0,10.0,120,0.27801523066909467,0.3195779737671492,0.04156274309805452
305,atlas,FhogG,DxC,7,3,2,0.7142857142857143,5.0,120,0.9159302733284341,0.9571425786018872,0.0412123052734531
306,atlas,FhogG,Dho,7,6,5,0.7142857142857143,5.0,120,0.9159302733284341,0.9571425786018872,0.0412123052734531
32,atlas,EhP?,Ci,6,3,2,0.5,10.0,120,0.47393778528529024,0.5148959499630903,0.04095816467780006
619,atlas,F~{WG,D~{,7,6,5,0.625,5.0,120,0.6848761449944021,0.6440781364789318,0.04079800851547033
176,atlas,FhoI?,DxO,7,3,2,0.5,5.0,120,0.6659318359760954,0.6251365048081512,0.040795331167944204
560,atlas,FrXwO,Dr[,7,6,4,0.75,5.0,120,0.7729098098963679,0.8135071887114438,0.04059737881507586
722,unit_disk,I`TXExKC?,Gb^yp?,10,6,2,0.5555555555555556,10.0,120,0.6160310321881315,0.6564270310547046,0.04039599886657308
146,atlas,FEW`?,DYO,7,0,3,0.6666666666666666,5.0,120,0.7897294818214113,0.8299891303728322,0.040259648551420835
168,atlas,FkoK?,Dk_,7,5,4,0.6666666666666666,10.0,120,0.47557735545460655,0.5157443594477862,0.04016700399317963
166,atlas,FkoK?,Dp_,7,2,1,0.6666666666666666,10.0,120,0.47557735545460655,0.5157443594477851,0.04016700399317852
628,atlas,Fz~{?,D~{,7,6,0,0.8333333333333334,5.0,120,0.6040136732467777,0.6440781364789318,0.04006446323215407
135,atlas,FIo`?,DqO,7,0,4,0.6666666666666666,5.0,120,0.7901071354985947,0.8299891303728327,0.03988199487423805
401,atlas,FB}H?,DNc,7,6,2,0.6666666666666666,10.0,120,0.7725802488463395,0.732765349225014,0.03981489962132545
215,atlas,FhoGG,DxC,7,3,2,0.625,10.0,120,0.7406906274222047,0.7804965830877041,0.03980595566549938
216,atlas,FhoGG,Dho,7,6,5,0.625,10.0,120,0.7406906274222047,0.7804965830877035,0.03980595566549883
117,atlas,FhG`?,Ds_,7,0,1,0.5,10.0,120,0.38284442194563384,0.42260172600941454,0.039757304063780696
24,atlas,Db[,Bw,5,0,1,0.75,10.0,120,0.7991646704340492,0.7594697668491858,0.039694903584863384
556,atlas,Fn{GG,Dn{,7,6,5,0.5,5.0,120,0.48599013463217694,0.44641227508365683,0.03957785954852011
187,atlas,FiG`G,DgC,7,4,2,1.0,5.0,120,0.718032074346006,0.7573810758104081,0.03934900146440212
688,unit_disk,H`XGEYA,FjBsO,9,3,2,0.6666666666666666,10.0,120,0.45029788876157584,0.48954573697312215,0.03924784821154631
666,unit_disk,GmCBCG,EmD_,8,5,7,1.0,10.0,120,0.38249226189656826,0.4217142932199374,0.039222031323369155
653,unit_disk,G[GjYC,Ej}G,8,3,0,0.5555555555555556,10.0,120,0.8287834127288765,0.8678135657527035,0.03903015302382706
761,unit_disk,KPMlHo|WHraL,IjvJbtrGw,12,1,9,0.5,10.0,120,0.4841910081627457,0.5227362433078233,0.03854523514507763
491,atlas,F^MGO,D^_,7,6,4,0.8,10.0,120,0.7607326562143173,0.7991646704340496,0.0384320142197323
183,atlas,FHAgg,DDS,7,1,2,0.6666666666666666,10.0,120,0.4774353128470734,0.5157443594477862,0.03830904660071277
721,unit_disk,IaFEKKgE?,GhrKX_,10,2,8,0.6666666666666666,5.0,120,0.2724428175516686,0.31031022931192026,0.03786741176025166
232,atlas,FPq?g,DkK,7,1,4,0.625,5.0,120,0.942888043127676,0.9806165797512272,0.037728536623551134
785,unit_disk,KKYRWhit?ADS,IKYRZVSIo,12,10,7,0.75,5.0,120,0.20318576367567326,0.24047410388133864,0.03728834020566538
232,atlas,FPq?g,DkK,7,1,4,0.625,10.0,120,0.726138277222805,0.7633954027225963,0.03725712549979132
660,unit_disk,GJXngG,EJZo,8,7,5,1.0,10.0,120,0.3191685700385407,0.3563064191281749,0.03713784908963419
659,unit_disk,GJXngG,E}sG,8,0,6,1.0,10.0,120,0.3191685700385407,0.3563064191281721,0.037137849089631414
549,atlas,Fjt[?,D|k,7,6,0,0.6666666666666666,10.0,120,0.5315203118030404,0.5684166413961457,0.03689632959310529
726,unit_disk,Iep??SCXG,Gep?JK,10,6,7,1.0,10.0,120,0.2651148436953455,0.30173229085053443,0.03661744715518894
742,unit_disk,J~Bvnf@}^n_,H~~~mF~,11,4,9,1.0,5.0,120,0.4291921520391386,0.4655940299052627,0.036401877866124144
574,atlas,F^NI?,Dzc,7,6,1,0.75,5.0,120,0.7771145173173346,0.8135071887114438,0.03639267139410918
745,unit_disk,JGpjY^N\k??,Hcv[{~l,11,10,0,0.75,10.0,120,0.5358430667334881,0.5721287289109802,0.03628566217749207
425,atlas,Fv@cO,DvW,7,4,6,0.6,5.0,120,0.7772925139004815,0.8135071887114438,0.0362146748109623
725,unit_disk,Iep??SCXG,G}O?gO,10,2,9,1.0,5.0,120,0.3652140731658424,0.40138605642814074,0.03617198326229831
668,unit_disk,H@RB`Dr,FKxNW,9,0,5,0.6666666666666666,5.0,120,0.4880225378857351,0.5240725290588173,0.03604999117308222
745,unit_disk,JGpjY^N\k??,Hcv[{~l,11,10,0,0.75,5.0,120,0.3921576064547404,0.4279607775591394,0.03580317110439901
481,atlas,F~@`O,D~W,7,4,6,0.5,5.0,120,0.7584107395286176,0.7228052713359552,0.035605468192662415
762,unit_disk,Kut^vtWwvv_G,Iut^qra}w,12,11,7,1.0,5.0,120,0.35581665983275046,0.39140748172169726,0.0355908218889468
748,unit_disk,J`~?GCwpEW_,H`~@uJL,11,7,6,0.5666666666666667,10.0,120,0.8029650884149825,0.838539651523734,0.03557456310875151
764,unit_disk,K?dYlY?O@QtH,I@mis@RSg,12,8,0,1.0,5.0,120,0.09642912198648386,0.13185941769453693,0.035430295708053075
761,unit_disk,KPMlHo|WHraL,IjvJbtrGw,12,1,9,0.5,5.0,120,0.2536447760954826,0.21840677064240854,0.03523800545307404
239,atlas,FexA?,DyO,7,2,4,0.6666666666666666,10.0,120,0.49872708861688997,0.5338621636927388,0.03513507507584879
129,atlas,FiOG_,DiC,7,5,4,0.5,5.0,120,0.8649023962656965,0.8299891303728326,0.03491326589286392
130,atlas,FiOG_,DiC,7,6,3,0.5,5.0,120,0.8649023962656965,0.8299891303728326,0.03491326589286392
676,unit_disk,H@MKIc{,FJeJo,9,1,7,0.7142857142857143,5.0,120,0.7836074676320695,0.8184162595584734,0.03480879192640396
649,unit_disk,GAE[HC,EHmG,8,2,7,0.6666666666666666,10.0,120,0.3870900762578793,0.42171429321993714,0.03462421696205786
739,unit_disk,JJ\|?H~?O?_,H~{NwG@,11,0,6,0.5714285714285714,5.0,120,0.38370767290511154,0.34913573701565787,0.034571935889453675
215,atlas,FhoGG,DxC,7,3,2,0.625,5.0,120,0.9226395017463417,0.9571425786018872,0.034503076855545545
216,atlas,FhoGG,Dho,7,6,5,0.625,5.0,120,0.9226395017463417,0.9571425786018872,0.034503076855545545
388,atlas,Fv@h?,DvG,7,4,5,0.6666666666666666,5.0,120,0.8688922794015356,0.9033659338768646,0.03447365447532902
239,atlas,FexA?,DyO,7,2,4,0.6666666666666666,5.0,120,0.8302095309706163,0.864329692688148,0.03412016171753163
730,unit_disk,JOF_o`?F_S_,H`op@wT,11,8,1,0.5833333333333334,10.0,120,0.7050119363486883,0.6709316384467034,0.03408029790198486
556,atlas,Fn{GG,Dn{,7,6,5,0.5,10.0,120,0.4372528897992766,0.4711899838715571,0.03393709407228046
413,atlas,Fle__,Dkg,7,6,3,1.0,5.0,120,0.48953009917325147,0.5230901662679988,0.03356006709474729
782,unit_disk,Ku?L?W_{_OGg,IuA_PBsQ_,12,10,4,0.8333333333333334,10.0,120,0.331340204320757,0.3646750147573766,0.03333481043661962
381,atlas,Fz`_G,Dz_,7,6,5,0.6666666666666666,5.0,120,0.8702000660432629,0.9033659338768654,0.033165867833602425
380,atlas,Fz`_G,D}C,7,4,0,0.6666666666666666,5.0,120,0.8702000660432629,0.9033659338768653,0.033165867833602314
718,unit_disk,I|OCH?@`_,Gwd?Ko,10,4,1,0.6470588235294118,10.0,120,0.6845250678497719,0.7176223035845896,0.03309723573481771
136,atlas,FIo`?,DQO,7,3,1,0.6666666666666666,5.0,120,0.7901071354985947,0.7573810758104073,0.032726059688187426
410,atlas,Fxea?,Dlo,7,6,1,0.6666666666666666,5.0,120,0.8868539707517717,0.9190406857648661,0.032186715013094336
732,unit_disk,JjI?@Dw?pQ?,Hy@N_XS,11,5,0,0.631578947368421,5.0,120,0.7280894309081687,0.7602142949164923,0.032124864008323595
176,atlas,FhoI?,DxO,7,3,2,0.5,10.0,120,0.3406509581368581,0.37257388021747956,0.031922922080621474
779,unit_disk,K`ouUs?NpgaC,I`ouUs~LG,12,8,11,0.5526315789473685,10.0,120,0.8530289588340245,0.8848118802579112,0.03178292142388672
331,atlas,FxU?G,DxS,7,6,5,0.6666666666666666,10.0,120,0.7528403906262493,0.7845681192910869,0.03172772866483764
638,unit_disk,GTn||{,E~~w,8,1,5,1.0,5.0,120,0.47439675601482445,0.5060519858067137,0.03165522979188928
282,atlas,FxSI?,DhC,7,6,1,1.0,5.0,120,0.47672151359975756,0.508121826018677,0.031400312418919385
57,atlas,EG}?,Cf,6,5,0,0.5,5.0,120,0.9062746059554863,0.8749708955141825,0.031303710441303756
129,atlas,FiOG_,DiC,7,5,4,0.5,10.0,120,0.48449225356979014,0.5157443594477858,0.031252105877995706
130,atlas,FiOG_,DiC,7,6,3,0.5,10.0,120,0.48449225356979014,0.5157443594477858,0.031252105877995706
657,unit_disk,GWB_k[,EWyW,8,3,6,0.5,10.0,120,0.3669887596468838,0.39807789336615357,0.031089133719269746
501,atlas,Fl{?W,Dl{,7,5,6,0.5,10.0,120,0.6749687073585888,0.7058580496123535,0.030889342253764718
5,atlas,Ck,A_,4,2,1,0.6666666666666666,5.0,120,0.969317712553737,0.9997917447074598,0.030474032153722797
6,atlas,Ck,A_,4,3,0,0.6666666666666666,5.0,120,0.969317712553737,0.9997917447074598,0.030474032153722797
135,atlas,FIo`?,DqO,7,0,4,0.6666666666666666,10.0,120,0.4853111375870057,0.5157443594477873,0.030433221860781567
591,atlas,F~{AG,D~{,7,5,6,0.5555555555555556,5.0,120,0.6741528068346211,0.6440781364789318,0.030074670355689337
208,atlas,Fpq?G,Dpo,7,6,5,0.5555555555555556,10.0,120,0.8104797268473454,0.7804965830877035,0.02998314375964184
207,atlas,Fpq?G,D{C,7,3,2,0.5555555555555556,10.0,120,0.8104797268473454,0.7804965830877049,0.029983143759640507
450,atlas,F~`__,D}G,7,4,0,0.8,10.0,120,0.7701303426798319,0.7991646704340492,0.029034327754217215
451,atlas,F~`__,D{W,7,6,3,0.8,10.0,120,0.7701303426798319,0.7991646704340492,0.029034327754217215
286,atlas,FEtB?,DTO,7,5,1,0.8571428571428571,10.0,120,0.7504063574694426,0.7217680358722718,0.028638321597170835
32,atlas,EhP?,Ci,6,3,2,0.5,5.0,120,0.8224303232425705,0.794169324090696,0.028260999151874522
406,atlas,FjsGG,Djs,7,6,5,0.6,5.0,120,0.8239916974477618,0.8520827327036458,0.028091035255883967
483,atlas,FyVGG,DyS,7,6,5,0.8,10.0,120,0.7602869978667982,0.7327653492250137,0.027521648641784524
75,atlas,E^_O,Cx,6,4,0,0.6666666666666666,5.0,120,0.8474778259918705,0.8749708955141827,0.02749306952231223
397,atlas,FzW_G,DzW,7,6,5,0.5,5.0,120,0.6848573234341376,0.657630861274325,0.027226462159812614
423,atlas,Flea?,D\o,7,6,1,0.6666666666666666,5.0,120,0.8919985242707107,0.9190406857648665,0.027042161494155836
368,atlas,Fju?O,D|C,7,5,0,0.6666666666666666,5.0,120,0.8764727976073595,0.9033659338768646,0.02689313626950507
425,atlas,Fv@cO,DvW,7,4,6,0.6,10.0,120,0.7602658900743399,0.7870337635267458,0.026767873452405944
596,atlas,F~XoO,D~[,7,6,4,0.5,10.0,120,0.4445337022384968,0.47118998387155697,0.026656281633060164
428,atlas,FHS|?,Dl[,7,0,6,0.6,5.0,120,0.7870123726058755,0.813507188711444,0.026494816105568475
352,atlas,Fz`a?,D}_,7,4,0,0.5,10.0,120,0.36039341134901787,0.3868718583694005,0.026478447020382656
314,atlas,FxSAG,DxS,7,5,6,0.5714285714285714,10.0,120,0.7584989015612613,0.7845681192910869,0.026069217729825622
368,atlas,Fju?O,D|C,7,5,0,0.6666666666666666,10.0,120,0.7733064673134249,0.7991646704340492,0.025858203120624257
718,unit_disk,I|OCH?@`_,Gwd?Ko,10,4,1,0.6470588235294118,5.0,120,0.8373389984915814,0.8624571180360078,0.02511811954442633
217,atlas,FIo`G,DqS,7,0,4,0.625,5.0,120,0.9321775320899555,0.9571425786018867,0.02496504651193121
753,unit_disk,JkGRU_ioRT?,Hh^@uHy,11,5,3,0.7083333333333334,5.0,120,0.5891989690816818,0.6139685667475381,0.02476959766585629
358,atlas,Fz`c?,D}?,7,4,0,1.0,5.0,120,0.5513488263854595,0.5760749723277331,0.024726145942273625
359,atlas,Fz`c?,Dwo,7,6,0,1.0,5.0,120,0.5513488263854595,0.5760749723277324,0.02472614594227296
481,atlas,F~@`O,D~W,7,4,6,0.5,10.0,120,0.5447240628948268,0.568416641396145,0.02369257850131823
528,atlas,Fn{_O,D~C,7,5,2,0.75,10.0,120,0.652830977784353,0.6759756240795741,0.023144646295221172
400,atlas,FjsAG,Djs,7,5,6,0.5,5.0,120,0.8751360850634358,0.8520827327036458,0.023053352359790003
737,unit_disk,JOS_IoPUoK_,HWFaNWX,11,0,2,0.625,5.0,120,0.7087050043963842,0.7315920631750203,0.02288705877863617
730,unit_disk,JOF_o`?F_S_,H`op@wT,11,8,1,0.5833333333333334,5.0,120,0.7365932338247989,0.7593402071174907,0.02274697329269182
21,atlas,DJc,Bw,5,0,4,0.6,5.0,120,0.9571425786018872,0.9794610736954107,0.02231849509352346
410,atlas,Fxea?,Dlo,7,6,1,0.6666666666666666,10.0,120,0.7624092086742982,0.7845681192910865,0.02215891061678832
107,atlas,E~@g,C~,6,4,5,0.6666666666666666,5.0,120,0.8261465103610085,0.8478905370681411,0.021744026707132602
247,atlas,F\CoG,D\C,7,6,5,0.5,10.0,120,0.3509597573805449,0.372573880217479,0.02161412283693409
567,atlas,F^Mi?,Dzs,7,6,1,0.6666666666666666,5.0,120,0.6411989839045038,0.6625381622652149,0.021339178360711086
778,unit_disk,K?XzXb??C@_A,I?XzXb?_G,12,11,9,0.6666666666666666,5.0,120,0.15207134399981057,0.17311501244927063,0.021043668449460068
21,atlas,DJc,Bw,5,0,4,0.6,10.0,120,0.7804965830877041,0.7594697668491858,0.02102681623851832
776,unit_disk,K~{esVw?oC?I,I~{cVoA?g,12,10,6,0.9285714285714286,5.0,120,0.5268909208840217,0.5478304597165686,0.020939538832546956
263,atlas,Fepa?,D}O,7,2,5,0.5,5.0,120,0.6450141876227125,0.6240979723390876,0.02091621528362486
709,unit_disk,IOdAGy\P_,GKdrko,10,2,0,0.6666666666666666,5.0,120,0.7238232785160328,0.744631049981255,0.02080777146522217
667,unit_disk,HQAdIbH,FQii_,9,4,8,0.8,10.0,120,0.7516652248802315,0.7311944058659064,0.020470819014325015
669,unit_disk,H@RB`Dr,FKXJW,9,4,1,0.6666666666666666,10.0,120,0.4276749289687332,0.44779908829365145,0.020124159324918234
40,atlas,EiGO,Ch,6,4,2,0.6,5.0,120,0.9493061499801354,0.969317712553737,0.020011562573601593
41,atlas,EiGO,Ch,6,5,3,0.6,5.0,120,0.9493061499801354,0.969317712553737,0.020011562573601593
375,atlas,F~_?g,D~_,7,5,6,0.6,5.0,120,0.8147292324970653,0.8343983275726448,0.019669095075579457
170,atlas,FhG`G,Dsc,7,0,1,0.5,10.0,120,0.5142918882440699,0.533862163692739,0.019570275448669072
642,unit_disk,G_vMv?,Efvo,8,2,7,0.6666666666666666,5.0,120,0.7409033708597289,0.7602792954939654,0.01937592463423654
765,unit_disk,Key[[MF`yo?W,I|e[{|_B?,12,2,4,0.8181818181818182,5.0,120,0.5342018991950824,0.5531395030922236,0.018937603897141164
720,unit_disk,IgM?J@`B_,GkDbGo,10,3,4,0.75,10.0,120,0.46175616846644707,0.4802835661189304,0.018527397652483346
626,atlas,FK\zw,D~{,7,0,3,0.7142857142857143,5.0,120,0.6625872303199977,0.6440781364789318,0.018509093841065916
89,atlas,EYOw,Cr,6,0,2,0.6666666666666666,5.0,120,0.7981186359884456,0.8162416695660463,0.0181230335776007
671,unit_disk,H`?G[~L,F`M~g,9,2,3,0.5333333333333333,5.0,120,0.7896331972420129,0.7717192546975435,0.01791394254446932
117,atlas,FhG`?,Ds_,7,0,1,0.5,5.0,120,0.8023917338354863,0.7845556346290858,0.017836099206400502
790,unit_disk,K_H@UGgPQg?E,I`OuP`I?W,12,3,10,0.8333333333333334,10.0,120,0.3978625141999964,0.4153598401766435,0.017497325976647105
263,atlas,Fepa?,D}O,7,2,5,0.5,10.0,120,0.3693795240417936,0.38687185836940036,0.017492334327606773
477,atlas,F|e_G,D|c,7,6,5,0.6,10.0,120,0.7145797408765947,0.6971628964984192,0.017416844378175478
668,unit_disk,H@RB`Dr,FKxNW,9,0,5,0.6666666666666666,10.0,120,0.4276749289687332,0.4445337022384961,0.016858773269762872
719,unit_disk,I|OCH?@`_,G|OCKK,10,8,7,0.5882352941176471,5.0,120,0.8373389984915814,0.8539934609118358,0.016654462420254368
670,unit_disk,HzxFFSC,FzzfW,9,8,5,0.5,5.0,120,0.4117949693999487,0.39574154765074493,0.016053421749203767
400,atlas,FjsAG,Djs,7,5,6,0.5,10.0,120,0.7131182944752853,0.6971628964984188,0.015955397976866514
737,unit_disk,JOS_IoPUoK_,HWFaNWX,11,0,2,0.625,10.0,120,0.6326053745984115,0.6478230322003389,0.015217657601927392
367,atlas,F~a?G,D~_,7,6,5,0.5,5.0,120,0.8495908373481054,0.8343983275726448,0.015192509775460605
75,atlas,E^_O,Cx,6,4,0,0.6666666666666666,10.0,120,0.5712307223662321,0.5565140787866716,0.014716643579560484
318,atlas,F_{p?,DfG,7,6,2,0.7142857142857143,10.0,120,0.7659399421752472,0.7804965830877035,0.014556640912456342
671,unit_disk,H`?G[~L,F`M~g,9,2,3,0.5333333333333333,10.0,120,0.8393402261292234,0.8533661196404245,0.014025893511201093
614,atlas,FC\zw,D^{,7,0,3,0.5,10.0,120,0.484531669512941,0.47118998387155664,0.013341685641384382
546,atlas,F^Mk?,DzS,7,6,0,0.75,10.0,120,0.6838336353102636,0.6971628964984194,0.013329261188155805
397,atlas,FzW_G,DzW,7,6,5,0.5,10.0,120,0.34875359071072703,0.3620561984020243,0.013302607691297264
748,unit_disk,J`~?GCwpEW_,H`~@uJL,11,7,6,0.5666666666666667,5.0,120,0.6271042162884546,0.6139685667475381,0.013135649540916505
408,atlas,FhMgG,DhK,7,6,5,0.8333333333333334,10.0,120,0.7676766583494257,0.7804965830877041,0.012819924738278421
218,atlas,FIo`G,DQS,7,3,1,0.75,10.0,120,0.7093792196396136,0.7217680358722737,0.012388816232660083
518,atlas,FO~q?,Dfw,7,6,1,0.6,5.0,120,0.8252501036911967,0.813507188711444,0.011742914979752661
277,atlas,FeoJ?,D}C,7,2,6,0.5714285714285714,10.0,120,0.7875276445541254,0.7991646704340477,0.011637025879922325
778,unit_disk,K?XzXb??C@_A,I?XzXb?_G,12,11,9,0.6666666666666666,10.0,120,0.23839884791431443,0.24999737826666785,0.01159853035235342
706,unit_disk,Ih[k`o@c_,Gh[kcc,10,8,7,0.6666666666666666,10.0,120,0.47224963841198925,0.46070722170736456,0.011542416704624692
314,atlas,FxSAG,DxS,7,5,6,0.5714285714285714,5.0,120,0.9075100934170278,0.919040685764866,0.011530592347838153
714,unit_disk,IvvyTYsC?,Gu|TtO,10,9,3,1.0,10.0,120,0.459270756951234,0.4707561493839505,0.011485392432716512
61,atlas,EYWO,CZ,6,5,3,0.6666666666666666,10.0,120,0.5453291188354698,0.5565140787866716,0.011184959951201834
544,atlas,F@`zw,DN{,7,0,4,0.5,10.0,120,0.579572944853065,0.5684166413961452,0.011156303456919758
183,atlas,FHAgg,DDS,7,1,2,0.6666666666666666,5.0,120,0.8189398861476735,0.8299891303728322,0.011049244225158628
586,atlas,F~Xs?,D}w,7,6,0,0.6666666666666666,5.0,120,0.7118979807726702,0.7228052713359555,0.010907290563285321
605,atlas,F}BJg,D}[,7,4,5,0.6666666666666666,5.0,120,0.6727547132218706,0.6625381622652149,0.010216550956655746
721,unit_disk,IaFEKKgE?,GhrKX_,10,2,8,0.6666666666666666,10.0,120,0.34400066967254117,0.3540341335455276,0.010033463872986426
456,atlas,F~@h?,D~G,7,4,5,0.6,5.0,120,0.8247281048921254,0.8343983275726448,0.009670222680519314
706,unit_disk,Ih[k`o@c_,Gh[kcc,10,8,7,0.6666666666666666,5.0,120,0.5943076867077004,0.5850285966418318,0.009279090065868578
285,atlas,FEtB?,D^O,7,2,6,0.5714285714285714,5.0,120,0.894163722089122,0.9033659338768648,0.009202211787742831
739,unit_disk,JJ\|?H~?O?_,H~{NwG@,11,0,6,0.5714285714285714,10.0,120,0.5262736360012175,0.5354330669797146,0.00915943097849714
653,unit_disk,G[GjYC,Ej}G,8,3,0,0.5555555555555556,5.0,120,0.8343958984734112,0.8258581323084389,0.008537766164972371
170,atlas,FhG`G,Dsc,7,0,1,0.5,5.0,120,0.8725170264580578,0.8643296926881474,0.008187333769910432
619,atlas,F~{WG,D~{,7,6,5,0.625,10.0,120,0.8927580969428152,0.9007462754746662,0.007988178531851076
101,atlas,E~AG,C~,6,4,5,0.5714285714285714,5.0,120,0.8558088355722687,0.8478905370681411,0.007918298504127619
586,atlas,F~Xs?,D}w,7,6,0,0.6666666666666666,10.0,120,0.5758300023358927,0.5684166413961442,0.007413360939748426
57,atlas,EG}?,Cf,6,5,0,0.5,10.0,120,0.5638297681888079,0.556514078786672,0.007315689402135894
369,atlas,Fju?O,Dj_,7,6,4,0.8333333333333334,10.0,120,0.7733064673134249,0.7804965830877046,0.007190115774279748
278,atlas,FeoJ?,DeW,7,5,4,0.7142857142857143,10.0,120,0.7875276445541254,0.7804965830877038,0.007031061466421629
381,atlas,Fz`_G,Dz_,7,6,5,0.6666666666666666,10.0,120,0.7923613604436399,0.7991646704340498,0.0068033099904099
380,atlas,Fz`_G,D}C,7,4,0,0.6666666666666666,10.0,120,0.7923613604436399,0.7991646704340477,0.006803309990407791
670,unit_disk,HzxFFSC,FzzfW,9,8,5,0.5,10.0,120,0.31682449512391686,0.3232174388348873,0.0063929437109704335
637,unit_disk,G~aoN_,E~bo,8,6,5,0.6666666666666666,5.0,120,0.6844184228743156,0.6782978940237664,0.006120528850549256
634,unit_disk,G~JsGC,E~Jo,8,7,6,0.6666666666666666,5.0,120,0.6842681082732932,0.6782978940237661,0.00597021424952715
207,atlas,Fpq?G,D{C,7,3,2,0.5555555555555556,5.0,120,0.9511986836262852,0.9571425786018872,0.005943894975601993
208,atlas,Fpq?G,Dpo,7,6,5,0.5555555555555556,5.0,120,0.9511986836262852,0.9571425786018872,0.005943894975601993
277,atlas,FeoJ?,D}C,7,2,6,0.5714285714285714,5.0,120,0.8974692314997679,0.9033659338768653,0.005896702377097385
654,unit_disk,GPae?O,EkoO,8,1,6,0.6,10.0,120,0.5395800751033717,0.5453291188354695,0.005749043732097836
656,unit_disk,GPae?O,EPj?,8,7,4,0.6,10.0,120,0.5395800751033717,0.5453291188354692,0.005749043732097503
477,atlas,F|e_G,D|c,7,6,5,0.6,5.0,120,0.8464055889777548,0.8520827327036455,0.0056771437258907875
197,atlas,Fg?hg,DDs,7,0,1,1.0,10.0,120,0.36693005193136974,0.3725738802174809,0.005643828286111152
456,atlas,F~@h?,D~G,7,4,5,0.6,10.0,120,0.6711469195537486,0.6759756240795731,0.004828704525824512
741,unit_disk,JeBVhFSrml_,HevxMr\,11,4,9,0.8666666666666667,10.0,120,0.7076465226015103,0.7122037042099081,0.004557181608397798
471,atlas,F?~y?,DF{,7,6,1,0.5,10.0,120,0.36660365052006716,0.3620561984020246,0.004547452118042583
784,unit_disk,KBa@`h?`PcOi,IK`bSTcao,12,8,1,0.5517241379310345,5.0,120,0.6529911368262904,0.6486006323821099,0.004390504444180543
722,unit_disk,I`TXExKC?,Gb^yp?,10,6,2,0.5555555555555556,5.0,120,0.7114728049930147,0.7154130142471581,0.003940209254143401
591,atlas,F~{AG,D~{,7,5,6,0.5555555555555556,10.0,120,0.9046577923172215,0.9007462754746662,0.003911516842555307
779,unit_disk,K`ouUs?NpgaC,I`ouUs~LG,12,8,11,0.5526315789473685,5.0,120,0.5420412231021394,0.5381883808020628,0.003852842300076653
539,atlas,FjtWG,Djs,7,6,5,0.75,10.0,120,0.6940791369763808,0.6971628964984188,0.0030837595220379876
367,atlas,F~a?G,D~_,7,6,5,0.5,10.0,120,0.6739676975464446,0.6759756240795742,0.0020079265331296448
691,unit_disk,HGZZRVG,FJ\}_,9,3,5,0.7272727272727273,5.0,120,0.6828785857308342,0.6848761449944023,0.0019975592635681494
784,unit_disk,KBa@`h?`PcOi,IK`bSTcao,12,8,1,0.5517241379310345,10.0,120,0.6742346557094115,0.6727823520961749,0.0014523036132366718
166,atlas,FkoK?,Dp_,7,2,1,0.6666666666666666,5.0,120,0.8314173923577161,0.8299891303728326,0.0014282619848834388
168,atlas,FkoK?,Dk_,7,5,4,0.6666666666666666,5.0,120,0.8314173923577161,0.8299891303728327,0.0014282619848833278
631,unit_disk,Gxw?cG,ExwO,8,5,7,0.5833333333333334,5.0,120,0.8546781629176374,0.8558088355722692,0.001130672654631737
632,unit_disk,Gxw?cG,E~AG,8,6,3,0.5833333333333334,5.0,120,0.8546781629176374,0.8558088355722687,0.0011306726546312929
312,atlas,FwaK_,D{c,7,3,6,0.5,5.0,120,0.9319881925895348,0.9329370525096342,0.0009488599200994097
296,atlas,Fh?JW,D`[,7,3,2,0.7142857142857143,10.0,120,0.7802930954346754,0.7804965830877041,0.00020348765302868888
295,atlas,Fh?JW,D`k,7,0,1,0.7142857142857143,10.0,120,0.7802930954346754,0.7804965830877036,0.00020348765302824479
